Time_s,Displacement_Linear_m,Displacement_Sine_m,Displacement_Exp_m,Displacement_Poly5_m
0.0,0.0,0.0,0.0,0.0
0.002,2.3333333333e-06,3.665174682e-06,1.16497972663e-05,2.579647e-10
0.004,7e-06,1.09954235634e-05,3.47568375869e-05,2.3113533e-09
0.006,1.4e-05,2.19905456816e-05,6.91317493909e-05,9.2067733e-09
0.008,2.33333333333e-05,3.66502396e-05,0.0001145882911441,2.5469284e-08
0.01,3.5e-05,5.49741034155e-05,0.0001709432996141,5.70719074e-08
0.012,4.9e-05,7.69616347702e-05,0.0002380166389906,1.114053474e-07
0.014,6.53333333333e-05,0.0001026122308648,0.0003156311508463,1.972479151e-07
0.016,8.4e-05,0.0001319251884752,0.0004036126049249,3.247356622e-07
0.018,0.000105,0.000164899703972,0.0005017896507433,5.053327222e-07
0.02,0.0001283333333333,0.000201534873342,0.0006099937699926,7.51801858e-07
0.022,0.000154,0.0002418296922137,0.0007280592297266,1.0781752178e-06
0.024,0.000182,0.0002857830558842,0.0008558230363236,1.4997252978e-06
0.026,0.0002123333333333,0.0003333937593499,0.0009931248902097,2.0329361128e-06
0.028,0.000245,0.0003846604973393,0.0011398071413298,2.6954745741e-06
0.03,0.00028,0.0004395818643488,0.001295714745355,3.5061620741e-06
0.032,0.0003173333333333,0.0004981563546814,0.0014606952206139,4.4849462795e-06
0.034,0.000357,0.0005603823624879,0.0016345986057353,5.6528731311e-06
0.036,0.000399,0.0006262581818108,0.0018172774179915,7.0320590511e-06
0.038,0.0004433333333333,0.0006957820066314,0.0020085866123298,8.645663358e-06
0.04,0.00049,0.0007689519309187,0.0022083835410815,1.05178608889e-05
0.042,0.000539,0.0008457659486825,0.0024165279143364,1.26738148289e-05
0.044,0.0005903333333333,0.0009262219540275,0.0026328817609725,1.51396497484e-05
0.046,0.000644,0.0010103177412117,0.00285730939033,1.79424248474e-05
0.048,0.0007,0.0010980510047068,0.0030896773545183,2.11101074074e-05
0.05,0.0007583333333333,0.0011894193392608,0.0033298544113464,2.46715464506e-05
0.052,0.000819,0.0012844202399648,0.0035777114878661,2.86564466067e-05
0.054,0.000882,0.0013830511023211,0.0038331216445173,3.30953421867e-05
0.056,0.0009473333333333,0.0014853092223148,0.0040959600398662,3.80195714647e-05
0.058,0.001015,0.0015911917964879,0.0043661038959265,4.34612511667e-05
0.06,0.001085,0.001700695922016,0.0046434324640533,4.94532511667e-05
0.062,0.0011573333333333,0.0018138185967884,0.0049278269914017,5.60291693906e-05
0.064,0.001232,0.0019305567194896,0.0052191706879383,6.32233069274e-05
0.066,0.001309,0.0020509070896852,0.0055173486939992,7.10706433474e-05
0.068,0.0013883333333333,0.0021748664079089,0.0058222480483839,7.96068122284e-05
0.07,0.00147,0.0023024312757534,0.0061337576569762,8.88680768889e-05
0.072,0.001554,0.0024335981959634,0.0064517682618843,9.88913063289e-05
0.074,0.0016403333333333,0.0025683635725316,0.0067761724110903,0.000109713951378
0.076,0.001729,0.002706723710797,0.007106864428602,0.0001213740210511
0.078,0.00182,0.0028486748175465,0.0074437403850977,0.0001339100591111
0.08,0.0019133333333333,0.002994213001119,0.0077866980690565,0.0001473611208395
0.082,0.002009,0.0031433342715114,0.0081356369583651,0.0001617667500141
0.084,0.002107,0.003296034540489,0.0084904581923947,0.0001771669560941
0.086,0.0022073333333333,0.0034523096216967,0.0088510645445389,0.0001936021916128
0.088,0.00231,0.0036121552307741,0.0092173603952058,0.0002111133297778
0.09,0.002415,0.0037755669854733,0.0095892517052563,0.0002297416422778
0.092,0.0025223333333333,0.0039425404057783,0.0099666459898817,0.000249528777298
0.094,0.002632,0.0041130709140285,0.0103494522929126,0.0002705167377422
0.096,0.002744,0.0042871538350439,0.0107375811615527,0.0002927478596622
0.098,0.0028583333333333,0.0044647843962533,0.0111309446215307,0.0003162647908951
0.1,0.002975,0.004645957727825,0.011529456152662,0.0003411104699074
0.102,0.003094,0.0048306688628008,0.0119330306648146,0.0003673281048474
0.104,0.0032153333333333,0.0050189127372315,0.0123415844742731,0.000394961152804
0.106,0.003339,0.0052106841903162,0.0127550352804919,0.0004240532992733
0.108,0.003465,0.0054059779645436,0.013173302143234,0.0004546484378333
0.11,0.0035933333333333,0.0056047887058364,0.0135963054600867,0.0004867906500247
0.112,0.003724,0.0058071109636975,0.0140239669443496,0.00052052418544
0.114,0.003857,0.0060129391913601,0.0144562096032874,0.00055589344202
0.116,0.0039923333333333,0.0062222677459394,0.0148929577167431,0.0005929429465573
0.118,0.00413,0.0064350908885872,0.0153341368161035,0.0006317173354074
0.12,0.00427,0.0066514027846497,0.0157796736636136,0.0006722613354074
0.122,0.0044123333333333,0.0068711975038269,0.0162294962320317,0.0007146197450017
0.124,0.004557,0.0070944690203355,0.0166835336846221,0.0007588374155756
0.126,0.004704,0.0073212112130742,0.0171417163554769,0.0008049592329956
0.128,0.0048533333333333,0.0075514178657912,0.0176039757301647,0.000853030099358
0.13,0.005005,0.0077850826672549,0.0180702444266979,0.0009030949149444
0.132,0.005159,0.0080221992114266,0.0185404561768153,0.0009551985603844
0.134,0.0053153333333333,0.0082627609976365,0.0190145458075736,0.0010093858790262
0.136,0.005474,0.0085067614307618,0.0194924492232436,0.0010657016595141
0.138,0.005635,0.0087541938214073,0.0199741033875052,0.0011241906185741
0.14,0.0057983333333333,0.009005051386089,0.0204594463059371,0.0011848973840062
0.142,0.005964,0.0092593272474201,0.0209484170087958,0.0012478664778844
0.144,0.006132,0.0095170144342993,0.0214409555340787,0.0013131422999644
0.146,0.0063023333333333,0.0097781058821024,0.0219370029108682,0.001380769111298
0.148,0.006475,0.0100425944328753,0.02243650114295,0.0014507910180556
0.15,0.00665,0.0103104728355309,0.0229393931927033,0.0015232519555556
0.152,0.0068273333333333,0.0105817337460474,0.0234456229652558,0.0015981956725017
0.154,0.007007,0.0108563697276699,0.0239551352929021,0.0016756657154274
0.156,0.007189,0.0111343732511142,0.0244678759197789,0.0017557054133474
0.158,0.0073733333333333,0.0114157366947734,0.0249837914867931,0.0018383578626173
0.16,0.00756,0.0117004523449264,0.0255028295168001,0.001923665912
0.162,0.007749,0.01198851239595,0.0260249384000261,0.00201167214794
0.164,0.0079403333333333,0.0122799089505323,0.026550067379732,0.0021024188800447
0.166,0.008134,0.0125746340198895,0.0270781665381135,0.0021959481267733
0.168,0.00833,0.0128726795239851,0.0276091867824353,0.0022923016013333
0.17,0.0085283333333333,0.0131740372917509,0.0281430798313935,0.002391520697784
0.172,0.008729,0.0134786990613115,0.028679798201704,0.0024936464773474
0.174,0.008932,0.0137866564802107,0.0292192951949124,0.0025987196549274
0.176,0.0091373333333333,0.0140979011056401,0.0297615248844218,0.0027067805858351
0.178,0.009345,0.0144124244046712,0.0303064421027352,0.0028178692527222
0.18,0.009555,0.0147302177544889,0.0308540024289087,0.0029320252527222
0.182,0.0097673333333333,0.0150512724426279,0.0314041621762119,0.003049287784798
0.184,0.009982,0.0153755796672118,0.0319568783799926,0.0031696956372978
0.186,0.010199,0.0157031305371942,0.032512108785742,0.0032932871757178
0.188,0.0104183333333333,0.0160339160726026,0.0330698118373567,0.0034201003306728
0.19,0.01064,0.0163679272047843,0.0336299466655952,0.0035501725860741
0.192,0.010864,0.0167051547766555,0.0341924730767254,0.0036835409675141
0.194,0.0110903333333333,0.017045589542952,0.0347573515413591,0.0038202420308595
0.196,0.011319,0.0173892221704826,0.0353245431834712,0.0039603118510511
0.198,0.01155,0.0177360432383852,0.035894009769601,0.0041037860111111
0.2,0.0117833333333333,0.0180860432383852,0.0364657136982313,0.004250699591358
0.202,0.012019,0.0184392125750558,0.0370396179893432,0.0044010871588289
0.204,0.012257,0.018795541566081,0.0376156862741438,0.0045549827569089
0.206,0.0124973333333333,0.0191550204425217,0.0381938827849636,0.0047124198951684
0.208,0.01274,0.0195176393490829,0.0387741723453204,0.0048734315394074
0.21,0.012985,0.0198833883443841,0.0393565203601484,0.0050380501019074
0.212,0.0132323333333333,0.0202522574012318,0.0399408928061877,0.0052063074318906
0.214,0.013482,0.0206242364068944,0.0405272562225336,0.0053782348061867
0.216,0.013734,0.0209993151633797,0.0411155777013416,0.0055538629201067
0.218,0.0139883333333333,0.0213774833877141,0.0417058248786856,0.0057332218785247
0.22,0.014245,0.0217587307122246,0.0422979659255686,0.0059163411871667
0.222,0.014504,0.0221430466848233,0.0428919695390804,0.0061032497441067
0.224,0.0147653333333333,0.0225304207692936,0.0434878049337025,0.0062939758314706
0.226,0.015029,0.0229208423455794,0.0440854418327562,0.0064885471073474
0.228,0.015295,0.0233143007100759,0.0446848504599924,0.0066869905979074
0.23,0.0155633333333333,0.0237107850759233,0.0452860015313199,0.0068893326897284
0.232,0.015834,0.0241102845733024,0.0458888662466711,0.0070955991223289
0.234,0.016107,0.0245127882497327,0.0464934162820017,0.0073058149809089
0.236,0.0163823333333333,0.0249182850703726,0.0470996237814225,0.007520004689298
0.238,0.01666,0.0253267639183218,0.0477074613494618,0.0077381920031111
0.24,0.01694,0.0257382135949266,0.0483169020434552,0.0079604000031111
0.242,0.0172223333333333,0.026152622820086,0.0489279193660612,0.0081866510887795
0.244,0.017507,0.026569980232562,0.0495404872579011,0.0084169669720941
0.246,0.017794,0.0269902743902901,0.0501545800903197,0.0086513686715141
0.248,0.0180833333333333,0.0274134937706937,0.0507701726582662,0.0088898765061728
0.25,0.018375,0.0278396267709998,0.0513872401732926,0.0091325100902778
0.252,0.018669,0.0282686617085569,0.0520057582566681,0.0093792883277178
0.254,0.0189653333333333,0.0287005868211555,0.0526257029326067,0.009630229406878
0.256,0.019264,0.0291353902673503,0.0532470506216073,0.0098853507956622
0.258,0.019565,0.0295730601267853,0.0538697781339039,0.0101446692367222
0.26,0.0198683333333333,0.0300135844005202,0.0544938626630232,0.0104082007428951
0.262,0.020174,0.0304569510113594,0.0551192817794501,0.0106759605928474
0.264,0.020482,0.0309031478041835,0.0557460134243966,0.0109479633269274
0.266,0.0207923333333333,0.0313521625462819,0.0563740359036746,0.0112242227432239
0.268,0.021105,0.0318039829276887,0.057003327881669,0.0115047518938333
0.27,0.02142,0.0322585965615198,0.0576338683754119,0.0117895630813333
0.272,0.0217373333333333,0.0327159909843129,0.0582656367487529,0.0120786678554647
0.274,0.022057,0.0331761536563688,0.0588986127066275,0.01237207701002
0.276,0.022379,0.0336390719620953,0.0595327762894188,0.01266980057994
0.278,0.0227033333333333,0.0341047332103534,0.0601681078674137,0.0129718478386173
0.28,0.02303,0.0345731246348046,0.0608045881353495,0.0132782272954074
0.282,0.023359,0.0350442333942614,0.0614421981070514,0.0135889466933474
0.284,0.0236903333333333,0.0355180465730393,0.0620809191101586,0.0139040130070817
0.286,0.024024,0.0359945511813105,0.0627207327809372,0.0142234324409956
0.288,0.02436,0.0364737341554606,0.063361621059179,0.0145472104275556
0.29,0.0246983333333333,0.0369555823584462,0.0640035661831852,0.014875351625858
0.292,0.025039,0.0374400825801555,0.0646465506848315,0.0152078599203844
0.294,0.025382,0.0379272215377701,0.0652905573847167,0.0155447384199644
0.296,0.0257273333333333,0.0384169858761295,0.0659355693873901,0.0158859894569462
0.298,0.026075,0.0389093621680968,0.066581570076658,0.0162316145865741
0.3,0.026425,0.0394043369149274,0.0672285431109684,0.0165816145865741
0.302,0.0267773333333333,0.0399018965466385,0.0678764724188714,0.0169359894569462
0.304,0.027132,0.0404020274223815,0.0685253421945547,0.0172947384199644
0.306,0.027489,0.0409047158308157,0.0691751368934532,0.0176578599203844
0.308,0.0278483333333333,0.0414099479904846,0.0698258412279309,0.018025351625858
0.31,0.02821,0.0419177100501932,0.070477440163034,0.0183972104275556
0.312,0.028574,0.0424279880893881,0.0711299189123148,0.0187734324409956
0.314,0.0289403333333333,0.0429407681185393,0.0717832629337241,0.0191540130070817
0.316,0.029309,0.0434560360795231,0.0724374579255715,0.0195389466933474
0.318,0.02968,0.0439737778460082,0.0730924898225528,0.0199282272954074
0.32,0.0300533333333333,0.0444939792238423,0.0737483447918429,0.0203218478386173
0.322,0.030429,0.0450166259514421,0.0744050092292531,0.02071980057994
0.324,0.030807,0.0455417037001834,0.0750624697554522,0.02112207701002
0.326,0.0311873333333333,0.0460691980747946,0.0757207132122499,0.0215286678554647
0.328,0.03157,0.0465990946137508,0.0763797266589416,0.0219395630813333
0.33,0.031955,0.0471313787896708,0.0770394973687139,0.0223547518938333
0.332,0.0323423333333333,0.0476660360097151,0.0777000128251089,0.0227742227432239
0.334,0.032732,0.0482030516159858,0.0783612607185477,0.0231979633269274
0.336,0.033124,0.0487424108859288,0.0790232289429108,0.0236259605928474
0.338,0.0335183333333333,0.0492840990327374,0.0796859055921752,0.0240582007428951
0.34,0.033915,0.0498281012057573,0.0803492789571072,0.0244946692367222
0.342,0.034314,0.0503744024908941,0.0810133375220098,0.0249353507956622
0.344,0.0347153333333333,0.0509229879110222,0.0816780699615236,0.025380229406878
0.346,0.035119,0.0514738424263951,0.082343465137481,0.0258292883277178
0.348,0.035525,0.0520269509350581,0.0830095120958121,0.0262825100902778
0.35,0.0359333333333333,0.052582298273262,0.0836762000635017,0.0267398765061728
0.352,0.036344,0.0531398692158789,0.0843435184455972,0.0272013686715141
0.354,0.036757,0.0536996484768198,0.0850114568222648,0.0276669669720941
0.356,0.0371723333333333,0.0542616207094536,0.0856800049458958,0.0281366510887795
0.358,0.03759,0.0548257705070276,0.0863491527382591,0.0286104000031111
0.36,0.03801,0.05539208240309,0.0870188902877026,0.0290881920031111
0.362,0.0384323333333333,0.0559605408719143,0.087689207846399,0.029570004689298
0.364,0.038857,0.0565311303289243,0.0883600958276387,0.0300558149809089
0.366,0.039284,0.0571038351311218,0.0890315448031663,0.0305455991223289
0.368,0.0397133333333333,0.0576786395775154,0.0897035455005618,0.0310393326897284
0.37,0.040145,0.0582555279095508,0.0903760888006648,0.0315369905979074
0.372,0.040579,0.058834484311543,0.0910491657350415,0.0320385471073474
0.374,0.0410153333333333,0.0594154929111098,0.0917227674834931,0.0325439758314706
0.376,0.041454,0.0599985377796068,0.0923968853716059,0.0330532497441067
0.378,0.041895,0.0605836029325646,0.0930715108683416,0.0335663411871667
0.38,0.0423383333333333,0.0611706723301264,0.0937466355836679,0.0340832218785247
0.382,0.042784,0.0617597298774881,0.094422251266227,0.0346038629201067
0.384,0.043232,0.0623507594253396,0.0950983498010444,0.0351282348061867
0.386,0.0436823333333333,0.062943744770307,0.0957749232072744,0.0356563074318906
0.388,0.044135,0.0635386696553978,0.0964519636359827,0.0361880501019074
0.39,0.04459,0.0641355177704457,0.0971294633679669,0.0367234315394074
0.392,0.0450473333333333,0.0647342727525581,0.0978074148116114,0.0372624198951684
0.394,0.045507,0.0653349181865646,0.0984858105007793,0.0378049827569089
0.396,0.045969,0.0659374376054674,0.099164643092738,0.0383510871588289
0.398,0.0464333333333333,0.0665418144908921,0.0998439053661193,0.038900699591358
0.4,0.0469,0.0671480322735412,0.1005235902189143,0.0394537860111111
0.402,0.047369,0.067756074333648,0.1012036906664994,0.0400103118510511
0.404,0.0478403333333333,0.0683659240014321,0.101884199839697,0.0405702420308595
0.406,0.048314,0.0689775645575569,0.1025651109828669,0.0411335409675141
0.408,0.04879,0.0695909792335876,0.1032464174520299,0.0417001725860741
0.41,0.0492683333333333,0.070206151212451,0.1039281127130221,0.0422701003306728
0.412,0.049749,0.0708230636288965,0.1046101903396797,0.0428432871757178
0.414,0.050232,0.0714416995699586,0.1052926440120542,0.0434196956372978
0.416,0.0507173333333333,0.0720620420754204,0.1059754675146566,0.043999287784798
0.418,0.051205,0.0726840741382789,0.1066586547347309,0.0445820252527222
0.42,0.051695,0.0733077787052108,0.1073421996605561,0.0451678692527222
0.422,0.0521873333333333,0.0739331386770402,0.1080260963797761,0.045756780585835
0.424,0.052682,0.0745601369092078,0.1087103390777576,0.0463487196549274
0.426,0.053179,0.0751887562122403,0.1093949220359746,0.0469436464773474
0.428,0.0536783333333333,0.0758189793522218,0.1100798396304201,0.0475415206977839
0.43,0.05418,0.0764507890512667,0.1107650863300438,0.0481423016013333
0.432,0.054684,0.077084167987993,0.1114506566952156,0.0487459481267733
0.434,0.0551903333333333,0.077719098797997,0.1121365453762144,0.0493524188800447
0.436,0.055699,0.0783555640743299,0.1128227471117424,0.04996167214794
0.438,0.05621,0.0789935463679747,0.1135092567274634,0.050573665912
0.44,0.0567233333333333,0.0796330281883245,0.1141960691345654,0.0511883578626173
0.442,0.057239,0.0802739920036622,0.1148831793283471,0.0518057054133474
0.444,0.057757,0.080916420241641,0.1155705823868276,0.0524256657154274
0.446,0.0582773333333333,0.0815602952897662,0.1162582734693792,0.0530481956725017
0.448,0.0588,0.0822055994958782,0.1169462478153826,0.0536732519555556
0.45,0.059325,0.0828523151686361,0.117634500742905,0.0543007910180556
0.452,0.0598523333333333,0.0835004245780031,0.1183230276473988,0.054930769111298
0.454,0.060382,0.0841499099557323,0.1190118240004229,0.0555631422999644
0.456,0.060914,0.0848007534958541,0.1197008853483849,0.0561978664778845
0.458,0.0614483333333333,0.085452937355164,0.1203902073113037,0.0568348973840062
0.46,0.061985,0.086106443653712,0.121079785581593,0.0574741906185741
0.462,0.062524,0.0867612544752929,0.1217696159228645,0.0581157016595141
0.464,0.0630653333333334,0.0874173518679372,0.1224596941687514,0.0587593858790262
0.466,0.063609,0.0880747178444036,0.1231500162217509,0.0594051985603844
0.468,0.064155,0.0887333343826715,0.1238405780520857,0.0600530949149444
0.47,0.0647033333333334,0.089393183426436,0.1245313756965852,0.060703030099358
0.472,0.065254,0.0900542468856023,0.1252224052575839,0.0613549592329956
0.474,0.065807,0.0907165066367816,0.1259136629018395,0.0620088374155756
0.476,0.0663623333333334,0.0913799445237883,0.1266051448594671,0.0626646197450017
0.478,0.06692,0.0920445423581376,0.1272968474228929,0.0633222613354074
0.48,0.06748,0.0927102819195442,0.1279887669458238,0.0639817173354074
0.482,0.0680423333333333,0.0933771449564217,0.1286808998422345,0.0646429429465573
0.484,0.068607,0.0940451131863831,0.1293732425853716,0.06530589344202
0.486,0.069174,0.094714168296742,0.1300657917067739,0.06597052418544
0.488,0.0697433333333333,0.0953842919450144,0.1307585437953086,0.0666367906500247
0.49,0.070315,0.0960554657594221,0.1314514954962242,0.0673046484378334
0.492,0.070889,0.096727671339396,0.1321446435102182,0.0679740532992734
0.494,0.0714653333333334,0.0974008902560804,0.1328379845925207,0.068644961152804
0.496,0.072044,0.0980751040528388,0.1335315155519934,0.0693173281048474
0.498,0.072625,0.0987502942457593,0.1342252332502426,0.0699911104699074
0.5,0.0732083333333334,0.0994264423241616,0.1349191346007479,0.0706662647908951
0.502,0.073794,0.1001035297511047,0.1356132165680045,0.0713427478596622
0.504,0.074382,0.1007815379638948,0.13630747616668,0.0720205167377423
0.506,0.0749723333333333,0.1014604483745941,0.1370019104607854,0.0726995287772981
0.508,0.075565,0.1021402423705308,0.1376965165628592,0.0733797416422778
0.51,0.07616,0.1028209013148092,0.1383912916331654,0.0740611133297778
0.512,0.0767573333333334,0.1035024065468204,0.1390862328789047,0.0747436021916129
0.514,0.077357,0.1041847393827543,0.139781337553439,0.0754271669560941
0.516,0.077959,0.1048678811161114,0.1404766029555278,0.0761117667500141
0.518,0.0785633333333334,0.1055518130182161,0.1411720264285782,0.0767973611208395
0.52,0.07917,0.1062365163387298,0.1418676053599072,0.0774839100591111
0.522,0.079779,0.106921972306165,0.1425633371800153,0.0781713740210511
0.524,0.0803903333333333,0.1076081621284002,0.1432592193618733,0.0788597139513781
0.526,0.081004,0.1082950669931948,0.1439552494202201,0.0795488913063289
0.528,0.08162,0.1089826680687048,0.1446514249108724,0.0802388680768889
0.53,0.0822383333333334,0.1096709465039996,0.1453477434300454,0.0809296068122284
0.532,0.082859,0.1103598834295781,0.1460442026136858,0.0816210706433474
0.534,0.083482,0.1110494599578864,0.1467408001368144,0.0823132233069274
0.536,0.0841073333333333,0.1117396571838358,0.1474375337128806,0.0830060291693906
0.538,0.084735,0.1124304561853205,0.148134401093127,0.0836994532511667
0.54,0.085365,0.1131218380237371,0.1488314000659652,0.0843934612511667
0.542,0.0859973333333333,0.1138137837445032,0.149528528456361,0.0850880195714647
0.544,0.086632,0.1145062743775773,0.1502257841252301,0.0857830953421867
0.546,0.087269,0.1151992909379789,0.1509231649688445,0.0864786564466067
0.548,0.0879083333333334,0.1158928144263089,0.1516206689182477,0.0871746715464506
0.55,0.08855,0.1165868258292706,0.1523182939386799,0.0878711101074074
0.552,0.089194,0.1172813061201907,0.153016038029013,0.0885679424248474
0.554,0.0898403333333334,0.1179762362595413,0.1537138992211948,0.0892651396497484
0.556,0.090489,0.1186715971954616,0.1544118755797018,0.0899626738148289
0.558,0.09114,0.1193673698642802,0.1551099652010021,0.0906605178608889
0.56,0.0917933333333334,0.120063535191038,0.1558081662130264,0.091358645663358
0.562,0.092449,0.1207600740900109,0.1565064767746481,0.0920570320590511
0.564,0.093107,0.121456967465233,0.1572048950751715,0.0927556528731311
0.566,0.0937673333333333,0.1221541962110206,0.1579034193338292,0.0934544849462795
0.568,0.09443,0.1228517412124952,0.1586020477992874,0.0941535061620741
0.57,0.095095,0.1235495833461084,0.159300778749159,0.0948526954745741
0.572,0.0957623333333334,0.1242477034801656,0.1599996104895257,0.0955520329361128
0.574,0.096432,0.1249460824753505,0.1606985413544672,0.0962514997252978
0.576,0.097104,0.1256447011852502,0.1613975697055984,0.0969510781752178
0.578,0.0977783333333334,0.1263435404568801,0.1620966939316142,0.097650751801858
0.58,0.098455,0.1270425811312083,0.1627959124478422,0.0983505053327222
0.582,0.099134,0.1277418040436816,0.1634952236958024,0.0990503247356622
0.584,0.0998153333333333,0.1284411900247508,0.1641946261427739,0.0997501972479151
0.586,0.100499,0.1291407199003959,0.1648941182813697,0.1004501114053474
0.588,0.101185,0.1298403744926519,0.1655936986291177,0.1011500570719074
0.59,0.1018733333333333,0.1305401346201348,0.1662933657280487,0.101850025469284
0.592,0.102564,0.1312399810985672,0.166993118144292,0.1025500092067734
0.594,0.103257,0.1319398947413044,0.1676929544676762,0.1032500023113533
0.596,0.1039523333333333,0.1326398563598602,0.1683928733113385,0.1039500002579647
0.598,0.10465,0.1333398467644334,0.1690928733113385,0.10465
0.6,0.10535,0.1340398467644334,0.1697928733113385,0.10535
0.602,0.10605,0.1347398467644334,0.1704928733113385,0.10605
0.604,0.10675,0.1354398467644334,0.1711928733113384,0.10675
0.606,0.10745,0.1361398467644334,0.1718928733113384,0.10745
0.608,0.10815,0.1368398467644334,0.1725928733113384,0.10815
0.61,0.10885,0.1375398467644334,0.1732928733113384,0.10885
0.612,0.10955,0.1382398467644334,0.1739928733113384,0.10955
0.614,0.11025,0.1389398467644333,0.1746928733113384,0.11025
0.616,0.11095,0.1396398467644333,0.1753928733113384,0.11095
0.618,0.11165,0.1403398467644333,0.1760928733113384,0.11165
0.62,0.11235,0.1410398467644333,0.1767928733113384,0.11235
0.622,0.11305,0.1417398467644333,0.1774928733113384,0.11305
0.624,0.11375,0.1424398467644333,0.1781928733113384,0.11375
0.626,0.11445,0.1431398467644332,0.1788928733113383,0.11445
0.628,0.11515,0.1438398467644332,0.1795928733113383,0.11515
0.63,0.11585,0.1445398467644332,0.1802928733113383,0.11585
0.632,0.11655,0.1452398467644332,0.1809928733113383,0.11655
0.634,0.1172500000000001,0.1459398467644332,0.1816928733113383,0.1172500000000001
0.636,0.1179500000000001,0.1466398467644332,0.1823928733113383,0.1179500000000001
0.638,0.11865,0.1473398467644332,0.1830928733113382,0.11865
0.64,0.1193500000000001,0.1480398467644332,0.1837928733113382,0.1193500000000001
0.642,0.1200500000000001,0.1487398467644332,0.1844928733113382,0.1200500000000001
0.644,0.1207500000000001,0.1494398467644332,0.1851928733113382,0.1207500000000001
0.646,0.1214500000000001,0.1501398467644332,0.1858928733113382,0.1214500000000001
0.648,0.1221500000000001,0.1508398467644331,0.1865928733113382,0.1221500000000001
0.65,0.1228500000000001,0.1515398467644331,0.1872928733113382,0.1228500000000001
0.652,0.1235500000000001,0.1522398467644331,0.1879928733113382,0.1235500000000001
0.654,0.1242500000000001,0.1529398467644331,0.1886928733113382,0.1242500000000001
0.656,0.1249500000000001,0.1536398467644331,0.1893928733113382,0.1249500000000001
0.658,0.1256500000000001,0.1543398467644331,0.1900928733113382,0.1256500000000001
0.66,0.1263500000000001,0.1550398467644331,0.1907928733113381,0.1263500000000001
0.662,0.1270500000000001,0.155739846764433,0.1914928733113381,0.1270500000000001
0.664,0.1277500000000001,0.156439846764433,0.1921928733113381,0.1277500000000001
0.666,0.1284500000000001,0.157139846764433,0.1928928733113381,0.1284500000000001
0.668,0.1291500000000001,0.157839846764433,0.1935928733113381,0.1291500000000001
0.67,0.1298500000000001,0.158539846764433,0.1942928733113381,0.1298500000000001
0.672,0.1305500000000001,0.159239846764433,0.194992873311338,0.1305500000000001
0.674,0.13125,0.159939846764433,0.195692873311338,0.13125
0.676,0.13195,0.160639846764433,0.196392873311338,0.13195
0.678,0.13265,0.161339846764433,0.197092873311338,0.13265
0.68,0.13335,0.162039846764433,0.197792873311338,0.13335
0.682,0.13405,0.162739846764433,0.198492873311338,0.13405
0.684,0.13475,0.1634398467644329,0.199192873311338,0.13475
0.686,0.13545,0.1641398467644329,0.199892873311338,0.13545
0.688,0.13615,0.1648398467644329,0.200592873311338,0.13615
0.69,0.13685,0.1655398467644329,0.201292873311338,0.13685
0.692,0.13755,0.1662398467644329,0.201992873311338,0.13755
0.694,0.13825,0.1669398467644329,0.202692873311338,0.13825
0.696,0.1389499999999999,0.1676398467644328,0.2033928733113379,0.1389499999999999
0.698,0.1396499999999999,0.1683398467644329,0.2040928733113379,0.1396499999999999
0.7,0.1403499999999999,0.1690398467644328,0.2047928733113379,0.1403499999999999
0.702,0.1410499999999999,0.1697398467644328,0.2054928733113379,0.1410499999999999
0.704,0.1417499999999999,0.1704398467644328,0.2061928733113379,0.1417499999999999
0.706,0.1424499999999999,0.1711398467644328,0.2068928733113379,0.1424499999999999
0.708,0.1431499999999998,0.1718398467644328,0.2075928733113378,0.1431499999999998
0.71,0.1438499999999999,0.1725398467644328,0.2082928733113378,0.1438499999999999
0.712,0.1445499999999998,0.1732398467644328,0.2089928733113378,0.1445499999999998
0.714,0.1452499999999998,0.1739398467644328,0.2096928733113378,0.1452499999999998
0.716,0.1459499999999998,0.1746398467644328,0.2103928733113378,0.1459499999999998
0.718,0.1466499999999998,0.1753398467644327,0.2110928733113378,0.1466499999999998
0.72,0.1473499999999998,0.1760398467644328,0.2117928733113378,0.1473499999999998
0.722,0.1480499999999998,0.1767398467644327,0.2124928733113378,0.1480499999999998
0.724,0.1487499999999998,0.1774398467644327,0.2131928733113378,0.1487499999999998
0.726,0.1494499999999998,0.1781398467644327,0.2138928733113378,0.1494499999999998
0.728,0.1501499999999998,0.1788398467644327,0.2145928733113378,0.1501499999999998
0.73,0.1508499999999997,0.1795398467644326,0.2152928733113377,0.1508499999999997
0.732,0.1515499999999998,0.1802398467644327,0.2159928733113377,0.1515499999999998
0.734,0.1522499999999997,0.1809398467644326,0.2166928733113377,0.1522499999999997
0.736,0.1529499999999997,0.1816398467644326,0.2173928733113377,0.1529499999999997
0.738,0.1536499999999997,0.1823398467644326,0.2180928733113377,0.1536499999999997
0.74,0.1543499999999997,0.1830398467644326,0.2187928733113377,0.1543499999999997
0.742,0.1550499999999996,0.1837398467644326,0.2194928733113376,0.1550499999999996
0.744,0.1557499999999997,0.1844398467644326,0.2201928733113376,0.1557499999999997
0.746,0.1564499999999996,0.1851398467644326,0.2208928733113376,0.1564499999999996
0.748,0.1571499999999996,0.1858398467644326,0.2215928733113376,0.1571499999999996
0.75,0.1578499999999996,0.1865398467644326,0.2222928733113376,0.1578499999999996
0.752,0.1585499999999996,0.1872398467644325,0.2229928733113376,0.1585499999999996
0.754,0.1592499999999996,0.1879398467644326,0.2236928733113376,0.1592499999999996
0.756,0.1599499999999996,0.1886398467644325,0.2243928733113376,0.1599499999999996
0.758,0.1606499999999996,0.1893398467644325,0.2250928733113376,0.1606499999999996
0.76,0.1613499999999996,0.1900398467644325,0.2257928733113376,0.1613499999999996
0.762,0.1620499999999996,0.1907398467644325,0.2264928733113376,0.1620499999999996
0.764,0.1627499999999996,0.1914398467644325,0.2271928733113376,0.1627499999999996
0.766,0.1634499999999996,0.1921398467644325,0.2278928733113376,0.1634499999999996
0.768,0.1641499999999995,0.1928398467644324,0.2285928733113375,0.1641499999999995
0.77,0.1648499999999995,0.1935398467644324,0.2292928733113375,0.1648499999999995
0.772,0.1655499999999995,0.1942398467644324,0.2299928733113375,0.1655499999999995
0.774,0.1662499999999995,0.1949398467644324,0.2306928733113375,0.1662499999999995
0.776,0.1669499999999995,0.1956398467644324,0.2313928733113375,0.1669499999999995
0.778,0.1676499999999995,0.1963398467644324,0.2320928733113374,0.1676499999999995
0.78,0.1683499999999994,0.1970398467644324,0.2327928733113374,0.1683499999999994
0.782,0.1690499999999994,0.1977398467644324,0.2334928733113374,0.1690499999999994
0.784,0.1697499999999994,0.1984398467644324,0.2341928733113374,0.1697499999999994
0.786,0.1704499999999994,0.1991398467644324,0.2348928733113374,0.1704499999999994
0.788,0.1711499999999994,0.1998398467644324,0.2355928733113374,0.1711499999999994
0.79,0.1718499999999994,0.2005398467644323,0.2362928733113374,0.1718499999999994
0.792,0.1725499999999994,0.2012398467644323,0.2369928733113374,0.1725499999999994
0.794,0.1732499999999994,0.2019398467644323,0.2376928733113374,0.1732499999999994
0.796,0.1739499999999994,0.2026398467644323,0.2383928733113374,0.1739499999999994
0.798,0.1746499999999994,0.2033398467644323,0.2390928733113374,0.1746499999999994
0.8,0.1753499999999994,0.2040398467644323,0.2397928733113374,0.1753499999999994
0.802,0.1760499999999994,0.2047398467644323,0.2404928733113373,0.1760499999999994
0.804,0.1767499999999993,0.2054398467644322,0.2411928733113373,0.1767499999999993
0.806,0.1774499999999993,0.2061398467644322,0.2418928733113373,0.1774499999999993
0.808,0.1781499999999993,0.2068398467644322,0.2425928733113373,0.1781499999999993
0.81,0.1788499999999993,0.2075398467644322,0.2432928733113373,0.1788499999999993
0.812,0.1795499999999993,0.2082398467644322,0.2439928733113372,0.1795499999999993
0.814,0.1802499999999993,0.2089398467644322,0.2446928733113372,0.1802499999999993
0.816,0.1809499999999992,0.2096398467644322,0.2453928733113372,0.1809499999999992
0.818,0.1816499999999992,0.2103398467644322,0.2460928733113372,0.1816499999999992
0.82,0.1823499999999992,0.2110398467644322,0.2467928733113372,0.1823499999999992
0.822,0.1830499999999992,0.2117398467644322,0.2474928733113372,0.1830499999999992
0.824,0.1837499999999992,0.2124398467644322,0.2481928733113372,0.1837499999999992
0.826,0.1844499999999992,0.2131398467644321,0.2488928733113372,0.1844499999999992
0.828,0.1851499999999992,0.2138398467644321,0.2495928733113372,0.1851499999999992
0.83,0.1858499999999992,0.2145398467644321,0.2502928733113372,0.1858499999999992
0.832,0.1865499999999992,0.2152398467644321,0.2509928733113372,0.1865499999999992
0.834,0.1872499999999992,0.2159398467644321,0.2516928733113372,0.1872499999999992
0.836,0.1879499999999992,0.2166398467644321,0.2523928733113372,0.1879499999999992
0.838,0.1886499999999991,0.217339846764432,0.2530928733113371,0.1886499999999991
0.84,0.1893499999999991,0.218039846764432,0.2537928733113371,0.1893499999999991
0.842,0.1900499999999991,0.218739846764432,0.2544928733113371,0.1900499999999991
0.844,0.1907499999999991,0.219439846764432,0.2551928733113371,0.1907499999999991
0.846,0.1914499999999991,0.220139846764432,0.2558928733113371,0.1914499999999991
0.848,0.1921499999999991,0.220839846764432,0.256592873311337,0.1921499999999991
0.85,0.192849999999999,0.221539846764432,0.2572928733113371,0.192849999999999
0.852,0.193549999999999,0.222239846764432,0.2579928733113371,0.193549999999999
0.854,0.194249999999999,0.222939846764432,0.258692873311337,0.194249999999999
0.856,0.194949999999999,0.223639846764432,0.259392873311337,0.194949999999999
0.858,0.195649999999999,0.224339846764432,0.260092873311337,0.195649999999999
0.86,0.196349999999999,0.2250398467644319,0.260792873311337,0.196349999999999
0.862,0.197049999999999,0.225739846764432,0.261492873311337,0.197049999999999
0.864,0.197749999999999,0.2264398467644319,0.262192873311337,0.197749999999999
0.866,0.198449999999999,0.2271398467644319,0.262892873311337,0.198449999999999
0.868,0.199149999999999,0.2278398467644319,0.263592873311337,0.199149999999999
0.87,0.199849999999999,0.2285398467644318,0.264292873311337,0.199849999999999
0.872,0.2005499999999989,0.2292398467644319,0.264992873311337,0.2005499999999989
0.874,0.2012499999999989,0.2299398467644318,0.265692873311337,0.2012499999999989
0.876,0.2019499999999989,0.2306398467644318,0.266392873311337,0.2019499999999989
0.878,0.2026499999999989,0.2313398467644318,0.2670928733113369,0.2026499999999989
0.88,0.2033499999999989,0.2320398467644318,0.2677928733113369,0.2033499999999989
0.882,0.2040499999999989,0.2327398467644318,0.2684928733113369,0.2040499999999989
0.884,0.2047499999999989,0.2334398467644318,0.2691928733113369,0.2047499999999989
0.886,0.2054499999999988,0.2341398467644318,0.2698928733113369,0.2054499999999988
0.888,0.2061499999999988,0.2348398467644318,0.2705928733113368,0.2061499999999988
0.89,0.2068499999999988,0.2355398467644318,0.2712928733113368,0.2068499999999988
0.892,0.2075499999999988,0.2362398467644318,0.2719928733113368,0.2075499999999988
0.894,0.2082499999999988,0.2369398467644318,0.2726928733113368,0.2082499999999988
0.896,0.2089499999999988,0.2376398467644318,0.2733928733113368,0.2089499999999988
0.898,0.2096499999999988,0.2383398467644317,0.2740928733113368,0.2096499999999988
0.9,0.2103499999999988,0.2390398467644317,0.2747928733113368,0.2103499999999988
0.902,0.2110499999999988,0.2397398467644317,0.2754928733113368,0.2110499999999988
0.904,0.2117499999999988,0.2404398467644316,0.2761928733113368,0.2117499999999988
0.906,0.2124499999999988,0.2411398467644317,0.2768928733113368,0.2124499999999988
0.908,0.2131499999999987,0.2418398467644316,0.2775928733113368,0.2131499999999987
0.91,0.2138499999999987,0.2425398467644316,0.2782928733113368,0.2138499999999987
0.912,0.2145499999999987,0.2432398467644316,0.2789928733113367,0.2145499999999987
0.914,0.2152499999999987,0.2439398467644316,0.2796928733113368,0.2152499999999987
0.916,0.2159499999999987,0.2446398467644316,0.2803928733113367,0.2159499999999987
0.918,0.2166499999999987,0.2453398467644316,0.2810928733113367,0.2166499999999987
0.92,0.2173499999999986,0.2460398467644316,0.2817928733113367,0.2173499999999986
0.922,0.2180499999999986,0.2467398467644316,0.2824928733113366,0.2180499999999986
0.924,0.2187499999999986,0.2474398467644316,0.2831928733113366,0.2187499999999986
0.926,0.2194499999999986,0.2481398467644316,0.2838928733113366,0.2194499999999986
0.928,0.2201499999999986,0.2488398467644316,0.2845928733113366,0.2201499999999986
0.93,0.2208499999999986,0.2495398467644316,0.2852928733113366,0.2208499999999986
0.932,0.2215499999999986,0.2502398467644315,0.2859928733113366,0.2215499999999986
0.934,0.2222499999999986,0.2509398467644316,0.2866928733113366,0.2222499999999986
0.936,0.2229499999999986,0.2516398467644315,0.2873928733113366,0.2229499999999986
0.938,0.2236499999999986,0.2523398467644315,0.2880928733113366,0.2236499999999986
0.94,0.2243499999999986,0.2530398467644315,0.2887928733113366,0.2243499999999986
0.942,0.2250499999999985,0.2537398467644314,0.2894928733113366,0.2250499999999985
0.944,0.2257499999999986,0.2544398467644314,0.2901928733113366,0.2257499999999986
0.946,0.2264499999999985,0.2551398467644314,0.2908928733113365,0.2264499999999985
0.948,0.2271499999999985,0.2558398467644314,0.2915928733113366,0.2271499999999985
0.95,0.2278499999999985,0.2565398467644314,0.2922928733113365,0.2278499999999985
0.952,0.2285499999999985,0.2572398467644314,0.2929928733113365,0.2285499999999985
0.954,0.2292499999999985,0.2579398467644314,0.2936928733113365,0.2292499999999985
0.956,0.2299499999999984,0.2586398467644314,0.2943928733113364,0.2299499999999984
0.958,0.2306499999999984,0.2593398467644314,0.2950928733113365,0.2306499999999984
0.96,0.2313499999999984,0.2600398467644314,0.2957928733113364,0.2313499999999984
0.962,0.2320499999999984,0.2607398467644314,0.2964928733113364,0.2320499999999984
0.964,0.2327499999999984,0.2614398467644314,0.2971928733113364,0.2327499999999984
0.966,0.2334499999999984,0.2621398467644314,0.2978928733113364,0.2334499999999984
0.968,0.2341499999999984,0.2628398467644314,0.2985928733113364,0.2341499999999984
0.97,0.2348499999999984,0.2635398467644313,0.2992928733113364,0.2348499999999984
0.972,0.2355499999999984,0.2642398467644314,0.2999928733113364,0.2355499999999984
0.974,0.2362499999999984,0.2649398467644314,0.3006928733113364,0.2362499999999984
0.976,0.2369499999999984,0.2656398467644313,0.3013928733113364,0.2369499999999984
0.978,0.2376499999999984,0.2663398467644313,0.3020928733113364,0.2376499999999984
0.98,0.2383499999999983,0.2670398467644312,0.3027928733113364,0.2383499999999983
0.982,0.2390499999999983,0.2677398467644312,0.3034928733113364,0.2390499999999983
0.984,0.2397499999999983,0.2684398467644313,0.3041928733113363,0.2397499999999983
0.986,0.2404499999999983,0.2691398467644312,0.3048928733113363,0.2404499999999983
0.988,0.2411499999999983,0.2698398467644312,0.3055928733113363,0.2411499999999983
0.99,0.2418499999999982,0.2705398467644312,0.3062928733113363,0.2418499999999982
0.992,0.2425499999999982,0.2712398467644312,0.3069928733113363,0.2425499999999982
0.994,0.2432499999999982,0.2719398467644312,0.3076928733113362,0.2432499999999982
0.996,0.2439499999999982,0.2726398467644312,0.3083928733113362,0.2439499999999982
0.998,0.2446499999999982,0.2733398467644312,0.3090928733113362,0.2446499999999982
1.0,0.2453499999999982,0.2740398467644312,0.3097928733113362,0.2453499999999982
1.002,0.2460499999999982,0.2747398467644312,0.3104928733113362,0.2460499999999982
1.004,0.2467499999999982,0.2754398467644311,0.3111928733113362,0.2467499999999982
1.006,0.2474499999999982,0.2761398467644312,0.3118928733113362,0.2474499999999982
1.008,0.2481499999999982,0.2768398467644312,0.3125928733113362,0.2481499999999982
1.01,0.2488499999999982,0.2775398467644311,0.3132928733113362,0.2488499999999982
1.012,0.2495499999999982,0.2782398467644311,0.3139928733113362,0.2495499999999982
1.014,0.2502499999999982,0.278939846764431,0.3146928733113362,0.2502499999999982
1.016,0.2509499999999981,0.2796398467644311,0.3153928733113362,0.2509499999999981
1.018,0.2516499999999981,0.2803398467644311,0.3160928733113361,0.2516499999999981
1.02,0.2523499999999981,0.281039846764431,0.3167928733113361,0.2523499999999981
1.022,0.2530499999999981,0.281739846764431,0.3174928733113361,0.2530499999999981
1.024,0.2537499999999981,0.282439846764431,0.3181928733113361,0.2537499999999981
1.026,0.254449999999998,0.283139846764431,0.3188928733113361,0.254449999999998
1.028,0.255149999999998,0.283839846764431,0.319592873311336,0.255149999999998
1.03,0.255849999999998,0.284539846764431,0.320292873311336,0.255849999999998
1.032,0.256549999999998,0.285239846764431,0.320992873311336,0.256549999999998
1.034,0.257249999999998,0.285939846764431,0.321692873311336,0.257249999999998
1.036,0.257949999999998,0.286639846764431,0.322392873311336,0.257949999999998
1.038,0.258649999999998,0.287339846764431,0.323092873311336,0.258649999999998
1.04,0.259349999999998,0.288039846764431,0.323792873311336,0.259349999999998
1.042,0.260049999999998,0.288739846764431,0.324492873311336,0.260049999999998
1.044,0.260749999999998,0.2894398467644309,0.325192873311336,0.260749999999998
1.046,0.261449999999998,0.2901398467644309,0.325892873311336,0.261449999999998
1.048,0.262149999999998,0.2908398467644309,0.326592873311336,0.262149999999998
1.05,0.2628499999999979,0.2915398467644309,0.327292873311336,0.2628499999999979
1.052,0.2635499999999979,0.2922398467644309,0.3279928733113359,0.2635499999999979
1.054,0.2642499999999979,0.2929398467644308,0.3286928733113359,0.2642499999999979
1.056,0.2649499999999979,0.2936398467644308,0.329392873311336,0.2649499999999979
1.058,0.2656499999999979,0.2943398467644308,0.3300928733113359,0.2656499999999979
1.06,0.2663499999999978,0.2950398467644308,0.3307928733113359,0.2663499999999978
1.062,0.2670499999999978,0.2957398467644308,0.3314928733113358,0.2670499999999978
1.064,0.2677499999999978,0.2964398467644308,0.3321928733113358,0.2677499999999978
1.066,0.2684499999999978,0.2971398467644308,0.3328928733113359,0.2684499999999978
1.068,0.2691499999999978,0.2978398467644308,0.3335928733113358,0.2691499999999978
1.07,0.2698499999999978,0.2985398467644308,0.3342928733113358,0.2698499999999978
1.072,0.2705499999999978,0.2992398467644308,0.3349928733113358,0.2705499999999978
1.074,0.2712499999999978,0.2999398467644308,0.3356928733113358,0.2712499999999978
1.076,0.2719499999999978,0.3006398467644308,0.3363928733113358,0.2719499999999978
1.078,0.2726499999999978,0.3013398467644307,0.3370928733113358,0.2726499999999978
1.08,0.2733499999999978,0.3020398467644307,0.3377928733113358,0.2733499999999978
1.082,0.2740499999999978,0.3027398467644307,0.3384928733113358,0.2740499999999978
1.084,0.2747499999999977,0.3034398467644307,0.3391928733113358,0.2747499999999977
1.086,0.2754499999999977,0.3041398467644307,0.3398928733113357,0.2754499999999977
1.088,0.2761499999999978,0.3048398467644306,0.3405928733113358,0.2761499999999978
1.09,0.2768499999999977,0.3055398467644306,0.3412928733113358,0.2768499999999977
1.092,0.2775499999999977,0.3062398467644306,0.3419928733113357,0.2775499999999977
1.094,0.2782499999999976,0.3069398467644306,0.3426928733113357,0.2782499999999976
1.096,0.2789499999999976,0.3076398467644306,0.3433928733113356,0.2789499999999976
1.098,0.2796499999999977,0.3083398467644306,0.3440928733113356,0.2796499999999977
1.1,0.2803499999999976,0.3090398467644306,0.3447928733113357,0.2803499999999976
1.102,0.2810499999999976,0.3097398467644306,0.3454928733113356,0.2810499999999976
1.104,0.2817499999999976,0.3104398467644306,0.3461928733113356,0.2817499999999976
1.106,0.2824499999999976,0.3111398467644306,0.3468928733113356,0.2824499999999976
1.108,0.2831499999999976,0.3118398467644306,0.3475928733113356,0.2831499999999976
1.11,0.2838499999999976,0.3125398467644306,0.3482928733113356,0.2838499999999976
1.112,0.2845499999999976,0.3132398467644305,0.3489928733113356,0.2845499999999976
1.114,0.2852499999999976,0.3139398467644306,0.3496928733113356,0.2852499999999976
1.116,0.2859499999999976,0.3146398467644305,0.3503928733113356,0.2859499999999976
1.118,0.2866499999999975,0.3153398467644305,0.3510928733113356,0.2866499999999975
1.12,0.2873499999999976,0.3160398467644305,0.3517928733113356,0.2873499999999976
1.122,0.2880499999999976,0.3167398467644304,0.3524928733113356,0.2880499999999976
1.124,0.2887499999999975,0.3174398467644305,0.3531928733113356,0.2887499999999975
1.126,0.2894499999999975,0.3181398467644304,0.3538928733113355,0.2894499999999975
1.128,0.2901499999999974,0.3188398467644304,0.3545928733113355,0.2901499999999974
1.13,0.2908499999999974,0.3195398467644304,0.3552928733113354,0.2908499999999974
1.132,0.2915499999999975,0.3202398467644304,0.3559928733113355,0.2915499999999975
1.134,0.2922499999999974,0.3209398467644304,0.3566928733113355,0.2922499999999974
1.136,0.2929499999999974,0.3216398467644304,0.3573928733113354,0.2929499999999974
1.138,0.2936499999999974,0.3223398467644304,0.3580928733113354,0.2936499999999974
1.14,0.2943499999999974,0.3230398467644304,0.3587928733113354,0.2943499999999974
1.142,0.2950499999999974,0.3237398467644304,0.3594928733113354,0.2950499999999974
1.144,0.2957499999999974,0.3244398467644304,0.3601928733113354,0.2957499999999974
1.146,0.2964499999999974,0.3251398467644304,0.3608928733113354,0.2964499999999974
1.148,0.2971499999999974,0.3258398467644304,0.3615928733113354,0.2971499999999974
1.15,0.2978499999999974,0.3265398467644303,0.3622928733113354,0.2978499999999974
1.152,0.2985499999999974,0.3272398467644303,0.3629928733113354,0.2985499999999974
1.154,0.2992499999999974,0.3279398467644303,0.3636928733113354,0.2992499999999974
1.156,0.2999499999999974,0.3286398467644302,0.3643928733113354,0.2999499999999974
1.158,0.3006499999999973,0.3293398467644303,0.3650928733113354,0.3006499999999973
1.16,0.3013499999999973,0.3300398467644302,0.3657928733113353,0.3013499999999973
1.162,0.3020499999999972,0.3307398467644302,0.3664928733113353,0.3020499999999972
1.164,0.3027499999999973,0.3314398467644302,0.3671928733113353,0.3027499999999973
1.166,0.3034499999999973,0.3321398467644302,0.3678928733113353,0.3034499999999973
1.168,0.3041499999999972,0.3328398467644302,0.3685928733113353,0.3041499999999972
1.17,0.3048499999999972,0.3335398467644302,0.3692928733113352,0.3048499999999972
1.172,0.3055499999999972,0.3342398467644302,0.3699928733113352,0.3055499999999972
1.174,0.3062499999999972,0.3349398467644302,0.3706928733113352,0.3062499999999972
1.176,0.3069499999999972,0.3356398467644302,0.3713928733113352,0.3069499999999972
1.178,0.3076499999999972,0.3363398467644302,0.3720928733113352,0.3076499999999972
1.18,0.3083499999999972,0.3370398467644302,0.3727928733113352,0.3083499999999972
1.182,0.3090499999999972,0.3377398467644302,0.3734928733113352,0.3090499999999972
1.184,0.3097499999999972,0.3384398467644301,0.3741928733113352,0.3097499999999972
1.186,0.3104499999999972,0.3391398467644301,0.3748928733113352,0.3104499999999972
1.188,0.3111499999999972,0.3398398467644301,0.3755928733113352,0.3111499999999972
1.19,0.3118499999999972,0.3405398467644301,0.3762928733113352,0.3118499999999972
1.192,0.3125499999999971,0.3412398467644301,0.3769928733113352,0.3125499999999971
1.194,0.3132499999999971,0.34193984676443,0.3776928733113351,0.3132499999999971
1.196,0.3139499999999971,0.34263984676443,0.3783928733113352,0.3139499999999971
1.198,0.3146499999999971,0.34333984676443,0.3790928733113351,0.3146499999999971
1.2,0.3153499999999971,0.34403984676443,0.3797928733113351,0.3153499999999971
1.202,0.316049999999997,0.34473984676443,0.3804928733113351,0.316049999999997
1.204,0.316749999999997,0.34543984676443,0.381192873311335,0.316749999999997
1.206,0.317449999999997,0.34613984676443,0.381892873311335,0.317449999999997
1.208,0.318149999999997,0.34683984676443,0.382592873311335,0.318149999999997
1.21,0.318849999999997,0.34753984676443,0.383292873311335,0.318849999999997
1.212,0.319549999999997,0.34823984676443,0.383992873311335,0.319549999999997
1.214,0.320249999999997,0.34893984676443,0.384692873311335,0.320249999999997
1.216,0.320949999999997,0.34963984676443,0.385392873311335,0.320949999999997
1.218,0.321649999999997,0.3503398467644299,0.386092873311335,0.321649999999997
1.22,0.322349999999997,0.3510398467644299,0.386792873311335,0.322349999999997
1.222,0.323049999999997,0.35173984676443,0.387492873311335,0.323049999999997
1.224,0.323749999999997,0.3524398467644299,0.388192873311335,0.323749999999997
1.226,0.3244499999999969,0.3531398467644299,0.388892873311335,0.3244499999999969
1.228,0.325149999999997,0.3538398467644298,0.3895928733113349,0.325149999999997
1.23,0.3258499999999969,0.3545398467644298,0.390292873311335,0.3258499999999969
1.232,0.3265499999999969,0.3552398467644298,0.3909928733113349,0.3265499999999969
1.234,0.3272499999999969,0.3559398467644298,0.3916928733113349,0.3272499999999969
1.236,0.3279499999999968,0.3566398467644298,0.3923928733113349,0.3279499999999968
1.238,0.3286499999999968,0.3573398467644298,0.3930928733113348,0.3286499999999968
1.24,0.3293499999999968,0.3580398467644298,0.3937928733113349,0.3293499999999968
1.242,0.3300499999999968,0.3587398467644298,0.3944928733113348,0.3300499999999968
1.244,0.3307499999999968,0.3594398467644298,0.3951928733113348,0.3307499999999968
1.246,0.3314499999999968,0.3601398467644298,0.3958928733113348,0.3314499999999968
1.248,0.3321499999999968,0.3608398467644298,0.3965928733113348,0.3321499999999968
1.25,0.3328499999999968,0.3615398467644298,0.3972928733113348,0.3328499999999968
1.252,0.3335499999999968,0.3622398467644297,0.3979928733113348,0.3335499999999968
1.254,0.3342499999999968,0.3629398467644298,0.3986928733113348,0.3342499999999968
1.256,0.3349499999999968,0.3636398467644298,0.3993928733113348,0.3349499999999968
1.258,0.3356499999999968,0.3643398467644297,0.4000928733113348,0.3356499999999968
1.26,0.3363499999999967,0.3650398467644297,0.4007928733113348,0.3363499999999967
1.262,0.3370499999999968,0.3657398467644296,0.4014928733113348,0.3370499999999968
1.264,0.3377499999999967,0.3664398467644296,0.4021928733113348,0.3377499999999967
1.266,0.3384499999999967,0.3671398467644297,0.4028928733113347,0.3384499999999967
1.268,0.3391499999999967,0.3678398467644296,0.4035928733113347,0.3391499999999967
1.27,0.3398499999999966,0.3685398467644296,0.4042928733113347,0.3398499999999966
1.272,0.3405499999999967,0.3692398467644296,0.4049928733113347,0.3405499999999967
1.274,0.3412499999999966,0.3699398467644296,0.4056928733113347,0.3412499999999966
1.276,0.3419499999999966,0.3706398467644296,0.4063928733113346,0.3419499999999966
1.278,0.3426499999999966,0.3713398467644296,0.4070928733113346,0.3426499999999966
1.28,0.3433499999999966,0.3720398467644296,0.4077928733113346,0.3433499999999966
1.282,0.3440499999999966,0.3727398467644296,0.4084928733113346,0.3440499999999966
1.284,0.3447499999999966,0.3734398467644296,0.4091928733113346,0.3447499999999966
1.286,0.3454499999999966,0.3741398467644295,0.4098928733113346,0.3454499999999966
1.288,0.3461499999999966,0.3748398467644296,0.4105928733113346,0.3461499999999966
1.29,0.3468499999999966,0.3755398467644296,0.4112928733113346,0.3468499999999966
1.292,0.3475499999999966,0.3762398467644295,0.4119928733113346,0.3475499999999966
1.294,0.3482499999999966,0.3769398467644295,0.4126928733113346,0.3482499999999966
1.296,0.3489499999999966,0.3776398467644294,0.4133928733113346,0.3489499999999966
1.298,0.3496499999999965,0.3783398467644295,0.4140928733113346,0.3496499999999965
1.3,0.3503499999999965,0.3790398467644295,0.4147928733113345,0.3503499999999965
1.302,0.3510499999999965,0.3797398467644294,0.4154928733113345,0.3510499999999965
1.304,0.3517499999999965,0.3804398467644294,0.4161928733113345,0.3517499999999965
1.306,0.3524499999999965,0.3811398467644294,0.4168928733113345,0.3524499999999965
1.308,0.3531499999999964,0.3818398467644294,0.4175928733113345,0.3531499999999964
1.31,0.3538499999999964,0.3825398467644294,0.4182928733113344,0.3538499999999964
1.312,0.3545499999999964,0.3832398467644294,0.4189928733113344,0.3545499999999964
1.314,0.3552499999999964,0.3839398467644294,0.4196928733113344,0.3552499999999964
1.316,0.3559499999999964,0.3846398467644294,0.4203928733113344,0.3559499999999964
1.318,0.3566499999999964,0.3853398467644294,0.4210928733113344,0.3566499999999964
1.32,0.3573499999999964,0.3860398467644294,0.4217928733113344,0.3573499999999964
1.322,0.3580499999999964,0.3867398467644294,0.4224928733113344,0.3580499999999964
1.324,0.3587499999999964,0.3874398467644294,0.4231928733113344,0.3587499999999964
1.326,0.3594499999999964,0.3881398467644293,0.4238928733113344,0.3594499999999964
1.328,0.3601499999999964,0.3888398467644293,0.4245928733113344,0.3601499999999964
1.33,0.3608499999999964,0.3895398467644293,0.4252928733113344,0.3608499999999964
1.332,0.3615499999999963,0.3902398467644293,0.4259928733113344,0.3615499999999963
1.334,0.3622499999999963,0.3909398467644293,0.4266928733113343,0.3622499999999963
1.336,0.3629499999999963,0.3916398467644292,0.4273928733113343,0.3629499999999963
1.338,0.3636499999999963,0.3923398467644292,0.4280928733113344,0.3636499999999963
1.34,0.3643499999999963,0.3930398467644292,0.4287928733113343,0.3643499999999963
1.342,0.3650499999999962,0.3937398467644292,0.4294928733113343,0.3650499999999962
1.344,0.3657499999999962,0.3944398467644292,0.4301928733113342,0.3657499999999962
1.346,0.3664499999999962,0.3951398467644292,0.4308928733113342,0.3664499999999962
1.348,0.3671499999999962,0.3958398467644292,0.4315928733113343,0.3671499999999962
1.35,0.3678499999999962,0.3965398467644292,0.4322928733113342,0.3678499999999962
1.352,0.3685499999999962,0.3972398467644292,0.4329928733113342,0.3685499999999962
1.354,0.3692499999999962,0.3979398467644292,0.4336928733113342,0.3692499999999962
1.356,0.3699499999999962,0.3986398467644292,0.4343928733113342,0.3699499999999962
1.358,0.3706499999999962,0.3993398467644292,0.4350928733113342,0.3706499999999962
1.36,0.3713499999999962,0.4000398467644291,0.4357928733113342,0.3713499999999962
1.362,0.3720499999999962,0.4007398467644291,0.4364928733113342,0.3720499999999962
1.364,0.3727499999999962,0.4014398467644291,0.4371928733113342,0.3727499999999962
1.366,0.3734499999999961,0.4021398467644291,0.4378928733113342,0.3734499999999961
1.368,0.3741499999999961,0.4028398467644291,0.4385928733113341,0.3741499999999961
1.37,0.3748499999999962,0.403539846764429,0.4392928733113342,0.3748499999999962
1.372,0.3755499999999961,0.404239846764429,0.4399928733113342,0.3755499999999961
1.374,0.3762499999999961,0.404939846764429,0.4406928733113341,0.3762499999999961
1.376,0.376949999999996,0.405639846764429,0.4413928733113341,0.376949999999996
1.378,0.377649999999996,0.406339846764429,0.442092873311334,0.377649999999996
1.38,0.3783499999999961,0.407039846764429,0.442792873311334,0.3783499999999961
1.382,0.379049999999996,0.407739846764429,0.4434928733113341,0.379049999999996
1.384,0.379749999999996,0.408439846764429,0.444192873311334,0.379749999999996
1.386,0.380449999999996,0.409139846764429,0.444892873311334,0.380449999999996
1.388,0.381149999999996,0.409839846764429,0.445592873311334,0.381149999999996
1.39,0.381849999999996,0.410539846764429,0.446292873311334,0.381849999999996
1.392,0.382549999999996,0.411239846764429,0.446992873311334,0.382549999999996
1.394,0.383249999999996,0.4119398467644289,0.447692873311334,0.383249999999996
1.396,0.383949999999996,0.412639846764429,0.448392873311334,0.383949999999996
1.398,0.384649999999996,0.4133398467644289,0.449092873311334,0.384649999999996
1.4,0.3853499999999959,0.4140398467644289,0.449792873311334,0.3853499999999959
1.402,0.386049999999996,0.4147398467644289,0.450492873311334,0.386049999999996
1.404,0.386749999999996,0.4154398467644288,0.451192873311334,0.386749999999996
1.406,0.3874499999999959,0.4161398467644289,0.4518928733113339,0.3874499999999959
1.408,0.3881499999999959,0.4168398467644288,0.4525928733113339,0.3881499999999959
1.41,0.3888499999999958,0.4175398467644288,0.4532928733113339,0.3888499999999958
1.412,0.3895499999999958,0.4182398467644288,0.4539928733113339,0.3895499999999958
1.414,0.3902499999999959,0.4189398467644288,0.4546928733113339,0.3902499999999959
1.416,0.3909499999999958,0.4196398467644288,0.4553928733113339,0.3909499999999958
1.418,0.3916499999999958,0.4203398467644288,0.4560928733113339,0.3916499999999958
1.42,0.3923499999999958,0.4210398467644288,0.4567928733113338,0.3923499999999958
1.422,0.3930499999999958,0.4217398467644288,0.4574928733113338,0.3930499999999958
1.424,0.3937499999999958,0.4224398467644288,0.4581928733113338,0.3937499999999958
1.426,0.3944499999999958,0.4231398467644288,0.4588928733113338,0.3944499999999958
1.428,0.3951499999999958,0.4238398467644288,0.4595928733113338,0.3951499999999958
1.43,0.3958499999999958,0.4245398467644288,0.4602928733113338,0.3958499999999958
1.432,0.3965499999999958,0.4252398467644287,0.4609928733113338,0.3965499999999958
1.434,0.3972499999999957,0.4259398467644287,0.4616928733113337,0.3972499999999957
1.436,0.3979499999999958,0.4266398467644287,0.4623928733113338,0.3979499999999958
1.438,0.3986499999999958,0.4273398467644286,0.4630928733113338,0.3986499999999958
1.44,0.3993499999999957,0.4280398467644287,0.4637928733113337,0.3993499999999957
1.442,0.4000499999999957,0.4287398467644286,0.4644928733113337,0.4000499999999957
1.444,0.4007499999999956,0.4294398467644286,0.4651928733113337,0.4007499999999956
1.446,0.4014499999999957,0.4301398467644286,0.4658928733113337,0.4014499999999957
1.448,0.4021499999999957,0.4308398467644286,0.4665928733113337,0.4021499999999957
1.45,0.4028499999999956,0.4315398467644286,0.4672928733113337,0.4028499999999956
1.452,0.4035499999999956,0.4322398467644286,0.4679928733113337,0.4035499999999956
1.454,0.4042499999999956,0.4329398467644286,0.4686928733113336,0.4042499999999956
1.456,0.4049499999999956,0.4336398467644286,0.4693928733113336,0.4049499999999956
1.458,0.4056499999999956,0.4343398467644286,0.4700928733113336,0.4056499999999956
1.46,0.4063499999999956,0.4350398467644286,0.4707928733113336,0.4063499999999956
1.462,0.4070499999999956,0.4357398467644286,0.4714928733113336,0.4070499999999956
1.464,0.4077499999999956,0.4364398467644286,0.4721928733113336,0.4077499999999956
1.466,0.4084499999999956,0.4371398467644285,0.4728928733113336,0.4084499999999956
1.468,0.4091499999999956,0.4378398467644285,0.4735928733113336,0.4091499999999956
1.47,0.4098499999999956,0.4385398467644285,0.4742928733113336,0.4098499999999956
1.472,0.4105499999999956,0.4392398467644285,0.4749928733113336,0.4105499999999956
1.474,0.4112499999999955,0.4399398467644285,0.4756928733113335,0.4112499999999955
1.476,0.4119499999999955,0.4406398467644284,0.4763928733113335,0.4119499999999955
1.478,0.4126499999999955,0.4413398467644284,0.4770928733113335,0.4126499999999955
1.48,0.4133499999999955,0.4420398467644284,0.4777928733113335,0.4133499999999955
1.482,0.4140499999999955,0.4427398467644284,0.4784928733113335,0.4140499999999955
1.484,0.4147499999999954,0.4434398467644284,0.4791928733113335,0.4147499999999954
1.486,0.4154499999999954,0.4441398467644284,0.4798928733113335,0.4154499999999954
1.488,0.4161499999999954,0.4448398467644284,0.4805928733113334,0.4161499999999954
1.49,0.4168499999999954,0.4455398467644284,0.4812928733113335,0.4168499999999954
1.492,0.4175499999999954,0.4462398467644284,0.4819928733113334,0.4175499999999954
1.494,0.4182499999999954,0.4469398467644284,0.4826928733113334,0.4182499999999954
1.496,0.4189499999999954,0.4476398467644284,0.4833928733113334,0.4189499999999954
1.498,0.4196499999999954,0.4483398467644284,0.4840928733113334,0.4196499999999954
1.5,0.4203499999999954,0.4490398467644283,0.4847928733113334,0.4203499999999954
1.502,0.4210499999999954,0.4497398467644283,0.4854928733113334,0.4210499999999954
1.504,0.4217499999999954,0.4504398467644283,0.4861928733113334,0.4217499999999954
1.506,0.4224499999999954,0.4511398467644283,0.4868928733113334,0.4224499999999954
1.508,0.4231499999999953,0.4518398467644283,0.4875928733113333,0.4231499999999953
1.51,0.4238499999999953,0.4525398467644283,0.4882928733113333,0.4238499999999953
1.512,0.4245499999999953,0.4532398467644282,0.4889928733113333,0.4245499999999953
1.514,0.4252499999999953,0.4539398467644282,0.4896928733113333,0.4252499999999953
1.516,0.4259499999999953,0.4546398467644283,0.4903928733113333,0.4259499999999953
1.518,0.4266499999999952,0.4553398467644282,0.4910928733113333,0.4266499999999952
1.52,0.4273499999999952,0.4560398467644282,0.4917928733113333,0.4273499999999952
1.522,0.4280499999999952,0.4567398467644282,0.4924928733113333,0.4280499999999952
1.524,0.4287499999999952,0.4574398467644282,0.4931928733113333,0.4287499999999952
1.526,0.4294499999999952,0.4581398467644282,0.4938928733113332,0.4294499999999952
1.528,0.4301499999999952,0.4588398467644282,0.4945928733113332,0.4301499999999952
1.53,0.4308499999999952,0.4595398467644282,0.4952928733113332,0.4308499999999952
1.532,0.4315499999999952,0.4602398467644281,0.4959928733113332,0.4315499999999952
1.534,0.4322499999999952,0.4609398467644281,0.4966928733113332,0.4322499999999952
1.536,0.4329499999999952,0.4616398467644281,0.4973928733113332,0.4329499999999952
1.538,0.4336499999999952,0.4623398467644281,0.4980928733113332,0.4336499999999952
1.54,0.4343499999999952,0.4630398467644281,0.4987928733113332,0.4343499999999952
1.542,0.4350499999999951,0.4637398467644281,0.4994928733113331,0.4350499999999951
1.544,0.4357499999999952,0.4644398467644281,0.5001928733113331,0.4357499999999952
1.546,0.4364499999999951,0.465139846764428,0.5008928733113331,0.4364499999999951
1.548,0.4371499999999951,0.4658398467644281,0.5015928733113331,0.4371499999999951
1.55,0.4378499999999951,0.4665398467644281,0.5022928733113331,0.4378499999999951
1.552,0.438549999999995,0.467239846764428,0.5029928733113331,0.438549999999995
1.554,0.4392499999999951,0.467939846764428,0.5036928733113331,0.4392499999999951
1.556,0.439949999999995,0.468639846764428,0.5043928733113331,0.439949999999995
1.558,0.440649999999995,0.469339846764428,0.505092873311333,0.440649999999995
1.56,0.441349999999995,0.470039846764428,0.505792873311333,0.441349999999995
1.562,0.442049999999995,0.470739846764428,0.5064928733113331,0.442049999999995
1.564,0.442749999999995,0.471439846764428,0.507192873311333,0.442749999999995
1.566,0.443449999999995,0.4721398467644279,0.507892873311333,0.443449999999995
1.568,0.444149999999995,0.4728398467644279,0.508592873311333,0.444149999999995
1.57,0.444849999999995,0.473539846764428,0.509292873311333,0.444849999999995
1.572,0.445549999999995,0.4742398467644279,0.509992873311333,0.445549999999995
1.574,0.446249999999995,0.4749398467644279,0.510692873311333,0.446249999999995
1.576,0.446949999999995,0.4756398467644279,0.511392873311333,0.446949999999995
1.578,0.447649999999995,0.4763398467644279,0.5120928733113329,0.447649999999995
1.58,0.4483499999999949,0.4770398467644279,0.5127928733113329,0.4483499999999949
1.582,0.4490499999999949,0.4777398467644279,0.5134928733113331,0.4490499999999949
1.584,0.4497499999999949,0.4784398467644279,0.5141928733113331,0.4497499999999949
1.586,0.4504499999999949,0.4791398467644278,0.5148928733113332,0.4504499999999949
1.588,0.4511499999999949,0.4798398467644278,0.5155928733113332,0.4511499999999949
1.59,0.4518499999999949,0.4805398467644278,0.5162928733113332,0.4518499999999949
1.592,0.4525499999999948,0.4812398467644278,0.5169928733113333,0.4525499999999948
1.594,0.4532499999999948,0.4819398467644278,0.5176928733113333,0.4532499999999948
1.596,0.4539499999999948,0.4826398467644278,0.5183928733113333,0.4539499999999948
1.598,0.4546499999999948,0.4833398467644278,0.5190928733113334,0.4546499999999948
1.6,0.4553499999999948,0.4840398467644277,0.5197928733113335,0.4553499999999948
1.602,0.4560499999999948,0.4847398467644278,0.5204928733113335,0.4560499999999948
1.604,0.4567499999999948,0.4854398467644278,0.5211928733113336,0.4567499999999948
1.606,0.4574499999999947,0.4861398467644277,0.5218928733113336,0.4574499999999947
1.608,0.4581499999999948,0.4868398467644277,0.5225928733113336,0.4581499999999948
1.61,0.4588499999999948,0.4875398467644277,0.5232928733113337,0.4588499999999948
1.612,0.4595499999999947,0.4882398467644277,0.5239928733113337,0.4595499999999947
1.614,0.4602499999999947,0.4889398467644277,0.5246928733113337,0.4602499999999947
1.616,0.4609499999999947,0.4896398467644277,0.5253928733113338,0.4609499999999947
1.618,0.4616499999999947,0.4903398467644277,0.5260928733113338,0.4616499999999947
1.62,0.4623499999999947,0.4910398467644276,0.526792873311334,0.4623499999999947
1.622,0.4630499999999947,0.4917398467644276,0.527492873311334,0.4630499999999947
1.624,0.4637499999999947,0.4924398467644276,0.528192873311334,0.4637499999999947
1.626,0.4644499999999946,0.4931398467644276,0.528892873311334,0.4644499999999946
1.628,0.4651499999999946,0.4938398467644276,0.5295928733113341,0.4651499999999946
1.63,0.4658499999999947,0.4945398467644276,0.5302928733113341,0.4658499999999947
1.632,0.4665499999999946,0.4952398467644276,0.5309928733113342,0.4665499999999946
1.634,0.4672499999999946,0.4959398467644276,0.5316928733113342,0.4672499999999946
1.636,0.4679499999999946,0.4966398467644276,0.5323928733113342,0.4679499999999946
1.638,0.4686499999999946,0.4973398467644276,0.5330928733113343,0.4686499999999946
1.64,0.4693499999999945,0.4980398467644275,0.5337928733113344,0.4693499999999945
1.642,0.4700499999999946,0.4987398467644275,0.5344928733113344,0.4700499999999946
1.644,0.4707499999999946,0.4994398467644275,0.5351928733113345,0.4707499999999946
1.646,0.4714499999999945,0.5001398467644275,0.5358928733113345,0.4714499999999945
1.648,0.4721499999999945,0.5008398467644275,0.5365928733113345,0.4721499999999945
1.65,0.4728499999999945,0.5015398467644274,0.5372928733113346,0.4728499999999945
1.652,0.4735499999999945,0.5022398467644275,0.5379928733113346,0.4735499999999945
1.654,0.4742499999999945,0.5029398467644275,0.5386928733113346,0.4742499999999945
1.656,0.4749499999999945,0.5036398467644274,0.5393928733113347,0.4749499999999945
1.658,0.4756499999999945,0.5043398467644274,0.5400928733113348,0.4756499999999945
1.66,0.4763499999999944,0.5050398467644274,0.5407928733113349,0.4763499999999944
1.662,0.4770499999999944,0.5057398467644274,0.5414928733113349,0.4770499999999944
1.664,0.4777499999999945,0.5064398467644274,0.5421928733113349,0.4777499999999945
1.666,0.4784499999999944,0.5071398467644274,0.542892873311335,0.4784499999999944
1.668,0.4791499999999944,0.5078398467644274,0.543592873311335,0.4791499999999944
1.67,0.4798499999999944,0.5085398467644273,0.544292873311335,0.4798499999999944
1.672,0.4805499999999944,0.5092398467644274,0.5449928733113351,0.4805499999999944
1.674,0.4812499999999944,0.5099398467644274,0.5456928733113351,0.4812499999999944
1.676,0.4819499999999944,0.5106398467644273,0.5463928733113351,0.4819499999999944
1.678,0.4826499999999944,0.5113398467644273,0.5470928733113353,0.4826499999999944
1.68,0.4833499999999943,0.5120398467644274,0.5477928733113353,0.4833499999999943
1.682,0.4840499999999943,0.5127398467644274,0.5484928733113353,0.4840499999999943
1.684,0.4847499999999944,0.5134398467644274,0.5491928733113354,0.4847499999999944
1.686,0.4854499999999943,0.5141398467644275,0.5498928733113354,0.4854499999999943
1.688,0.4861499999999943,0.5148398467644275,0.5505928733113354,0.4861499999999943
1.69,0.4868499999999943,0.5155398467644275,0.5512928733113355,0.4868499999999943
1.692,0.4875499999999943,0.5162398467644277,0.5519928733113355,0.4875499999999943
1.694,0.4882499999999942,0.5169398467644277,0.5526928733113355,0.4882499999999942
1.696,0.4889499999999943,0.5176398467644278,0.5533928733113357,0.4889499999999943
1.698,0.4896499999999943,0.5183398467644278,0.5540928733113357,0.4896499999999943
1.7,0.4903499999999942,0.5190398467644278,0.5547928733113358,0.4903499999999942
1.702,0.4910499999999942,0.5197398467644279,0.5554928733113358,0.4910499999999942
1.704,0.4917499999999942,0.5204398467644279,0.5561928733113358,0.4917499999999942
1.706,0.4924499999999942,0.5211398467644279,0.5568928733113359,0.4924499999999942
1.708,0.4931499999999942,0.521839846764428,0.5575928733113359,0.4931499999999942
1.71,0.4938499999999942,0.522539846764428,0.5582928733113359,0.4938499999999942
1.712,0.4945499999999942,0.5232398467644281,0.558992873311336,0.4945499999999942
1.714,0.4952499999999941,0.5239398467644282,0.559692873311336,0.4952499999999941
1.716,0.4959499999999941,0.5246398467644282,0.5603928733113361,0.4959499999999941
1.718,0.4966499999999942,0.5253398467644282,0.5610928733113362,0.4966499999999942
1.72,0.4973499999999941,0.5260398467644283,0.5617928733113362,0.4973499999999941
1.722,0.4980499999999941,0.5267398467644283,0.5624928733113362,0.4980499999999941
1.724,0.4987499999999941,0.5274398467644283,0.5631928733113363,0.4987499999999941
1.726,0.4994499999999941,0.5281398467644284,0.5638928733113363,0.4994499999999941
1.728,0.5001499999999941,0.5288398467644284,0.5645928733113363,0.5001499999999941
1.73,0.500849999999994,0.5295398467644284,0.5652928733113364,0.500849999999994
1.732,0.5015499999999941,0.5302398467644286,0.5659928733113364,0.5015499999999941
1.734,0.5022499999999941,0.5309398467644286,0.5666928733113364,0.5022499999999941
1.736,0.502949999999994,0.5316398467644287,0.5673928733113366,0.502949999999994
1.738,0.503649999999994,0.5323398467644287,0.5680928733113366,0.503649999999994
1.74,0.504349999999994,0.5330398467644287,0.5687928733113367,0.504349999999994
1.742,0.505049999999994,0.5337398467644288,0.5694928733113367,0.505049999999994
1.744,0.505749999999994,0.5344398467644288,0.5701928733113367,0.505749999999994
1.746,0.506449999999994,0.5351398467644288,0.5708928733113368,0.506449999999994
1.748,0.507149999999994,0.5358398467644289,0.5715928733113368,0.507149999999994
1.75,0.5078499999999939,0.536539846764429,0.5722928733113368,0.5078499999999939
1.752,0.508549999999994,0.537239846764429,0.5729928733113369,0.508549999999994
1.754,0.5092499999999939,0.5379398467644291,0.573692873311337,0.5092499999999939
1.756,0.5099499999999939,0.5386398467644291,0.574392873311337,0.5099499999999939
1.758,0.5106499999999939,0.5393398467644291,0.5750928733113371,0.5106499999999939
1.76,0.5113499999999939,0.5400398467644292,0.5757928733113371,0.5113499999999939
1.762,0.5120499999999939,0.5407398467644292,0.5764928733113371,0.5120499999999939
1.764,0.5127499999999939,0.5414398467644292,0.5771928733113372,0.5127499999999939
1.766,0.5134499999999941,0.5421398467644293,0.5778928733113372,0.5134499999999941
1.768,0.5141499999999941,0.5428398467644293,0.5785928733113372,0.5141499999999941
1.77,0.5148499999999941,0.5435398467644295,0.5792928733113373,0.5148499999999941
1.772,0.5155499999999942,0.5442398467644295,0.5799928733113373,0.5155499999999942
1.774,0.5162499999999942,0.5449398467644295,0.5806928733113375,0.5162499999999942
1.776,0.5169499999999942,0.5456398467644296,0.5813928733113375,0.5169499999999942
1.778,0.5176499999999943,0.5463398467644296,0.5820928733113375,0.5176499999999943
1.78,0.5183499999999943,0.5470398467644296,0.5827928733113376,0.5183499999999943
1.782,0.5190499999999943,0.5477398467644297,0.5834928733113376,0.5190499999999943
1.784,0.5197499999999945,0.5484398467644297,0.5841928733113376,0.5197499999999945
1.786,0.5204499999999945,0.5491398467644297,0.5848928733113377,0.5204499999999945
1.788,0.5211499999999946,0.5498398467644299,0.5855928733113377,0.5211499999999946
1.79,0.5218499999999946,0.5505398467644299,0.5862928733113377,0.5218499999999946
1.792,0.5225499999999946,0.5512398467644299,0.5869928733113379,0.5225499999999946
1.794,0.5232499999999947,0.55193984676443,0.5876928733113379,0.5232499999999947
1.796,0.5239499999999947,0.55263984676443,0.5883928733113379,0.5239499999999947
1.798,0.5246499999999947,0.55333984676443,0.589092873311338,0.5246499999999947
1.8,0.5253499999999948,0.5540398467644301,0.589792873311338,0.5253499999999948
1.802,0.5260499999999948,0.5547398467644301,0.590492873311338,0.5260499999999948
1.804,0.5267499999999949,0.5554398467644301,0.5911928733113381,0.5267499999999949
1.806,0.527449999999995,0.5561398467644302,0.5918928733113381,0.527449999999995
1.808,0.528149999999995,0.5568398467644303,0.5925928733113381,0.528149999999995
1.81,0.528849999999995,0.5575398467644304,0.5932928733113382,0.528849999999995
1.812,0.5295499999999951,0.5582398467644304,0.5939928733113383,0.5295499999999951
1.814,0.5302499999999951,0.5589398467644304,0.5946928733113384,0.5302499999999951
1.816,0.5309499999999951,0.5596398467644305,0.5953928733113384,0.5309499999999951
1.818,0.5316499999999952,0.5603398467644305,0.5960928733113384,0.5316499999999952
1.82,0.5323499999999952,0.5610398467644305,0.5967928733113385,0.5323499999999952
1.822,0.5330499999999952,0.5617398467644306,0.5974928733113385,0.5330499999999952
1.824,0.5337499999999954,0.5624398467644306,0.5981928733113385,0.5337499999999954
1.826,0.5344499999999954,0.5631398467644306,0.5988928733113386,0.5344499999999954
1.828,0.5351499999999955,0.5638398467644308,0.5995928733113386,0.5351499999999955
1.83,0.5358499999999955,0.5645398467644308,0.6002928733113386,0.5358499999999955
1.832,0.5365499999999955,0.5652398467644308,0.6009928733113388,0.5365499999999955
1.834,0.5372499999999956,0.5659398467644309,0.6016928733113388,0.5372499999999956
1.836,0.5379499999999956,0.5666398467644309,0.6023928733113388,0.5379499999999956
1.838,0.5386499999999956,0.5673398467644309,0.6030928733113389,0.5386499999999956
1.84,0.5393499999999957,0.568039846764431,0.6037928733113389,0.5393499999999957
1.842,0.5400499999999958,0.568739846764431,0.6044928733113389,0.5400499999999958
1.844,0.5407499999999958,0.569439846764431,0.605192873311339,0.5407499999999958
1.846,0.5414499999999959,0.5701398467644312,0.605892873311339,0.5414499999999959
1.848,0.5421499999999959,0.5708398467644312,0.606592873311339,0.5421499999999959
1.85,0.542849999999996,0.5715398467644313,0.6072928733113392,0.542849999999996
1.852,0.543549999999996,0.5722398467644313,0.6079928733113392,0.543549999999996
1.854,0.544249999999996,0.5729398467644313,0.6086928733113393,0.544249999999996
1.856,0.544949999999996,0.5736398467644314,0.6093928733113393,0.544949999999996
1.858,0.5456499999999961,0.5743398467644314,0.6100928733113393,0.5456499999999961
1.86,0.5463499999999961,0.5750398467644314,0.6107928733113394,0.5463499999999961
1.862,0.5470499999999963,0.5757398467644315,0.6114928733113394,0.5470499999999963
1.864,0.5477499999999963,0.5764398467644315,0.6121928733113394,0.5477499999999963
1.866,0.5484499999999963,0.5771398467644316,0.6128928733113395,0.5484499999999963
1.868,0.5491499999999964,0.5778398467644317,0.6135928733113395,0.5491499999999964
1.87,0.5498499999999964,0.5785398467644317,0.6142928733113396,0.5498499999999964
1.872,0.5505499999999964,0.5792398467644317,0.6149928733113397,0.5505499999999964
1.874,0.5512499999999965,0.5799398467644318,0.6156928733113397,0.5512499999999965
1.876,0.5519499999999965,0.5806398467644318,0.6163928733113397,0.5519499999999965
1.878,0.5526499999999965,0.5813398467644318,0.6170928733113398,0.5526499999999965
1.88,0.5533499999999967,0.5820398467644319,0.6177928733113398,0.5533499999999967
1.882,0.5540499999999967,0.5827398467644319,0.6184928733113398,0.5540499999999967
1.884,0.5547499999999967,0.5834398467644321,0.6191928733113399,0.5547499999999967
1.886,0.5554499999999968,0.5841398467644321,0.6198928733113399,0.5554499999999968
1.888,0.5561499999999968,0.5848398467644321,0.62059287331134,0.5561499999999968
1.89,0.5568499999999968,0.5855398467644322,0.6212928733113401,0.5568499999999968
1.892,0.5575499999999969,0.5862398467644322,0.6219928733113401,0.5575499999999969
1.894,0.5582499999999969,0.5869398467644322,0.6226928733113402,0.5582499999999969
1.896,0.558949999999997,0.5876398467644323,0.6233928733113402,0.558949999999997
1.898,0.559649999999997,0.5883398467644323,0.6240928733113402,0.559649999999997
1.9,0.5603499999999971,0.5890398467644323,0.6247928733113403,0.5603499999999971
1.902,0.5610499999999972,0.5897398467644324,0.6254928733113403,0.5610499999999972
1.904,0.5617499999999972,0.5904398467644325,0.6261928733113403,0.5617499999999972
1.906,0.5624499999999972,0.5911398467644325,0.6268928733113404,0.5624499999999972
1.908,0.5631499999999973,0.5918398467644326,0.6275928733113405,0.5631499999999973
1.91,0.5638499999999973,0.5925398467644326,0.6282928733113405,0.5638499999999973
1.912,0.5645499999999973,0.5932398467644326,0.6289928733113406,0.5645499999999973
1.914,0.5652499999999974,0.5939398467644327,0.6296928733113406,0.5652499999999974
1.916,0.5659499999999974,0.5946398467644327,0.6303928733113406,0.5659499999999974
1.918,0.5666499999999974,0.5953398467644327,0.6310928733113407,0.5666499999999974
1.92,0.5673499999999976,0.5960398467644328,0.6317928733113407,0.5673499999999976
1.922,0.5680499999999976,0.5967398467644328,0.6324928733113407,0.5680499999999976
1.924,0.5687499999999976,0.597439846764433,0.6331928733113408,0.5687499999999976
1.926,0.5694499999999977,0.598139846764433,0.6338928733113408,0.5694499999999977
1.928,0.5701499999999977,0.598839846764433,0.634592873311341,0.5701499999999977
1.93,0.5708499999999977,0.5995398467644331,0.635292873311341,0.5708499999999977
1.932,0.5715499999999978,0.6002398467644331,0.635992873311341,0.5715499999999978
1.934,0.5722499999999978,0.6009398467644331,0.6366928733113411,0.5722499999999978
1.936,0.5729499999999978,0.6016398467644332,0.6373928733113411,0.5729499999999978
1.938,0.573649999999998,0.6023398467644332,0.6380928733113411,0.573649999999998
1.94,0.574349999999998,0.6030398467644332,0.6387928733113412,0.574349999999998
1.942,0.5750499999999981,0.6037398467644334,0.6394928733113412,0.5750499999999981
1.944,0.5757499999999981,0.6044398467644334,0.6401928733113412,0.5757499999999981
1.946,0.5764499999999981,0.6051398467644334,0.6408928733113414,0.5764499999999981
1.948,0.5771499999999982,0.6058398467644335,0.6415928733113414,0.5771499999999982
1.95,0.5778499999999982,0.6065398467644335,0.6422928733113414,0.5778499999999982
1.952,0.5785499999999982,0.6072398467644335,0.6429928733113415,0.5785499999999982
1.954,0.5792499999999983,0.6079398467644336,0.6436928733113415,0.5792499999999983
1.956,0.5799499999999983,0.6086398467644336,0.6443928733113415,0.5799499999999983
1.958,0.5806499999999984,0.6093398467644336,0.6450928733113416,0.5806499999999984
1.96,0.5813499999999985,0.6100398467644337,0.6457928733113416,0.5813499999999985
1.962,0.5820499999999985,0.6107398467644338,0.6464928733113416,0.5820499999999985
1.964,0.5827499999999985,0.6114398467644339,0.6471928733113417,0.5827499999999985
1.966,0.5834499999999986,0.6121398467644339,0.6478928733113418,0.5834499999999986
1.968,0.5841499999999986,0.6128398467644339,0.6485928733113419,0.5841499999999986
1.97,0.5848499999999986,0.613539846764434,0.6492928733113419,0.5848499999999986
1.972,0.5855499999999987,0.614239846764434,0.6499928733113419,0.5855499999999987
1.974,0.5862499999999987,0.614939846764434,0.650692873311342,0.5862499999999987
1.976,0.5869499999999989,0.6156398467644341,0.651392873311342,0.5869499999999989
1.978,0.5876499999999989,0.6163398467644341,0.652092873311342,0.5876499999999989
1.98,0.5883499999999989,0.6170398467644342,0.6527928733113421,0.5883499999999989
1.982,0.589049999999999,0.6177398467644343,0.6534928733113421,0.589049999999999
1.984,0.589749999999999,0.6184398467644343,0.6541928733113421,0.589749999999999
1.986,0.590449999999999,0.6191398467644343,0.6548928733113423,0.590449999999999
1.988,0.5911499999999991,0.6198398467644344,0.6555928733113423,0.5911499999999991
1.99,0.5918499999999991,0.6205398467644344,0.6562928733113423,0.5918499999999991
1.992,0.5925499999999991,0.6212398467644344,0.6569928733113424,0.5925499999999991
1.994,0.5932499999999992,0.6219398467644345,0.6576928733113424,0.5932499999999992
1.996,0.5939499999999993,0.6226398467644345,0.6583928733113424,0.5939499999999993
1.998,0.5946499999999993,0.6233398467644345,0.6590928733113425,0.5946499999999993
2.0,0.5953499999999994,0.6240398467644347,0.6597928733113425,0.5953499999999994
2.002,0.5960499999999994,0.6247398467644347,0.6604928733113425,0.5960499999999994
2.004,0.5967499999999994,0.6254398467644348,0.6611928733113427,0.5967499999999994
2.006,0.5974499999999995,0.6261398467644348,0.6618928733113427,0.5974499999999995
2.008,0.5981499999999995,0.6268398467644348,0.6625928733113428,0.5981499999999995
2.01,0.5988499999999995,0.6275398467644349,0.6632928733113428,0.5988499999999995
2.012,0.5995499999999996,0.6282398467644349,0.6639928733113428,0.5995499999999996
2.014,0.6002499999999996,0.6289398467644349,0.6646928733113429,0.6002499999999996
2.016,0.6009499999999998,0.629639846764435,0.6653928733113429,0.6009499999999998
2.018,0.6016499999999998,0.630339846764435,0.6660928733113429,0.6016499999999998
2.02,0.6023499999999998,0.6310398467644351,0.666792873311343,0.6023499999999998
2.022,0.6030499999999999,0.6317398467644352,0.667492873311343,0.6030499999999999
2.024,0.6037499999999999,0.6324398467644352,0.6681928733113431,0.6037499999999999
2.026,0.6044499999999999,0.6331398467644352,0.6688928733113432,0.6044499999999999
2.028,0.60515,0.6338398467644353,0.6695928733113432,0.60515
2.03,0.60585,0.6345398467644353,0.6702928733113432,0.60585
2.032,0.60655,0.6352398467644353,0.6709928733113433,0.60655
2.034,0.6072500000000002,0.6359398467644354,0.6716928733113433,0.6072500000000002
2.036,0.6079500000000002,0.6366398467644354,0.6723928733113433,0.6079500000000002
2.038,0.6086500000000002,0.6373398467644356,0.6730928733113434,0.6086500000000002
2.04,0.6093500000000003,0.6380398467644356,0.6737928733113434,0.6093500000000003
2.042,0.6100500000000003,0.6387398467644356,0.6744928733113436,0.6100500000000003
2.044,0.6107500000000003,0.6394398467644357,0.6751928733113436,0.6107500000000003
2.046,0.6114500000000004,0.6401398467644357,0.6758928733113436,0.6114500000000004
2.048,0.6121500000000004,0.6408398467644357,0.6765928733113437,0.6121500000000004
2.05,0.6128500000000004,0.6415398467644358,0.6772928733113437,0.6128500000000004
2.052,0.6135500000000005,0.6422398467644358,0.6779928733113437,0.6135500000000005
2.054,0.6142500000000006,0.6429398467644358,0.6786928733113438,0.6142500000000006
2.056,0.6149500000000007,0.6436398467644359,0.6793928733113438,0.6149500000000007
2.058,0.6156500000000007,0.644339846764436,0.6800928733113438,0.6156500000000007
2.06,0.6163500000000007,0.645039846764436,0.6807928733113439,0.6163500000000007
2.062,0.6170500000000008,0.6457398467644361,0.681492873311344,0.6170500000000008
2.064,0.6177500000000008,0.6464398467644361,0.682192873311344,0.6177500000000008
2.066,0.6184500000000008,0.6471398467644361,0.6828928733113441,0.6184500000000008
2.068,0.6191500000000009,0.6478398467644362,0.6835928733113441,0.6191500000000009
2.07,0.6198500000000009,0.6485398467644362,0.6842928733113441,0.6198500000000009
2.072,0.620550000000001,0.6492398467644362,0.6849928733113442,0.620550000000001
2.074,0.6212500000000011,0.6499398467644363,0.6856928733113442,0.6212500000000011
2.076,0.6219500000000011,0.6506398467644364,0.6863928733113442,0.6219500000000011
2.078,0.6226500000000011,0.6513398467644365,0.6870928733113443,0.6226500000000011
2.08,0.6233500000000012,0.6520398467644365,0.6877928733113443,0.6233500000000012
2.082,0.6240500000000012,0.6527398467644365,0.6884928733113445,0.6240500000000012
2.084,0.6247500000000012,0.6534398467644366,0.6891928733113445,0.6247500000000012
2.086,0.6254500000000013,0.6541398467644366,0.6898928733113445,0.6254500000000013
2.088,0.6261500000000013,0.6548398467644366,0.6905928733113446,0.6261500000000013
2.09,0.6268500000000014,0.6555398467644367,0.6912928733113446,0.6268500000000014
2.092,0.6275500000000015,0.6562398467644367,0.6919928733113446,0.6275500000000015
2.094,0.6282500000000015,0.6569398467644367,0.6926928733113447,0.6282500000000015
2.096,0.6289500000000016,0.6576398467644369,0.6933928733113447,0.6289500000000016
2.098,0.6296500000000016,0.6583398467644369,0.6940928733113447,0.6296500000000016
2.1,0.6303500000000016,0.6590398467644369,0.6947928733113449,0.6303500000000016
2.102,0.6310500000000017,0.659739846764437,0.6954928733113449,0.6310500000000017
2.104,0.6317500000000017,0.660439846764437,0.6961928733113449,0.6317500000000017
2.106,0.6324500000000017,0.661139846764437,0.696892873311345,0.6324500000000017
2.108,0.6331500000000018,0.6618398467644371,0.697592873311345,0.6331500000000018
2.11,0.6338500000000018,0.6625398467644371,0.698292873311345,0.6338500000000018
2.112,0.634550000000002,0.6632398467644371,0.6989928733113451,0.634550000000002
2.114,0.635250000000002,0.6639398467644372,0.6996928733113451,0.635250000000002
2.116,0.635950000000002,0.6646398467644373,0.7003928733113451,0.635950000000002
2.118,0.636650000000002,0.6653398467644374,0.7010928733113452,0.636650000000002
2.12,0.6373500000000021,0.6660398467644374,0.7017928733113453,0.6373500000000021
2.122,0.6380500000000021,0.6667398467644374,0.7024928733113454,0.6380500000000021
2.124,0.6387500000000021,0.6674398467644375,0.7031928733113454,0.6387500000000021
2.126,0.6394500000000022,0.6681398467644375,0.7038928733113454,0.6394500000000022
2.128,0.6401500000000022,0.6688398467644375,0.7045928733113455,0.6401500000000022
2.13,0.6408500000000024,0.6695398467644376,0.7052928733113455,0.6408500000000024
2.132,0.6415500000000024,0.6702398467644376,0.7059928733113455,0.6415500000000024
2.134,0.6422500000000024,0.6709398467644377,0.7066928733113456,0.6422500000000024
2.136,0.6429500000000025,0.6716398467644378,0.7073928733113456,0.6429500000000025
2.138,0.6436500000000025,0.6723398467644378,0.7080928733113457,0.6436500000000025
2.14,0.6443500000000025,0.6730398467644378,0.7087928733113458,0.6443500000000025
2.142,0.6450500000000026,0.6737398467644379,0.7094928733113458,0.6450500000000026
2.144,0.6457500000000026,0.6744398467644379,0.7101928733113458,0.6457500000000026
2.146,0.6464500000000026,0.675139846764438,0.7108928733113459,0.6464500000000026
2.148,0.6471500000000027,0.675839846764438,0.7115928733113459,0.6471500000000027
2.15,0.6478500000000028,0.676539846764438,0.7122928733113459,0.6478500000000028
2.152,0.6485500000000028,0.677239846764438,0.712992873311346,0.6485500000000028
2.154,0.6492500000000029,0.6779398467644382,0.713692873311346,0.6492500000000029
2.156,0.6499500000000029,0.6786398467644382,0.714392873311346,0.6499500000000029
2.158,0.650650000000003,0.6793398467644383,0.7150928733113462,0.650650000000003
2.16,0.651350000000003,0.6800398467644383,0.7157928733113462,0.651350000000003
2.162,0.652050000000003,0.6807398467644383,0.7164928733113463,0.652050000000003
2.164,0.652750000000003,0.6814398467644384,0.7171928733113463,0.652750000000003
2.166,0.6534500000000031,0.6821398467644384,0.7178928733113463,0.6534500000000031
2.168,0.6541500000000032,0.6828398467644384,0.7185928733113464,0.6541500000000032
2.17,0.6548500000000033,0.6835398467644385,0.7192928733113464,0.6548500000000033
2.172,0.6555500000000033,0.6842398467644386,0.7199928733113464,0.6555500000000033
2.174,0.6562500000000033,0.6849398467644386,0.7206928733113465,0.6562500000000033
2.176,0.6569500000000034,0.6856398467644387,0.7213928733113465,0.6569500000000034
2.178,0.6576500000000034,0.6863398467644387,0.7220928733113466,0.6576500000000034
2.18,0.6583500000000034,0.6870398467644387,0.7227928733113467,0.6583500000000034
2.182,0.6590500000000035,0.6877398467644388,0.7234928733113467,0.6590500000000035
2.184,0.6597500000000035,0.6884398467644388,0.7241928733113467,0.6597500000000035
2.186,0.6604500000000035,0.6891398467644388,0.7248928733113468,0.6604500000000035
2.188,0.6611500000000037,0.6898398467644389,0.7255928733113468,0.6611500000000037
2.19,0.6618500000000037,0.6905398467644389,0.7262928733113468,0.6618500000000037
2.192,0.6625500000000037,0.6912398467644391,0.7269928733113469,0.6625500000000037
2.194,0.6632500000000038,0.6919398467644391,0.7276928733113469,0.6632500000000038
2.196,0.6639500000000038,0.6926398467644391,0.728392873311347,0.6639500000000038
2.198,0.6646500000000038,0.6933398467644392,0.7290928733113471,0.6646500000000038
2.2,0.6653500000000039,0.6940398467644392,0.7297928733113471,0.6653500000000039
2.202,0.6660500000000039,0.6947398467644392,0.7304928733113472,0.6660500000000039
2.204,0.666750000000004,0.6954398467644393,0.7311928733113472,0.666750000000004
2.206,0.667450000000004,0.6961398467644393,0.7318928733113472,0.667450000000004
2.208,0.6681500000000041,0.6968398467644393,0.7325928733113473,0.6681500000000041
2.21,0.6688500000000042,0.6975398467644394,0.7332928733113473,0.6688500000000042
2.212,0.6695500000000042,0.6982398467644395,0.7339928733113473,0.6695500000000042
2.214,0.6702500000000042,0.6989398467644395,0.7346928733113474,0.6702500000000042
2.216,0.6709500000000043,0.6996398467644396,0.7353928733113475,0.6709500000000043
2.218,0.6716500000000043,0.7003398467644396,0.7360928733113475,0.6716500000000043
2.22,0.6723500000000043,0.7010398467644396,0.7367928733113476,0.6723500000000043
2.222,0.6730500000000044,0.7017398467644397,0.7374928733113476,0.6730500000000044
2.224,0.6737500000000044,0.7024398467644397,0.7381928733113476,0.6737500000000044
2.226,0.6744500000000045,0.7031398467644397,0.7388928733113477,0.6744500000000045
2.228,0.6751500000000046,0.7038398467644398,0.7395928733113477,0.6751500000000046
2.23,0.6758500000000046,0.7045398467644399,0.7402928733113477,0.6758500000000046
2.232,0.6765500000000046,0.70523984676444,0.7409928733113478,0.6765500000000046
2.234,0.6772500000000047,0.70593984676444,0.7416928733113479,0.6772500000000047
2.236,0.6779500000000047,0.70663984676444,0.742392873311348,0.6779500000000047
2.238,0.6786500000000047,0.7073398467644401,0.743092873311348,0.6786500000000047
2.24,0.6793500000000048,0.7080398467644401,0.743792873311348,0.6793500000000048
2.242,0.6800500000000048,0.7087398467644401,0.7444928733113481,0.6800500000000048
2.244,0.6807500000000049,0.7094398467644402,0.7451928733113481,0.6807500000000049
2.246,0.681450000000005,0.7101398467644402,0.7458928733113481,0.681450000000005
2.248,0.682150000000005,0.7108398467644402,0.7465928733113482,0.682150000000005
2.25,0.6828500000000051,0.7115398467644404,0.7472928733113482,0.6828500000000051
2.252,0.6835500000000051,0.7122398467644404,0.7479928733113482,0.6835500000000051
2.254,0.6842500000000051,0.7129398467644404,0.7486928733113484,0.6842500000000051
2.256,0.6849500000000052,0.7136398467644405,0.7493928733113484,0.6849500000000052
2.258,0.6856500000000052,0.7143398467644405,0.7500928733113484,0.6856500000000052
2.26,0.6863500000000052,0.7150398467644405,0.7507928733113485,0.6863500000000052
2.262,0.6870500000000053,0.7157398467644406,0.7514928733113485,0.6870500000000053
2.264,0.6877500000000054,0.7164398467644406,0.7521928733113485,0.6877500000000054
2.266,0.6884500000000054,0.7171398467644406,0.7528928733113486,0.6884500000000054
2.268,0.6891500000000055,0.7178398467644408,0.7535928733113486,0.6891500000000055
2.27,0.6898500000000055,0.7185398467644408,0.7542928733113486,0.6898500000000055
2.272,0.6905500000000055,0.7192398467644409,0.7549928733113487,0.6905500000000055
2.274,0.6912500000000056,0.7199398467644409,0.7556928733113488,0.6912500000000056
2.276,0.6919500000000056,0.7206398467644409,0.7563928733113489,0.6919500000000056
2.278,0.6926500000000057,0.721339846764441,0.7570928733113489,0.6926500000000057
2.28,0.6933500000000057,0.722039846764441,0.7577928733113489,0.6933500000000057
2.282,0.6940500000000057,0.722739846764441,0.758492873311349,0.6940500000000057
2.284,0.6947500000000059,0.7234398467644411,0.759192873311349,0.6947500000000059
2.286,0.6954500000000059,0.7241398467644411,0.759892873311349,0.6954500000000059
2.288,0.6961500000000059,0.7248398467644412,0.7605928733113491,0.6961500000000059
2.29,0.696850000000006,0.7255398467644413,0.7612928733113491,0.696850000000006
2.292,0.697550000000006,0.7262398467644413,0.7619928733113492,0.697550000000006
2.294,0.698250000000006,0.7269398467644413,0.7626928733113493,0.698250000000006
2.296,0.6989500000000061,0.7276398467644414,0.7633928733113493,0.6989500000000061
2.298,0.6996500000000061,0.7283398467644414,0.7640928733113493,0.6996500000000061
2.3,0.7003500000000061,0.7290398467644414,0.7647928733113494,0.7003500000000061
2.302,0.7010500000000062,0.7297398467644415,0.7654928733113494,0.7010500000000062
2.304,0.7017500000000063,0.7304398467644415,0.7661928733113494,0.7017500000000063
2.306,0.7024500000000063,0.7311398467644415,0.7668928733113495,0.7024500000000063
2.308,0.7031500000000064,0.7318398467644417,0.7675928733113495,0.7031500000000064
2.31,0.7038500000000064,0.7325398467644417,0.7682928733113495,0.7038500000000064
2.312,0.7045500000000064,0.7332398467644418,0.7689928733113497,0.7045500000000064
2.314,0.7052500000000065,0.7339398467644418,0.7696928733113497,0.7052500000000065
2.316,0.7059500000000065,0.7346398467644418,0.7703928733113498,0.7059500000000065
2.318,0.7066500000000066,0.7353398467644419,0.7710928733113498,0.7066500000000066
2.32,0.7073500000000066,0.7360398467644419,0.7717928733113498,0.7073500000000066
2.322,0.7080500000000067,0.7367398467644419,0.7724928733113499,0.7080500000000067
2.324,0.7087500000000068,0.737439846764442,0.7731928733113499,0.7087500000000068
2.326,0.7094500000000068,0.7381398467644421,0.7738928733113499,0.7094500000000068
2.328,0.7101500000000068,0.7388398467644421,0.77459287331135,0.7101500000000068
2.33,0.7108500000000069,0.7395398467644422,0.7752928733113501,0.7108500000000069
2.332,0.7115500000000069,0.7402398467644422,0.7759928733113501,0.7115500000000069
2.334,0.7122500000000069,0.7409398467644422,0.7766928733113502,0.7122500000000069
2.336,0.712950000000007,0.7416398467644423,0.7773928733113502,0.712950000000007
2.338,0.713650000000007,0.7423398467644423,0.7780928733113502,0.713650000000007
2.34,0.714350000000007,0.7430398467644423,0.7787928733113503,0.714350000000007
2.342,0.7150500000000072,0.7437398467644424,0.7794928733113503,0.7150500000000072
2.344,0.7157500000000072,0.7444398467644424,0.7801928733113503,0.7157500000000072
2.346,0.7164500000000072,0.7451398467644426,0.7808928733113504,0.7164500000000072
2.348,0.7171500000000073,0.7458398467644426,0.7815928733113504,0.7171500000000073
2.35,0.7178500000000073,0.7465398467644426,0.7822928733113506,0.7178500000000073
2.352,0.7185500000000073,0.7472398467644427,0.7829928733113506,0.7185500000000073
2.354,0.7192500000000074,0.7479398467644427,0.7836928733113506,0.7192500000000074
2.356,0.7199500000000074,0.7486398467644427,0.7843928733113507,0.7199500000000074
2.358,0.7206500000000075,0.7493398467644428,0.7850928733113507,0.7206500000000075
2.36,0.7213500000000076,0.7500398467644428,0.7857928733113507,0.7213500000000076
2.362,0.7220500000000076,0.7507398467644428,0.7864928733113508,0.7220500000000076
2.364,0.7227500000000077,0.751439846764443,0.7871928733113508,0.7227500000000077
2.366,0.7234500000000077,0.752139846764443,0.7878928733113508,0.7234500000000077
2.368,0.7241500000000077,0.752839846764443,0.7885928733113509,0.7241500000000077
2.37,0.7248500000000078,0.7535398467644431,0.789292873311351,0.7248500000000078
2.372,0.7255500000000078,0.7542398467644431,0.789992873311351,0.7255500000000078
2.374,0.7262500000000078,0.7549398467644431,0.7906928733113511,0.7262500000000078
2.376,0.7269500000000079,0.7556398467644432,0.7913928733113511,0.7269500000000079
2.378,0.7276500000000079,0.7563398467644432,0.7920928733113511,0.7276500000000079
2.38,0.728350000000008,0.7570398467644432,0.7927928733113512,0.728350000000008
2.382,0.7290500000000081,0.7577398467644433,0.7934928733113512,0.7290500000000081
2.384,0.7297500000000081,0.7584398467644434,0.7941928733113512,0.7297500000000081
2.386,0.7304500000000081,0.7591398467644435,0.7948928733113513,0.7304500000000081
2.388,0.7311500000000082,0.7598398467644435,0.7955928733113514,0.7311500000000082
2.39,0.7318500000000082,0.7605398467644435,0.7962928733113515,0.7318500000000082
2.392,0.7325500000000083,0.7612398467644436,0.7969928733113515,0.7325500000000083
2.394,0.7332500000000083,0.7619398467644436,0.7976928733113515,0.7332500000000083
2.396,0.7339500000000083,0.7626398467644436,0.7983928733113516,0.7339500000000083
2.398,0.7346500000000084,0.7633398467644437,0.7990928733113516,0.7346500000000084
2.4,0.7353500000000085,0.7640398467644437,0.7997928733113516,0.7353500000000085
2.402,0.7360500000000085,0.7647398467644437,0.8004928733113517,0.7360500000000085
2.404,0.7367500000000086,0.7654398467644439,0.8011928733113517,0.7367500000000086
2.406,0.7374500000000086,0.7661398467644439,0.8018928733113517,0.7374500000000086
2.408,0.7381500000000086,0.7668398467644439,0.8025928733113519,0.7381500000000086
2.41,0.7388500000000087,0.767539846764444,0.8032928733113519,0.7388500000000087
2.412,0.7395500000000087,0.768239846764444,0.8039928733113519,0.7395500000000087
2.414,0.7402500000000087,0.768939846764444,0.804692873311352,0.7402500000000087
2.416,0.7409500000000088,0.7696398467644441,0.805392873311352,0.7409500000000088
2.418,0.7416500000000089,0.7703398467644441,0.806092873311352,0.7416500000000089
2.42,0.742350000000009,0.7710398467644441,0.8067928733113521,0.742350000000009
2.422,0.743050000000009,0.7717398467644443,0.8074928733113521,0.743050000000009
2.424,0.743750000000009,0.7724398467644443,0.8081928733113521,0.743750000000009
2.426,0.744450000000009,0.7731398467644444,0.8088928733113523,0.744450000000009
2.428,0.7451500000000091,0.7738398467644444,0.8095928733113523,0.7451500000000091
2.43,0.7458500000000091,0.7745398467644444,0.8102928733113524,0.7458500000000091
2.432,0.7465500000000092,0.7752398467644445,0.8109928733113524,0.7465500000000092
2.434,0.7472500000000092,0.7759398467644445,0.8116928733113524,0.7472500000000092
2.436,0.7479500000000092,0.7766398467644445,0.8123928733113525,0.7479500000000092
2.438,0.7486500000000094,0.7773398467644446,0.8130928733113525,0.7486500000000094
2.44,0.7493500000000094,0.7780398467644446,0.8137928733113525,0.7493500000000094
2.442,0.7500500000000094,0.7787398467644447,0.8144928733113526,0.7500500000000094
2.444,0.7507500000000095,0.7794398467644448,0.8151928733113526,0.7507500000000095
2.446,0.7514500000000095,0.7801398467644448,0.8158928733113527,0.7514500000000095
2.448,0.7521500000000095,0.7808398467644448,0.8165928733113528,0.7521500000000095
2.45,0.7528500000000096,0.7815398467644449,0.8172928733113528,0.7528500000000096
2.452,0.7535500000000096,0.7822398467644449,0.8179928733113528,0.7535500000000096
2.454,0.7542500000000096,0.782939846764445,0.8186928733113529,0.7542500000000096
2.456,0.7549500000000098,0.783639846764445,0.8193928733113529,0.7549500000000098
2.458,0.7556500000000098,0.784339846764445,0.8200928733113529,0.7556500000000098
2.46,0.7563500000000098,0.785039846764445,0.820792873311353,0.7563500000000098
2.462,0.7570500000000099,0.7857398467644452,0.821492873311353,0.7570500000000099
2.464,0.7577500000000099,0.7864398467644452,0.822192873311353,0.7577500000000099
2.466,0.75845000000001,0.7871398467644453,0.8228928733113532,0.75845000000001
2.468,0.75915000000001,0.7878398467644453,0.8235928733113532,0.75915000000001
2.47,0.75985000000001,0.7885398467644453,0.8242928733113533,0.75985000000001
2.472,0.76055000000001,0.7892398467644454,0.8249928733113533,0.76055000000001
2.474,0.7612500000000101,0.7899398467644454,0.8256928733113533,0.7612500000000101
2.476,0.7619500000000102,0.7906398467644454,0.8263928733113534,0.7619500000000102
2.478,0.7626500000000103,0.7913398467644455,0.8270928733113534,0.7626500000000103
2.48,0.7633500000000103,0.7920398467644456,0.8277928733113534,0.7633500000000103
2.482,0.7640500000000103,0.7927398467644456,0.8284928733113535,0.7640500000000103
2.484,0.7647500000000104,0.7934398467644457,0.8291928733113536,0.7647500000000104
2.486,0.7654500000000104,0.7941398467644457,0.8298928733113536,0.7654500000000104
2.488,0.7661500000000104,0.7948398467644457,0.8305928733113537,0.7661500000000104
2.49,0.7668500000000105,0.7955398467644458,0.8312928733113537,0.7668500000000105
2.492,0.7675500000000105,0.7962398467644458,0.8319928733113537,0.7675500000000105
2.494,0.7682500000000105,0.7969398467644458,0.8326928733113538,0.7682500000000105
2.496,0.7689500000000107,0.7976398467644459,0.8333928733113538,0.7689500000000107
2.498,0.7696500000000107,0.7983398467644459,0.8340928733113538,0.7696500000000107
2.5,0.7703500000000107,0.7990398467644461,0.8347928733113539,0.7703500000000107
2.502,0.7710500000000108,0.7997398467644461,0.8354928733113539,0.7710500000000108
2.504,0.7717500000000108,0.8004398467644461,0.8361928733113541,0.7717500000000108
2.506,0.7724500000000109,0.8011398467644462,0.8368928733113541,0.7724500000000109
2.508,0.7731500000000109,0.8018398467644462,0.8375928733113541,0.7731500000000109
2.51,0.7738500000000109,0.8025398467644462,0.8382928733113542,0.7738500000000109
2.512,0.774550000000011,0.8032398467644463,0.8389928733113542,0.774550000000011
2.514,0.7752500000000111,0.8039398467644463,0.8396928733113542,0.7752500000000111
2.516,0.7759500000000111,0.8046398467644463,0.8403928733113543,0.7759500000000111
2.518,0.7766500000000112,0.8053398467644465,0.8410928733113543,0.7766500000000112
2.52,0.7773500000000112,0.8060398467644465,0.8417928733113543,0.7773500000000112
2.522,0.7780500000000112,0.8067398467644465,0.8424928733113545,0.7780500000000112
2.524,0.7787500000000113,0.8074398467644466,0.8431928733113545,0.7787500000000113
2.526,0.7794500000000113,0.8081398467644466,0.8438928733113545,0.7794500000000113
2.528,0.7801500000000113,0.8088398467644466,0.8445928733113546,0.7801500000000113
2.53,0.7808500000000114,0.8095398467644467,0.8452928733113546,0.7808500000000114
2.532,0.7815500000000114,0.8102398467644467,0.8459928733113546,0.7815500000000114
2.534,0.7822500000000115,0.8109398467644467,0.8466928733113547,0.7822500000000115
2.536,0.7829500000000116,0.8116398467644468,0.8473928733113547,0.7829500000000116
2.538,0.7836500000000116,0.8123398467644469,0.8480928733113547,0.7836500000000116
2.54,0.7843500000000116,0.813039846764447,0.8487928733113548,0.7843500000000116
2.542,0.7850500000000117,0.813739846764447,0.8494928733113549,0.7850500000000117
2.544,0.7857500000000117,0.814439846764447,0.850192873311355,0.7857500000000117
2.546,0.7864500000000118,0.8151398467644471,0.850892873311355,0.7864500000000118
2.548,0.7871500000000118,0.8158398467644471,0.851592873311355,0.7871500000000118
2.55,0.7878500000000118,0.8165398467644471,0.8522928733113551,0.7878500000000118
2.552,0.7885500000000119,0.8172398467644472,0.8529928733113551,0.7885500000000119
2.554,0.789250000000012,0.8179398467644472,0.8536928733113551,0.789250000000012
2.556,0.789950000000012,0.8186398467644472,0.8543928733113552,0.789950000000012
2.558,0.7906500000000121,0.8193398467644474,0.8550928733113552,0.7906500000000121
2.56,0.7913500000000121,0.8200398467644474,0.8557928733113552,0.7913500000000121
2.562,0.7920500000000121,0.8207398467644474,0.8564928733113554,0.7920500000000121
2.564,0.7927500000000122,0.8214398467644475,0.8571928733113554,0.7927500000000122
2.566,0.7934500000000122,0.8221398467644475,0.8578928733113554,0.7934500000000122
2.568,0.7941500000000122,0.8228398467644475,0.8585928733113555,0.7941500000000122
2.57,0.7948500000000123,0.8235398467644476,0.8592928733113555,0.7948500000000123
2.572,0.7955500000000124,0.8242398467644476,0.8599928733113555,0.7955500000000124
2.574,0.7962500000000124,0.8249398467644476,0.8606928733113556,0.7962500000000124
2.576,0.7969500000000125,0.8256398467644478,0.8613928733113556,0.7969500000000125
2.578,0.7976500000000125,0.8263398467644478,0.8620928733113556,0.7976500000000125
2.58,0.7983500000000125,0.8270398467644479,0.8627928733113558,0.7983500000000125
2.582,0.7990500000000126,0.8277398467644479,0.8634928733113558,0.7990500000000126
2.584,0.7997500000000126,0.8284398467644479,0.8641928733113559,0.7997500000000126
2.586,0.8004500000000127,0.829139846764448,0.8648928733113559,0.8004500000000127
2.588,0.8011500000000127,0.829839846764448,0.8655928733113559,0.8011500000000127
2.59,0.8018500000000127,0.830539846764448,0.866292873311356,0.8018500000000127
2.592,0.8025500000000129,0.8312398467644481,0.866992873311356,0.8025500000000129
2.594,0.8032500000000129,0.8319398467644481,0.867692873311356,0.8032500000000129
2.596,0.8039500000000129,0.8326398467644482,0.8683928733113561,0.8039500000000129
2.598,0.804650000000013,0.8333398467644483,0.8690928733113561,0.804650000000013
2.6,0.805350000000013,0.8340398467644483,0.8697928733113562,0.805350000000013
2.602,0.806050000000013,0.8347398467644483,0.8704928733113563,0.806050000000013
2.604,0.8067500000000131,0.8354398467644484,0.8711928733113563,0.8067500000000131
2.606,0.8074500000000131,0.8361398467644484,0.8718928733113563,0.8074500000000131
2.608,0.8081500000000131,0.8368398467644484,0.8725928733113564,0.8081500000000131
2.61,0.8088500000000133,0.8375398467644485,0.8732928733113564,0.8088500000000133
2.612,0.8095500000000133,0.8382398467644485,0.8739928733113564,0.8095500000000133
2.614,0.8102500000000133,0.8389398467644487,0.8746928733113565,0.8102500000000133
2.616,0.8109500000000134,0.8396398467644487,0.8753928733113565,0.8109500000000134
2.618,0.8116500000000134,0.8403398467644487,0.8760928733113567,0.8116500000000134
2.62,0.8123500000000135,0.8410398467644488,0.8767928733113567,0.8123500000000135
2.622,0.8130500000000135,0.8417398467644488,0.8774928733113567,0.8130500000000135
2.624,0.8137500000000135,0.8424398467644488,0.8781928733113568,0.8137500000000135
2.626,0.8144500000000136,0.8431398467644489,0.8788928733113568,0.8144500000000136
2.628,0.8151500000000136,0.8438398467644489,0.8795928733113568,0.8151500000000136
2.63,0.8158500000000137,0.8445398467644489,0.8802928733113569,0.8158500000000137
2.632,0.8165500000000138,0.845239846764449,0.8809928733113569,0.8165500000000138
2.634,0.8172500000000138,0.8459398467644491,0.8816928733113569,0.8172500000000138
2.636,0.8179500000000138,0.8466398467644491,0.882392873311357,0.8179500000000138
2.638,0.8186500000000139,0.8473398467644492,0.8830928733113571,0.8186500000000139
2.64,0.8193500000000139,0.8480398467644492,0.8837928733113571,0.8193500000000139
2.642,0.8200500000000139,0.8487398467644492,0.8844928733113572,0.8200500000000139
2.644,0.820750000000014,0.8494398467644493,0.8851928733113572,0.820750000000014
2.646,0.821450000000014,0.8501398467644493,0.8858928733113572,0.821450000000014
2.648,0.822150000000014,0.8508398467644493,0.8865928733113573,0.822150000000014
2.65,0.8228500000000142,0.8515398467644494,0.8872928733113573,0.8228500000000142
2.652,0.8235500000000142,0.8522398467644494,0.8879928733113573,0.8235500000000142
2.654,0.8242500000000142,0.8529398467644496,0.8886928733113574,0.8242500000000142
2.656,0.8249500000000143,0.8536398467644496,0.8893928733113574,0.8249500000000143
2.658,0.8256500000000143,0.8543398467644496,0.8900928733113576,0.8256500000000143
2.66,0.8263500000000144,0.8550398467644497,0.8907928733113576,0.8263500000000144
2.662,0.8270500000000144,0.8557398467644497,0.8914928733113576,0.8270500000000144
2.664,0.8277500000000144,0.8564398467644497,0.8921928733113577,0.8277500000000144
2.666,0.8284500000000145,0.8571398467644498,0.8928928733113577,0.8284500000000145
2.668,0.8291500000000146,0.8578398467644498,0.8935928733113577,0.8291500000000146
2.67,0.8298500000000146,0.8585398467644498,0.8942928733113578,0.8298500000000146
2.672,0.8305500000000147,0.85923984676445,0.8949928733113578,0.8305500000000147
2.674,0.8312500000000147,0.85993984676445,0.8956928733113578,0.8312500000000147
2.676,0.8319500000000147,0.86063984676445,0.896392873311358,0.8319500000000147
2.678,0.8326500000000148,0.8613398467644501,0.897092873311358,0.8326500000000148
2.68,0.8333500000000148,0.8620398467644501,0.897792873311358,0.8333500000000148
2.682,0.8340500000000148,0.8627398467644501,0.8984928733113581,0.8340500000000148
2.684,0.8347500000000149,0.8634398467644502,0.8991928733113581,0.8347500000000149
2.686,0.8354500000000149,0.8641398467644502,0.8998928733113581,0.8354500000000149
2.688,0.836150000000015,0.8648398467644502,0.9005928733113582,0.836150000000015
2.69,0.8368500000000151,0.8655398467644503,0.9012928733113582,0.8368500000000151
2.692,0.8375500000000151,0.8662398467644504,0.9019928733113582,0.8375500000000151
2.694,0.8382500000000151,0.8669398467644505,0.9026928733113582,0.8382500000000151
2.696,0.8389500000000152,0.8676398467644505,0.9033928733113584,0.8389500000000152
2.698,0.8396500000000152,0.8683398467644505,0.9040928733113583,0.8396500000000152
2.7,0.8403500000000153,0.8690398467644506,0.9047928733113584,0.8403500000000153
2.702,0.8410500000000153,0.8697398467644506,0.9054928733113586,0.8410500000000153
2.704,0.8417500000000153,0.8704398467644506,0.9061928733113586,0.8417500000000153
2.706,0.8424500000000155,0.8711398467644507,0.9068928733113586,0.8424500000000155
2.708,0.8431500000000155,0.8718398467644507,0.9075928733113586,0.8431500000000155
2.71,0.8438500000000155,0.8725398467644508,0.9082928733113586,0.8438500000000155
2.712,0.8445500000000156,0.8732398467644509,0.9089928733113586,0.8445500000000156
2.714,0.8452500000000156,0.8739398467644509,0.9096928733113588,0.8452500000000156
2.716,0.8459500000000156,0.874639846764451,0.9103928733113588,0.8459500000000156
2.718,0.8466500000000157,0.875339846764451,0.911092873311359,0.8466500000000157
2.72,0.8473500000000157,0.876039846764451,0.911792873311359,0.8473500000000157
2.722,0.8480500000000157,0.876739846764451,0.912492873311359,0.8480500000000157
2.724,0.8487500000000158,0.8774398467644511,0.913192873311359,0.8487500000000158
2.726,0.8494500000000159,0.8781398467644511,0.913892873311359,0.8494500000000159
2.728,0.850150000000016,0.8788398467644511,0.914592873311359,0.850150000000016
2.73,0.850850000000016,0.8795398467644513,0.9152928733113592,0.850850000000016
2.732,0.851550000000016,0.8802398467644513,0.9159928733113591,0.851550000000016
2.734,0.852250000000016,0.8809398467644514,0.9166928733113592,0.852250000000016
2.736,0.8529500000000161,0.8816398467644514,0.9173928733113594,0.8529500000000161
2.738,0.8536500000000161,0.8823398467644514,0.9180928733113594,0.8536500000000161
2.74,0.8543500000000162,0.8830398467644515,0.9187928733113594,0.8543500000000162
2.742,0.8550500000000162,0.8837398467644515,0.9194928733113594,0.8550500000000162
2.744,0.8557500000000162,0.8844398467644515,0.9201928733113593,0.8557500000000162
2.746,0.8564500000000164,0.8851398467644516,0.9208928733113594,0.8564500000000164
2.748,0.8571500000000164,0.8858398467644516,0.9215928733113596,0.8571500000000164
2.75,0.8578500000000164,0.8865398467644517,0.9222928733113596,0.8578500000000164
2.752,0.8585500000000165,0.8872398467644518,0.9229928733113596,0.8585500000000165
2.754,0.8592500000000165,0.8879398467644518,0.9236928733113599,0.8592500000000165
2.756,0.8599500000000165,0.8886398467644518,0.9243928733113598,0.8599500000000165
2.758,0.8606500000000166,0.8893398467644519,0.9250928733113598,0.8606500000000166
2.76,0.8613500000000166,0.8900398467644519,0.9257928733113598,0.8613500000000166
2.762,0.8620500000000166,0.890739846764452,0.9264928733113598,0.8620500000000166
2.764,0.8627500000000168,0.891439846764452,0.92719287331136,0.8627500000000168
2.766,0.8634500000000168,0.892139846764452,0.92789287331136,0.8634500000000168
2.768,0.8641500000000168,0.8928398467644522,0.92859287331136,0.8641500000000168
2.77,0.8648500000000169,0.8935398467644522,0.92929287331136,0.8648500000000169
2.772,0.8655500000000169,0.8942398467644522,0.9299928733113602,0.8655500000000169
2.774,0.866250000000017,0.8949398467644523,0.9306928733113602,0.866250000000017
2.776,0.866950000000017,0.8956398467644523,0.9313928733113602,0.866950000000017
2.778,0.867650000000017,0.8963398467644523,0.9320928733113601,0.867650000000017
2.78,0.868350000000017,0.8970398467644524,0.9327928733113602,0.868350000000017
2.782,0.8690500000000171,0.8977398467644524,0.9334928733113604,0.8690500000000171
2.784,0.8697500000000172,0.8984398467644524,0.9341928733113604,0.8697500000000172
2.786,0.8704500000000173,0.8991398467644525,0.9348928733113604,0.8704500000000173
2.788,0.8711500000000173,0.8998398467644526,0.9355928733113604,0.8711500000000173
2.79,0.8718500000000173,0.9005398467644526,0.9362928733113604,0.8718500000000173
2.792,0.8725500000000174,0.9012398467644526,0.9369928733113606,0.8725500000000174
2.794,0.8732500000000174,0.9019398467644528,0.9376928733113606,0.8732500000000174
2.796,0.8739500000000174,0.9026398467644527,0.9383928733113606,0.8739500000000174
2.798,0.8746500000000175,0.9033398467644528,0.9390928733113608,0.8746500000000175
2.8,0.8753500000000175,0.9040398467644528,0.9397928733113609,0.8753500000000175
2.802,0.8760500000000176,0.9047398467644528,0.9404928733113608,0.8760500000000176
2.804,0.8767500000000177,0.9054398467644528,0.9411928733113608,0.8767500000000177
2.806,0.8774500000000177,0.906139846764453,0.9418928733113608,0.8774500000000177
2.808,0.8781500000000177,0.906839846764453,0.9425928733113608,0.8781500000000177
2.81,0.8788500000000178,0.907539846764453,0.943292873311361,0.8788500000000178
2.812,0.8795500000000178,0.9082398467644532,0.943992873311361,0.8795500000000178
2.814,0.8802500000000179,0.9089398467644532,0.944692873311361,0.8802500000000179
2.816,0.8809500000000179,0.9096398467644532,0.9453928733113612,0.8809500000000179
2.818,0.8816500000000179,0.9103398467644532,0.9460928733113612,0.8816500000000179
2.82,0.882350000000018,0.9110398467644532,0.9467928733113612,0.882350000000018
2.822,0.8830500000000181,0.9117398467644532,0.9474928733113612,0.8830500000000181
2.824,0.8837500000000181,0.9124398467644534,0.9481928733113612,0.8837500000000181
2.826,0.8844500000000182,0.9131398467644534,0.9488928733113612,0.8844500000000182
2.828,0.8851500000000182,0.9138398467644536,0.9495928733113614,0.8851500000000182
2.83,0.8858500000000182,0.9145398467644535,0.9502928733113614,0.8858500000000182
2.832,0.8865500000000183,0.9152398467644536,0.9509928733113616,0.8865500000000183
2.834,0.8872500000000183,0.9159398467644536,0.9516928733113617,0.8872500000000183
2.836,0.8879500000000183,0.9166398467644536,0.9523928733113616,0.8879500000000183
2.838,0.8886500000000184,0.9173398467644536,0.9530928733113616,0.8886500000000184
2.84,0.8893500000000184,0.9180398467644538,0.9537928733113616,0.8893500000000184
2.842,0.8900500000000185,0.9187398467644537,0.9544928733113616,0.8900500000000185
2.844,0.8907500000000186,0.9194398467644538,0.9551928733113618,0.8907500000000186
2.846,0.8914500000000186,0.920139846764454,0.9558928733113617,0.8914500000000186
2.848,0.8921500000000187,0.920839846764454,0.9565928733113618,0.8921500000000187
2.85,0.8928500000000187,0.921539846764454,0.957292873311362,0.8928500000000187
2.852,0.8935500000000187,0.922239846764454,0.957992873311362,0.8935500000000187
2.854,0.8942500000000188,0.922939846764454,0.958692873311362,0.8942500000000188
2.856,0.8949500000000188,0.923639846764454,0.959392873311362,0.8949500000000188
2.858,0.8956500000000188,0.9243398467644542,0.960092873311362,0.8956500000000188
2.86,0.896350000000019,0.9250398467644542,0.960792873311362,0.896350000000019
2.862,0.897050000000019,0.9257398467644542,0.9614928733113622,0.897050000000019
2.864,0.897750000000019,0.9264398467644545,0.9621928733113622,0.897750000000019
2.866,0.8984500000000191,0.9271398467644544,0.9628928733113622,0.8984500000000191
2.868,0.8991500000000191,0.9278398467644544,0.9635928733113625,0.8991500000000191
2.87,0.8998500000000191,0.9285398467644544,0.9642928733113624,0.8998500000000191
2.872,0.9005500000000192,0.9292398467644544,0.9649928733113624,0.9005500000000192
2.874,0.9012500000000192,0.9299398467644546,0.9656928733113624,0.9012500000000192
2.876,0.9019500000000192,0.9306398467644545,0.9663928733113624,0.9019500000000192
2.878,0.9026500000000192,0.9313398467644546,0.9670928733113626,0.9026500000000192
2.88,0.9033500000000194,0.9320398467644546,0.9677928733113625,0.9033500000000194
2.882,0.9040500000000194,0.9327398467644546,0.9684928733113626,0.9040500000000194
2.884,0.9047500000000194,0.9334398467644548,0.9691928733113626,0.9047500000000194
2.886,0.9054500000000196,0.9341398467644548,0.9698928733113626,0.9054500000000196
2.888,0.9061500000000196,0.9348398467644548,0.9705928733113628,0.9061500000000196
2.89,0.9068500000000196,0.9355398467644548,0.9712928733113628,0.9068500000000196
2.892,0.9075500000000196,0.936239846764455,0.9719928733113627,0.9075500000000196
2.894,0.9082500000000197,0.936939846764455,0.9726928733113628,0.9082500000000197
2.896,0.9089500000000196,0.937639846764455,0.973392873311363,0.9089500000000196
2.898,0.9096500000000198,0.938339846764455,0.974092873311363,0.9096500000000198
2.9,0.9103500000000198,0.939039846764455,0.974792873311363,0.9103500000000198
2.902,0.9110500000000198,0.9397398467644552,0.975492873311363,0.9110500000000198
2.904,0.91175000000002,0.9404398467644552,0.976192873311363,0.91175000000002
2.906,0.91245000000002,0.9411398467644552,0.9768928733113632,0.91245000000002
2.908,0.91315000000002,0.9418398467644554,0.9775928733113632,0.91315000000002
2.91,0.91385000000002,0.9425398467644553,0.9782928733113632,0.91385000000002
2.912,0.91455000000002,0.9432398467644554,0.9789928733113634,0.91455000000002
2.914,0.9152500000000202,0.9439398467644554,0.9796928733113635,0.9152500000000202
2.916,0.9159500000000202,0.9446398467644554,0.9803928733113634,0.9159500000000202
2.918,0.9166500000000202,0.9453398467644554,0.9810928733113634,0.9166500000000202
2.92,0.9173500000000204,0.9460398467644556,0.9817928733113634,0.9173500000000204
2.922,0.9180500000000203,0.9467398467644556,0.9824928733113634,0.9180500000000203
2.924,0.9187500000000204,0.9474398467644556,0.9831928733113636,0.9187500000000204
2.926,0.9194500000000204,0.9481398467644558,0.9838928733113635,0.9194500000000204
2.928,0.9201500000000205,0.9488398467644558,0.9845928733113636,0.9201500000000205
2.93,0.9208500000000204,0.9495398467644558,0.9852928733113638,0.9208500000000204
2.932,0.9215500000000206,0.9502398467644558,0.9859928733113638,0.9215500000000206
2.934,0.9222500000000206,0.9509398467644558,0.9866928733113638,0.9222500000000206
2.936,0.9229500000000206,0.9516398467644558,0.9873928733113638,0.9229500000000206
2.938,0.9236500000000208,0.952339846764456,0.9880928733113638,0.9236500000000208
2.94,0.9243500000000208,0.953039846764456,0.9887928733113638,0.9243500000000208
2.942,0.9250500000000208,0.9537398467644562,0.989492873311364,0.9250500000000208
2.944,0.9257500000000208,0.9544398467644561,0.990192873311364,0.9257500000000208
2.946,0.9264500000000208,0.9551398467644562,0.9908928733113642,0.9264500000000208
2.948,0.927150000000021,0.9558398467644562,0.9915928733113643,0.927150000000021
2.95,0.927850000000021,0.9565398467644562,0.9922928733113642,0.927850000000021
2.952,0.928550000000021,0.9572398467644562,0.9929928733113642,0.928550000000021
2.954,0.929250000000021,0.9579398467644564,0.9936928733113642,0.929250000000021
2.956,0.9299500000000211,0.9586398467644563,0.9943928733113642,0.9299500000000211
2.958,0.9306500000000212,0.9593398467644564,0.9950928733113644,0.9306500000000212
2.96,0.9313500000000212,0.9600398467644566,0.9957928733113643,0.9313500000000212
2.962,0.9320500000000213,0.9607398467644566,0.9964928733113644,0.9320500000000213
2.964,0.9327500000000212,0.9614398467644566,0.9971928733113646,0.9327500000000212
2.966,0.9334500000000214,0.9621398467644566,0.9978928733113646,0.9334500000000214
2.968,0.9341500000000214,0.9628398467644566,0.9985928733113646,0.9341500000000214
2.97,0.9348500000000214,0.9635398467644566,0.9992928733113646,0.9348500000000214
2.972,0.9355500000000214,0.9642398467644568,0.9999928733113645,0.9355500000000214
2.974,0.9362500000000215,0.9649398467644568,1.0006928733113647,0.9362500000000215
2.976,0.9369500000000216,0.9656398467644568,1.0013928733113648,0.9369500000000216
2.978,0.9376500000000216,0.9663398467644568,1.0020928733113648,0.9376500000000216
2.98,0.9383500000000216,0.967039846764457,1.002792873311365,0.9383500000000216
2.982,0.9390500000000218,0.967739846764457,1.0034928733113648,0.9390500000000218
2.984,0.9397500000000218,0.968439846764457,1.004192873311365,0.9397500000000218
2.986,0.9404500000000218,0.969139846764457,1.004892873311365,0.9404500000000218
2.988,0.9411500000000218,0.9698398467644572,1.005592873311365,0.9411500000000218
2.99,0.9418500000000218,0.9705398467644571,1.006292873311365,0.9418500000000218
2.992,0.9425500000000218,0.9712398467644572,1.006992873311365,0.9425500000000218
2.994,0.943250000000022,0.9719398467644572,1.0076928733113653,0.943250000000022
2.996,0.943950000000022,0.9726398467644572,1.0083928733113652,0.943950000000022
2.998,0.944650000000022,0.9733398467644574,1.0090928733113653,0.944650000000022
3.0,0.9453500000000222,0.9740398467644574,1.0097928733113652,0.9453500000000222
3.002,0.9460500000000222,0.9747398467644574,1.0104928733113654,0.9460500000000222
3.004,0.9467500000000222,0.9754398467644574,1.0111928733113653,0.9467500000000222
3.006,0.9474500000000222,0.9761398467644576,1.0118928733113655,0.9474500000000222
3.008,0.9481500000000223,0.9768398467644576,1.0125928733113654,0.9481500000000223
3.01,0.9488500000000222,0.9775398467644576,1.0132928733113655,0.9488500000000222
3.012,0.9495500000000224,0.9782398467644576,1.0139928733113657,0.9495500000000224
3.014,0.9502500000000224,0.9789398467644576,1.0146928733113656,0.9502500000000224
3.016,0.9509500000000224,0.9796398467644578,1.0153928733113657,0.9509500000000224
3.018,0.9516500000000226,0.9803398467644578,1.0160928733113657,0.9516500000000226
3.02,0.9523500000000226,0.9810398467644578,1.0167928733113658,0.9523500000000226
3.022,0.9530500000000226,0.981739846764458,1.0174928733113657,0.9530500000000226
3.024,0.9537500000000226,0.982439846764458,1.0181928733113659,0.9537500000000226
3.026,0.9544500000000226,0.983139846764458,1.0188928733113658,0.9544500000000226
3.028,0.9551500000000228,0.983839846764458,1.019592873311366,0.9551500000000228
3.03,0.9558500000000228,0.984539846764458,1.0202928733113659,0.9558500000000228
3.032,0.9565500000000228,0.985239846764458,1.020992873311366,0.9565500000000228
3.034,0.957250000000023,0.9859398467644582,1.0216928733113662,0.957250000000023
3.036,0.957950000000023,0.9866398467644582,1.022392873311366,0.957950000000023
3.038,0.958650000000023,0.9873398467644582,1.0230928733113662,0.958650000000023
3.04,0.959350000000023,0.9880398467644584,1.0237928733113661,0.959350000000023
3.042,0.960050000000023,0.9887398467644584,1.024492873311366,0.960050000000023
3.044,0.960750000000023,0.9894398467644584,1.0251928733113662,0.960750000000023
3.046,0.9614500000000232,0.9901398467644584,1.0258928733113661,0.9614500000000232
3.048,0.9621500000000232,0.9908398467644584,1.0265928733113663,0.9621500000000232
3.05,0.9628500000000232,0.9915398467644584,1.0272928733113662,0.9628500000000232
3.052,0.9635500000000234,0.9922398467644586,1.0279928733113664,0.9635500000000234
3.054,0.9642500000000234,0.9929398467644586,1.0286928733113665,0.9642500000000234
3.056,0.9649500000000234,0.9936398467644588,1.0293928733113664,0.9649500000000234
3.058,0.9656500000000234,0.9943398467644587,1.0300928733113666,0.9656500000000234
3.06,0.9663500000000234,0.9950398467644588,1.0307928733113665,0.9663500000000234
3.062,0.9670500000000236,0.9957398467644588,1.0314928733113666,0.9670500000000236
3.064,0.9677500000000236,0.9964398467644588,1.0321928733113666,0.9677500000000236
3.066,0.9684500000000236,0.9971398467644588,1.0328928733113667,0.9684500000000236
3.068,0.9691500000000236,0.997839846764459,1.0335928733113666,0.9691500000000236
3.07,0.9698500000000236,0.998539846764459,1.0342928733113668,0.9698500000000236
3.072,0.9705500000000238,0.999239846764459,1.034992873311367,0.9705500000000238
3.074,0.9712500000000238,0.999939846764459,1.0356928733113668,0.9712500000000238
3.076,0.9719500000000239,1.000639846764459,1.036392873311367,0.9719500000000239
3.078,0.9726500000000238,1.0013398467644592,1.037092873311367,0.9726500000000238
3.08,0.973350000000024,1.0020398467644591,1.037792873311367,0.973350000000024
3.082,0.974050000000024,1.0027398467644593,1.038492873311367,0.974050000000024
3.084,0.974750000000024,1.0034398467644592,1.0391928733113671,0.974750000000024
3.086,0.975450000000024,1.0041398467644593,1.039892873311367,0.975450000000024
3.088,0.976150000000024,1.0048398467644595,1.0405928733113672,0.976150000000024
3.09,0.9768500000000242,1.0055398467644594,1.0412928733113673,0.9768500000000242
3.092,0.9775500000000242,1.0062398467644595,1.0419928733113673,0.9775500000000242
3.094,0.9782500000000242,1.0069398467644595,1.0426928733113674,0.9782500000000242
3.096,0.9789500000000244,1.0076398467644596,1.0433928733113673,0.9789500000000244
3.098,0.9796500000000244,1.0083398467644595,1.0440928733113675,0.9796500000000244
3.1,0.9803500000000244,1.0090398467644597,1.0447928733113674,0.9803500000000244
3.102,0.9810500000000244,1.0097398467644596,1.0454928733113675,0.9810500000000244
3.104,0.9817500000000244,1.0104398467644597,1.0461928733113675,0.9817500000000244
3.106,0.9824500000000244,1.01113984676446,1.0468928733113676,0.9824500000000244
3.108,0.9831500000000246,1.0118398467644598,1.0475928733113675,0.9831500000000246
3.11,0.9838500000000246,1.01253984676446,1.0482928733113677,0.9838500000000246
3.112,0.9845500000000246,1.0132398467644599,1.0489928733113678,0.9845500000000246
3.114,0.9852500000000248,1.01393984676446,1.0496928733113677,0.9852500000000248
3.116,0.9859500000000248,1.01463984676446,1.0503928733113679,0.9859500000000248
3.118,0.9866500000000248,1.01533984676446,1.0510928733113678,0.9866500000000248
3.12,0.9873500000000248,1.01603984676446,1.051792873311368,0.9873500000000248
3.122,0.9880500000000249,1.0167398467644602,1.0524928733113679,0.9880500000000249
3.124,0.9887500000000248,1.0174398467644603,1.053192873311368,0.9887500000000248
3.126,0.989450000000025,1.0181398467644602,1.053892873311368,0.989450000000025
3.128,0.990150000000025,1.0188398467644604,1.054592873311368,0.990150000000025
3.13,0.990850000000025,1.0195398467644603,1.0552928733113682,0.990850000000025
3.132,0.9915500000000252,1.0202398467644604,1.0559928733113682,0.9915500000000252
3.134,0.9922500000000252,1.0209398467644604,1.0566928733113683,0.9922500000000252
3.136,0.9929500000000252,1.0216398467644605,1.0573928733113682,0.9929500000000252
3.138,0.9936500000000252,1.0223398467644604,1.0580928733113684,0.9936500000000252
3.14,0.9943500000000252,1.0230398467644606,1.0587928733113683,0.9943500000000252
3.142,0.9950500000000254,1.0237398467644607,1.0594928733113684,0.9950500000000254
3.144,0.9957500000000254,1.0244398467644606,1.0601928733113684,0.9957500000000254
3.146,0.9964500000000254,1.0251398467644606,1.0608928733113685,0.9964500000000254
3.148,0.9971500000000256,1.0258398467644607,1.0615928733113686,0.9971500000000256
3.15,0.9978500000000255,1.0265398467644606,1.0622928733113686,0.9978500000000255
3.152,0.9985500000000256,1.0272398467644608,1.0629928733113687,0.9985500000000256
3.154,0.9992500000000256,1.0279398467644607,1.0636928733113686,0.9992500000000256
3.156,0.9999500000000257,1.0286398467644609,1.0643928733113688,0.9999500000000257
3.158,1.0006500000000258,1.0293398467644608,1.0650928733113687,1.0006500000000258
3.16,1.0013500000000257,1.030039846764461,1.0657928733113688,1.0013500000000257
3.162,1.0020500000000259,1.030739846764461,1.0664928733113688,1.0020500000000259
3.164,1.0027500000000258,1.031439846764461,1.067192873311369,1.0027500000000258
3.166,1.003450000000026,1.0321398467644611,1.067892873311369,1.003450000000026
3.168,1.0041500000000259,1.032839846764461,1.068592873311369,1.0041500000000259
3.17,1.004850000000026,1.0335398467644612,1.0692928733113691,1.004850000000026
3.172,1.005550000000026,1.0342398467644611,1.069992873311369,1.005550000000026
3.174,1.006250000000026,1.0349398467644613,1.0706928733113692,1.006250000000026
3.176,1.006950000000026,1.0356398467644612,1.0713928733113691,1.006950000000026
3.178,1.0076500000000261,1.0363398467644613,1.0720928733113693,1.0076500000000261
3.18,1.0083500000000263,1.0370398467644613,1.0727928733113692,1.0083500000000263
3.182,1.0090500000000262,1.0377398467644614,1.0734928733113693,1.0090500000000262
3.184,1.0097500000000263,1.0384398467644615,1.0741928733113693,1.0097500000000263
3.186,1.0104500000000263,1.0391398467644615,1.0748928733113694,1.0104500000000263
3.188,1.0111500000000264,1.0398398467644616,1.0755928733113695,1.0111500000000264
3.19,1.0118500000000263,1.0405398467644615,1.0762928733113695,1.0118500000000263
3.192,1.0125500000000265,1.0412398467644617,1.0769928733113696,1.0125500000000265
3.194,1.0132500000000264,1.0419398467644616,1.0776928733113695,1.0132500000000264
3.196,1.0139500000000266,1.0426398467644618,1.0783928733113697,1.0139500000000266
3.198,1.0146500000000267,1.0433398467644617,1.0790928733113696,1.0146500000000267
3.2,1.0153500000000266,1.0440398467644618,1.0797928733113697,1.0153500000000266
3.202,1.0160500000000268,1.044739846764462,1.0804928733113697,1.0160500000000268
3.204,1.0167500000000267,1.0454398467644619,1.0811928733113698,1.0167500000000267
3.206,1.0174500000000268,1.046139846764462,1.08189287331137,1.0174500000000268
3.208,1.0181500000000268,1.046839846764462,1.0825928733113699,1.0181500000000268
3.21,1.018850000000027,1.047539846764462,1.08329287331137,1.018850000000027
3.212,1.0195500000000268,1.048239846764462,1.08399287331137,1.0195500000000268
3.214,1.020250000000027,1.0489398467644622,1.08469287331137,1.020250000000027
3.216,1.0209500000000271,1.049639846764462,1.08539287331137,1.0209500000000271
3.218,1.021650000000027,1.0503398467644622,1.0860928733113702,1.021650000000027
3.22,1.0223500000000272,1.0510398467644624,1.08679287331137,1.0223500000000272
3.222,1.023050000000027,1.0517398467644623,1.0874928733113702,1.023050000000027
3.224,1.0237500000000272,1.0524398467644624,1.0881928733113704,1.0237500000000272
3.226,1.0244500000000272,1.0531398467644624,1.0888928733113703,1.0244500000000272
3.228,1.025150000000027,1.0538398467644625,1.0895928733113704,1.025150000000027
3.23,1.0258500000000272,1.0545398467644624,1.0902928733113704,1.0258500000000272
3.232,1.0265500000000272,1.0552398467644626,1.0909928733113705,1.0265500000000272
3.234,1.0272500000000273,1.0559398467644625,1.0916928733113704,1.0272500000000273
3.236,1.0279500000000275,1.0566398467644627,1.0923928733113706,1.0279500000000275
3.238,1.0286500000000274,1.0573398467644626,1.0930928733113705,1.0286500000000274
3.24,1.0293500000000275,1.0580398467644627,1.0937928733113707,1.0293500000000275
3.242,1.0300500000000274,1.0587398467644629,1.0944928733113706,1.0300500000000274
3.244,1.0307500000000276,1.0594398467644628,1.0951928733113707,1.0307500000000276
3.246,1.0314500000000275,1.060139846764463,1.0958928733113709,1.0314500000000275
3.248,1.0321500000000277,1.0608398467644629,1.0965928733113708,1.0321500000000277
3.25,1.0328500000000276,1.061539846764463,1.097292873311371,1.0328500000000276
3.252,1.0335500000000277,1.062239846764463,1.0979928733113709,1.0335500000000277
3.254,1.0342500000000279,1.062939846764463,1.098692873311371,1.0342500000000279
3.256,1.0349500000000278,1.063639846764463,1.099392873311371,1.0349500000000278
3.258,1.035650000000028,1.0643398467644631,1.100092873311371,1.035650000000028
3.26,1.0363500000000279,1.0650398467644633,1.100792873311371,1.0363500000000279
3.262,1.037050000000028,1.0657398467644632,1.1014928733113711,1.037050000000028
3.264,1.037750000000028,1.0664398467644634,1.1021928733113713,1.037750000000028
3.266,1.038450000000028,1.0671398467644633,1.1028928733113712,1.038450000000028
3.268,1.039150000000028,1.0678398467644634,1.1035928733113713,1.039150000000028
3.27,1.0398500000000281,1.0685398467644633,1.1042928733113713,1.0398500000000281
3.272,1.040550000000028,1.0692398467644635,1.1049928733113714,1.040550000000028
3.274,1.0412500000000282,1.0699398467644634,1.1056928733113713,1.0412500000000282
3.276,1.0419500000000284,1.0706398467644636,1.1063928733113715,1.0419500000000284
3.278,1.0426500000000283,1.0713398467644637,1.1070928733113714,1.0426500000000283
3.28,1.0433500000000284,1.0720398467644636,1.1077928733113716,1.0433500000000284
3.282,1.0440500000000283,1.0727398467644638,1.1084928733113717,1.0440500000000283
3.284,1.0447500000000285,1.0734398467644637,1.1091928733113716,1.0447500000000285
3.286,1.0454500000000284,1.0741398467644638,1.1098928733113718,1.0454500000000284
3.288,1.0461500000000286,1.0748398467644638,1.1105928733113717,1.0461500000000286
3.29,1.0468500000000285,1.075539846764464,1.1112928733113718,1.0468500000000285
3.292,1.0475500000000286,1.0762398467644638,1.1119928733113718,1.0475500000000286
3.294,1.0482500000000288,1.076939846764464,1.112692873311372,1.0482500000000288
3.296,1.0489500000000287,1.0776398467644641,1.1133928733113718,1.0489500000000287
3.298,1.0496500000000288,1.078339846764464,1.114092873311372,1.0496500000000288
3.3,1.0503500000000288,1.0790398467644642,1.114792873311372,1.0503500000000288
3.302,1.051050000000029,1.079739846764464,1.115492873311372,1.051050000000029
3.304,1.0517500000000288,1.0804398467644643,1.1161928733113722,1.0517500000000288
3.306,1.052450000000029,1.0811398467644642,1.116892873311372,1.052450000000029
3.308,1.053150000000029,1.0818398467644643,1.1175928733113722,1.053150000000029
3.31,1.053850000000029,1.0825398467644642,1.1182928733113722,1.053850000000029
3.312,1.0545500000000292,1.0832398467644644,1.1189928733113723,1.0545500000000292
3.314,1.055250000000029,1.0839398467644643,1.1196928733113722,1.055250000000029
3.316,1.0559500000000293,1.0846398467644645,1.1203928733113724,1.0559500000000293
3.318,1.0566500000000292,1.0853398467644646,1.1210928733113723,1.0566500000000292
3.32,1.0573500000000293,1.0860398467644645,1.1217928733113725,1.0573500000000293
3.322,1.0580500000000292,1.0867398467644647,1.1224928733113726,1.0580500000000292
3.324,1.0587500000000294,1.0874398467644646,1.1231928733113725,1.0587500000000294
3.326,1.0594500000000293,1.0881398467644647,1.1238928733113727,1.0594500000000293
3.328,1.0601500000000295,1.0888398467644647,1.1245928733113726,1.0601500000000295
3.33,1.0608500000000294,1.0895398467644648,1.1252928733113727,1.0608500000000294
3.332,1.0615500000000295,1.0902398467644647,1.1259928733113727,1.0615500000000295
3.334,1.0622500000000297,1.0909398467644649,1.1266928733113728,1.0622500000000297
3.336,1.0629500000000296,1.091639846764465,1.1273928733113727,1.0629500000000296
3.338,1.0636500000000297,1.092339846764465,1.1280928733113729,1.0636500000000297
3.34,1.0643500000000297,1.093039846764465,1.128792873311373,1.0643500000000297
3.342,1.0650500000000298,1.093739846764465,1.129492873311373,1.0650500000000298
3.344,1.0657500000000297,1.0944398467644652,1.130192873311373,1.0657500000000297
3.346,1.0664500000000299,1.095139846764465,1.130892873311373,1.0664500000000299
3.348,1.0671500000000298,1.0958398467644652,1.1315928733113731,1.0671500000000298
3.35,1.06785000000003,1.0965398467644651,1.132292873311373,1.06785000000003
3.352,1.06855000000003,1.0972398467644653,1.1329928733113732,1.06855000000003
3.354,1.06925000000003,1.0979398467644654,1.1336928733113731,1.06925000000003
3.356,1.0699500000000302,1.0986398467644654,1.1343928733113733,1.0699500000000302
3.358,1.07065000000003,1.0993398467644655,1.1350928733113734,1.07065000000003
3.36,1.0713500000000302,1.1000398467644654,1.1357928733113734,1.0713500000000302
3.362,1.0720500000000301,1.1007398467644656,1.1364928733113735,1.0720500000000301
3.364,1.0727500000000303,1.1014398467644655,1.1371928733113734,1.0727500000000303
3.366,1.0734500000000302,1.1021398467644656,1.1378928733113736,1.0734500000000302
3.368,1.0741500000000304,1.1028398467644656,1.1385928733113735,1.0741500000000304
3.37,1.0748500000000305,1.1035398467644657,1.1392928733113736,1.0748500000000305
3.372,1.0755500000000304,1.1042398467644656,1.1399928733113736,1.0755500000000304
3.374,1.0762500000000306,1.1049398467644658,1.1406928733113737,1.0762500000000306
3.376,1.0769500000000305,1.105639846764466,1.1413928733113736,1.0769500000000305
3.378,1.0776500000000306,1.1063398467644658,1.1420928733113738,1.0776500000000306
3.38,1.0783500000000306,1.107039846764466,1.142792873311374,1.0783500000000306
3.382,1.0790500000000307,1.107739846764466,1.1434928733113738,1.0790500000000307
3.384,1.0797500000000306,1.108439846764466,1.144192873311374,1.0797500000000306
3.386,1.0804500000000308,1.109139846764466,1.144892873311374,1.0804500000000308
3.388,1.081150000000031,1.1098398467644661,1.145592873311374,1.081150000000031
3.39,1.0818500000000308,1.110539846764466,1.146292873311374,1.0818500000000308
3.392,1.082550000000031,1.1112398467644662,1.1469928733113741,1.082550000000031
3.394,1.083250000000031,1.1119398467644663,1.147692873311374,1.083250000000031
3.396,1.083950000000031,1.1126398467644663,1.1483928733113742,1.083950000000031
3.398,1.084650000000031,1.1133398467644664,1.1490928733113743,1.084650000000031
3.4,1.0853500000000311,1.1140398467644663,1.1497928733113743,1.0853500000000311
3.402,1.086050000000031,1.1147398467644665,1.1504928733113744,1.086050000000031
3.404,1.0867500000000312,1.1154398467644664,1.1511928733113743,1.0867500000000312
3.406,1.0874500000000311,1.1161398467644665,1.1518928733113745,1.0874500000000311
3.408,1.0881500000000313,1.1168398467644665,1.1525928733113744,1.0881500000000313
3.41,1.0888500000000314,1.1175398467644666,1.1532928733113745,1.0888500000000314
3.412,1.0895500000000313,1.1182398467644667,1.1539928733113745,1.0895500000000313
3.414,1.0902500000000315,1.1189398467644667,1.1546928733113746,1.0902500000000315
3.416,1.0909500000000314,1.1196398467644668,1.1553928733113747,1.0909500000000314
3.418,1.0916500000000315,1.1203398467644667,1.1560928733113747,1.0916500000000315
3.42,1.0923500000000315,1.1210398467644669,1.1567928733113748,1.0923500000000315
3.422,1.0930500000000316,1.1217398467644668,1.1574928733113747,1.0930500000000316
3.424,1.0937500000000315,1.122439846764467,1.1581928733113749,1.0937500000000315
3.426,1.0944500000000317,1.1231398467644669,1.1588928733113748,1.0944500000000317
3.428,1.0951500000000318,1.123839846764467,1.159592873311375,1.0951500000000318
3.43,1.0958500000000317,1.124539846764467,1.1602928733113749,1.0958500000000317
3.432,1.0965500000000319,1.125239846764467,1.160992873311375,1.0965500000000319
3.434,1.0972500000000318,1.1259398467644672,1.161692873311375,1.0972500000000318
3.436,1.097950000000032,1.1266398467644672,1.162392873311375,1.097950000000032
3.438,1.0986500000000319,1.1273398467644673,1.1630928733113752,1.0986500000000319
3.44,1.099350000000032,1.1280398467644672,1.1637928733113752,1.099350000000032
3.442,1.100050000000032,1.1287398467644674,1.1644928733113753,1.100050000000032
3.444,1.100750000000032,1.1294398467644673,1.1651928733113752,1.100750000000032
3.446,1.1014500000000322,1.1301398467644674,1.1658928733113754,1.1014500000000322
3.448,1.1021500000000322,1.1308398467644674,1.1665928733113753,1.1021500000000322
3.45,1.1028500000000323,1.1315398467644675,1.1672928733113754,1.1028500000000323
3.452,1.1035500000000322,1.1322398467644677,1.1679928733113754,1.1035500000000322
3.454,1.1042500000000324,1.1329398467644676,1.1686928733113755,1.1042500000000324
3.456,1.1049500000000323,1.1336398467644677,1.1693928733113756,1.1049500000000323
3.458,1.1056500000000324,1.1343398467644676,1.1700928733113756,1.1056500000000324
3.46,1.1063500000000324,1.1350398467644678,1.1707928733113757,1.1063500000000324
3.462,1.1070500000000325,1.1357398467644677,1.1714928733113756,1.1070500000000325
3.464,1.1077500000000324,1.1364398467644679,1.1721928733113758,1.1077500000000324
3.466,1.1084500000000326,1.1371398467644678,1.1728928733113757,1.1084500000000326
3.468,1.1091500000000327,1.137839846764468,1.1735928733113759,1.1091500000000327
3.47,1.1098500000000326,1.138539846764468,1.1742928733113758,1.1098500000000326
3.472,1.1105500000000328,1.139239846764468,1.174992873311376,1.1105500000000328
3.474,1.1112500000000327,1.1399398467644681,1.175692873311376,1.1112500000000327
3.476,1.1119500000000329,1.140639846764468,1.176392873311376,1.1119500000000329
3.478,1.1126500000000328,1.1413398467644682,1.1770928733113761,1.1126500000000328
3.48,1.113350000000033,1.1420398467644681,1.177792873311376,1.113350000000033
3.482,1.1140500000000328,1.1427398467644683,1.1784928733113762,1.1140500000000328
3.484,1.114750000000033,1.1434398467644682,1.1791928733113761,1.114750000000033
3.486,1.1154500000000331,1.1441398467644683,1.1798928733113763,1.1154500000000331
3.488,1.116150000000033,1.1448398467644683,1.1805928733113762,1.116150000000033
3.49,1.1168500000000332,1.1455398467644684,1.1812928733113763,1.1168500000000332
3.492,1.1175500000000331,1.1462398467644686,1.1819928733113763,1.1175500000000331
3.494,1.1182500000000333,1.1469398467644685,1.1826928733113764,1.1182500000000333
3.496,1.1189500000000332,1.1476398467644686,1.1833928733113765,1.1189500000000332
3.498,1.1196500000000333,1.1483398467644685,1.1840928733113765,1.1196500000000333
3.5,1.1203500000000333,1.1490398467644687,1.1847928733113766,1.1203500000000333
3.502,1.1210500000000334,1.1497398467644686,1.1854928733113765,1.1210500000000334
3.504,1.1217500000000336,1.1504398467644688,1.1861928733113767,1.1217500000000336
3.506,1.1224500000000335,1.1511398467644687,1.1868928733113766,1.1224500000000335
3.508,1.1231500000000336,1.1518398467644688,1.1875928733113768,1.1231500000000336
3.51,1.1238500000000335,1.152539846764469,1.1882928733113767,1.1238500000000335
3.512,1.1245500000000337,1.153239846764469,1.1889928733113768,1.1245500000000337
3.514,1.1252500000000336,1.153939846764469,1.189692873311377,1.1252500000000336
3.516,1.1259500000000338,1.154639846764469,1.1903928733113769,1.1259500000000338
3.518,1.1266500000000337,1.155339846764469,1.191092873311377,1.1266500000000337
3.52,1.1273500000000338,1.156039846764469,1.191792873311377,1.1273500000000338
3.522,1.1280500000000337,1.1567398467644692,1.192492873311377,1.1280500000000337
3.524,1.128750000000034,1.157439846764469,1.193192873311377,1.128750000000034
3.526,1.129450000000034,1.1581398467644692,1.1938928733113772,1.129450000000034
3.528,1.130150000000034,1.1588398467644694,1.194592873311377,1.130150000000034
3.53,1.130850000000034,1.1595398467644693,1.1952928733113772,1.130850000000034
3.532,1.131550000000034,1.1602398467644695,1.1959928733113774,1.131550000000034
3.534,1.1322500000000342,1.1609398467644694,1.1966928733113773,1.1322500000000342
3.536,1.132950000000034,1.1616398467644695,1.1973928733113774,1.132950000000034
3.538,1.1336500000000342,1.1623398467644694,1.1980928733113774,1.1336500000000342
3.54,1.1343500000000342,1.1630398467644696,1.1987928733113775,1.1343500000000342
3.542,1.1350500000000343,1.1637398467644695,1.1994928733113774,1.1350500000000343
3.544,1.1357500000000345,1.1644398467644697,1.2001928733113776,1.1357500000000345
3.546,1.1364500000000344,1.1651398467644698,1.2008928733113775,1.1364500000000344
3.548,1.1371500000000345,1.1658398467644697,1.2015928733113777,1.1371500000000345
3.55,1.1378500000000344,1.1665398467644699,1.2022928733113778,1.1378500000000344
3.552,1.1385500000000346,1.1672398467644698,1.2029928733113777,1.1385500000000346
3.554,1.1392500000000345,1.16793984676447,1.2036928733113779,1.1392500000000345
3.556,1.1399500000000347,1.1686398467644699,1.2043928733113778,1.1399500000000347
3.558,1.1406500000000346,1.16933984676447,1.205092873311378,1.1406500000000346
3.56,1.1413500000000347,1.17003984676447,1.2057928733113779,1.1413500000000347
3.562,1.1420500000000349,1.17073984676447,1.206492873311378,1.1420500000000349
3.564,1.1427500000000348,1.17143984676447,1.207192873311378,1.1427500000000348
3.566,1.143450000000035,1.1721398467644701,1.207892873311378,1.143450000000035
3.568,1.1441500000000349,1.1728398467644703,1.208592873311378,1.1441500000000349
3.57,1.144850000000035,1.1735398467644702,1.2092928733113781,1.144850000000035
3.572,1.145550000000035,1.1742398467644704,1.2099928733113783,1.145550000000035
3.574,1.146250000000035,1.1749398467644703,1.2106928733113782,1.146250000000035
3.576,1.146950000000035,1.1756398467644704,1.2113928733113783,1.146950000000035
3.578,1.1476500000000351,1.1763398467644703,1.2120928733113783,1.1476500000000351
3.58,1.148350000000035,1.1770398467644705,1.2127928733113784,1.148350000000035
3.582,1.1490500000000352,1.1777398467644704,1.2134928733113783,1.1490500000000352
3.584,1.1497500000000354,1.1784398467644706,1.2141928733113785,1.1497500000000354
3.586,1.1504500000000353,1.1791398467644707,1.2148928733113784,1.1504500000000353
3.588,1.1511500000000354,1.1798398467644706,1.2155928733113786,1.1511500000000354
3.59,1.1518500000000353,1.1805398467644708,1.2162928733113787,1.1518500000000353
3.592,1.1525500000000355,1.1812398467644707,1.2169928733113786,1.1525500000000355
3.594,1.1532500000000354,1.1819398467644708,1.2176928733113788,1.1532500000000354
3.596,1.1539500000000356,1.1826398467644708,1.2183928733113787,1.1539500000000356
3.598,1.1546500000000355,1.183339846764471,1.2190928733113788,1.1546500000000355
3.6,1.1553500000000356,1.1840398467644708,1.2197928733113788,1.1553500000000356
3.602,1.1560500000000358,1.184739846764471,1.220492873311379,1.1560500000000358
3.604,1.1567500000000357,1.1854398467644711,1.2211928733113788,1.1567500000000357
3.606,1.1574500000000358,1.186139846764471,1.221892873311379,1.1574500000000358
3.608,1.1581500000000358,1.1868398467644712,1.2225928733113791,1.1581500000000358
3.61,1.158850000000036,1.187539846764471,1.223292873311379,1.158850000000036
3.612,1.1595500000000358,1.1882398467644713,1.2239928733113792,1.1595500000000358
3.614,1.160250000000036,1.1889398467644712,1.224692873311379,1.160250000000036
3.616,1.160950000000036,1.1896398467644713,1.2253928733113792,1.160950000000036
3.618,1.161650000000036,1.1903398467644712,1.2260928733113792,1.161650000000036
3.62,1.1623500000000362,1.1910398467644714,1.2267928733113793,1.1623500000000362
3.622,1.163050000000036,1.1917398467644713,1.2274928733113792,1.163050000000036
3.624,1.1637500000000363,1.1924398467644715,1.2281928733113794,1.1637500000000363
3.626,1.1644500000000362,1.1931398467644716,1.2288928733113793,1.1644500000000362
3.628,1.1651500000000363,1.1938398467644715,1.2295928733113795,1.1651500000000363
3.63,1.1658500000000362,1.1945398467644717,1.2302928733113796,1.1658500000000362
3.632,1.1665500000000364,1.1952398467644716,1.2309928733113795,1.1665500000000364
3.634,1.1672500000000363,1.1959398467644717,1.2316928733113797,1.1672500000000363
3.636,1.1679500000000365,1.1966398467644717,1.2323928733113796,1.1679500000000365
3.638,1.1686500000000366,1.1973398467644718,1.2330928733113797,1.1686500000000366
3.64,1.1693500000000365,1.1980398467644717,1.2337928733113797,1.1693500000000365
3.642,1.1700500000000367,1.1987398467644719,1.2344928733113798,1.1700500000000367
3.644,1.1707500000000366,1.199439846764472,1.2351928733113797,1.1707500000000366
3.646,1.1714500000000367,1.200139846764472,1.2358928733113799,1.1714500000000367
3.648,1.1721500000000367,1.200839846764472,1.23659287331138,1.1721500000000367
3.65,1.1728500000000368,1.201539846764472,1.23729287331138,1.1728500000000368
3.652,1.1735500000000367,1.2022398467644722,1.23799287331138,1.1735500000000367
3.654,1.1742500000000369,1.202939846764472,1.23869287331138,1.1742500000000369
3.656,1.1749500000000368,1.2036398467644722,1.2393928733113801,1.1749500000000368
3.658,1.175650000000037,1.2043398467644721,1.24009287331138,1.175650000000037
3.66,1.176350000000037,1.2050398467644723,1.2407928733113802,1.176350000000037
3.662,1.177050000000037,1.2057398467644724,1.2414928733113801,1.177050000000037
3.664,1.1777500000000372,1.2064398467644724,1.2421928733113803,1.1777500000000372
3.666,1.178450000000037,1.2071398467644725,1.2428928733113804,1.178450000000037
3.668,1.1791500000000372,1.2078398467644724,1.2435928733113804,1.1791500000000372
3.67,1.1798500000000371,1.2085398467644726,1.2442928733113805,1.1798500000000371
3.672,1.1805500000000373,1.2092398467644725,1.2449928733113804,1.1805500000000373
3.674,1.1812500000000372,1.2099398467644726,1.2456928733113806,1.1812500000000372
3.676,1.1819500000000374,1.2106398467644726,1.2463928733113805,1.1819500000000374
3.678,1.1826500000000375,1.2113398467644727,1.2470928733113806,1.1826500000000375
3.68,1.1833500000000374,1.2120398467644726,1.2477928733113806,1.1833500000000374
3.682,1.1840500000000376,1.2127398467644728,1.2484928733113807,1.1840500000000376
3.684,1.1847500000000375,1.213439846764473,1.2491928733113806,1.1847500000000375
3.686,1.1854500000000376,1.2141398467644728,1.2498928733113808,1.1854500000000376
3.688,1.1861500000000376,1.214839846764473,1.250592873311381,1.1861500000000376
3.69,1.1868500000000377,1.215539846764473,1.2512928733113808,1.1868500000000377
3.692,1.1875500000000376,1.216239846764473,1.251992873311381,1.1875500000000376
3.694,1.1882500000000378,1.216939846764473,1.252692873311381,1.1882500000000378
3.696,1.188950000000038,1.2176398467644731,1.253392873311381,1.188950000000038
3.698,1.1896500000000378,1.218339846764473,1.254092873311381,1.1896500000000378
3.7,1.190350000000038,1.2190398467644732,1.2547928733113811,1.190350000000038
3.702,1.191050000000038,1.2197398467644733,1.255492873311381,1.191050000000038
3.704,1.191750000000038,1.2204398467644733,1.2561928733113812,1.191750000000038
3.706,1.192450000000038,1.2211398467644734,1.2568928733113813,1.192450000000038
3.708,1.1931500000000381,1.2218398467644733,1.2575928733113813,1.1931500000000381
3.71,1.193850000000038,1.2225398467644735,1.2582928733113814,1.193850000000038
3.712,1.1945500000000382,1.2232398467644734,1.2589928733113813,1.1945500000000382
3.714,1.1952500000000381,1.2239398467644735,1.2596928733113815,1.1952500000000381
3.716,1.1959500000000383,1.2246398467644735,1.2603928733113814,1.1959500000000383
3.718,1.1966500000000384,1.2253398467644736,1.2610928733113815,1.1966500000000384
3.72,1.1973500000000383,1.2260398467644738,1.2617928733113815,1.1973500000000383
3.722,1.1980500000000385,1.2267398467644737,1.2624928733113816,1.1980500000000385
3.724,1.1987500000000384,1.2274398467644738,1.2631928733113817,1.1987500000000384
3.726,1.1994500000000385,1.2281398467644737,1.2638928733113817,1.1994500000000385
3.728,1.2001500000000385,1.2288398467644739,1.2645928733113818,1.2001500000000385
3.73,1.2008500000000386,1.2295398467644738,1.2652928733113817,1.2008500000000386
3.732,1.2015500000000385,1.230239846764474,1.2659928733113819,1.2015500000000385
3.734,1.2022500000000387,1.2309398467644739,1.2666928733113818,1.2022500000000387
3.736,1.2029500000000388,1.231639846764474,1.267392873311382,1.2029500000000388
3.738,1.2036500000000387,1.2323398467644742,1.2680928733113819,1.2036500000000387
3.74,1.204350000000039,1.233039846764474,1.268792873311382,1.204350000000039
3.742,1.2050500000000388,1.2337398467644742,1.2694928733113822,1.2050500000000388
3.744,1.205750000000039,1.2344398467644742,1.270192873311382,1.205750000000039
3.746,1.2064500000000389,1.2351398467644743,1.2708928733113822,1.2064500000000389
3.748,1.207150000000039,1.2358398467644742,1.2715928733113822,1.207150000000039
3.75,1.207850000000039,1.2365398467644744,1.2722928733113823,1.207850000000039
3.752,1.208550000000039,1.2372398467644743,1.2729928733113822,1.208550000000039
3.754,1.2092500000000392,1.2379398467644744,1.2736928733113824,1.2092500000000392
3.756,1.2099500000000392,1.2386398467644744,1.2743928733113823,1.2099500000000392
3.758,1.2106500000000393,1.2393398467644745,1.2750928733113824,1.2106500000000393
3.76,1.2113500000000392,1.2400398467644747,1.2757928733113824,1.2113500000000392
3.762,1.2120500000000394,1.2407398467644746,1.2764928733113825,1.2120500000000394
3.764,1.2127500000000393,1.2414398467644747,1.2771928733113826,1.2127500000000393
3.766,1.2134500000000394,1.2421398467644746,1.2778928733113826,1.2134500000000394
3.768,1.2141500000000394,1.2428398467644748,1.2785928733113827,1.2141500000000394
3.77,1.2148500000000395,1.2435398467644747,1.2792928733113826,1.2148500000000395
3.772,1.2155500000000394,1.2442398467644749,1.2799928733113828,1.2155500000000394
3.774,1.2162500000000396,1.2449398467644748,1.2806928733113827,1.2162500000000396
3.776,1.2169500000000397,1.245639846764475,1.2813928733113829,1.2169500000000397
3.778,1.2176500000000396,1.246339846764475,1.2820928733113828,1.2176500000000396
3.78,1.2183500000000398,1.247039846764475,1.282792873311383,1.2183500000000398
3.782,1.2190500000000397,1.2477398467644751,1.283492873311383,1.2190500000000397
3.784,1.2197500000000399,1.248439846764475,1.284192873311383,1.2197500000000399
3.786,1.2204500000000398,1.2491398467644752,1.2848928733113831,1.2204500000000398
3.788,1.22115000000004,1.2498398467644751,1.285592873311383,1.22115000000004
3.79,1.2218500000000398,1.2505398467644753,1.2862928733113832,1.2218500000000398
3.792,1.22255000000004,1.2512398467644752,1.2869928733113831,1.22255000000004
3.794,1.2232500000000401,1.2519398467644753,1.2876928733113833,1.2232500000000401
3.796,1.22395000000004,1.2526398467644755,1.2883928733113832,1.22395000000004
3.798,1.2246500000000402,1.2533398467644754,1.2890928733113833,1.2246500000000402
3.8,1.2253500000000401,1.2540398467644756,1.2897928733113835,1.2253500000000401
3.802,1.2260500000000403,1.2547398467644755,1.2904928733113834,1.2260500000000403
3.804,1.2267500000000402,1.2554398467644756,1.2911928733113835,1.2267500000000402
3.806,1.2274500000000403,1.2561398467644755,1.2918928733113835,1.2274500000000403
3.808,1.2281500000000403,1.2568398467644757,1.2925928733113836,1.2281500000000403
3.81,1.2288500000000404,1.2575398467644756,1.2932928733113835,1.2288500000000404
3.812,1.2295500000000406,1.2582398467644758,1.2939928733113837,1.2295500000000406
3.814,1.2302500000000405,1.2589398467644757,1.2946928733113836,1.2302500000000405
3.816,1.2309500000000406,1.2596398467644758,1.2953928733113838,1.2309500000000406
3.818,1.2316500000000405,1.260339846764476,1.2960928733113837,1.2316500000000405
3.82,1.2323500000000407,1.261039846764476,1.2967928733113838,1.2323500000000407
3.822,1.2330500000000406,1.261739846764476,1.297492873311384,1.2330500000000406
3.824,1.2337500000000408,1.262439846764476,1.2981928733113839,1.2337500000000408
3.826,1.2344500000000407,1.263139846764476,1.298892873311384,1.2344500000000407
3.828,1.2351500000000408,1.263839846764476,1.299592873311384,1.2351500000000408
3.83,1.235850000000041,1.2645398467644762,1.300292873311384,1.235850000000041
3.832,1.236550000000041,1.265239846764476,1.300992873311384,1.236550000000041
3.834,1.237250000000041,1.2659398467644762,1.3016928733113842,1.237250000000041
3.836,1.237950000000041,1.2666398467644764,1.302392873311384,1.237950000000041
3.838,1.238650000000041,1.2673398467644763,1.3030928733113842,1.238650000000041
3.84,1.239350000000041,1.2680398467644765,1.3037928733113844,1.239350000000041
3.842,1.2400500000000412,1.2687398467644764,1.3044928733113843,1.2400500000000412
3.844,1.240750000000041,1.2694398467644765,1.3051928733113844,1.240750000000041
3.846,1.2414500000000412,1.2701398467644764,1.3058928733113844,1.2414500000000412
3.848,1.2421500000000412,1.2708398467644766,1.3065928733113845,1.2421500000000412
3.85,1.2428500000000413,1.2715398467644765,1.3072928733113844,1.2428500000000413
3.852,1.2435500000000415,1.2722398467644767,1.3079928733113846,1.2435500000000415
3.854,1.2442500000000414,1.2729398467644768,1.3086928733113845,1.2442500000000414
3.856,1.2449500000000415,1.2736398467644767,1.3093928733113847,1.2449500000000415
3.858,1.2456500000000414,1.2743398467644769,1.3100928733113848,1.2456500000000414
3.86,1.2463500000000416,1.2750398467644768,1.3107928733113847,1.2463500000000416
3.862,1.2470500000000415,1.275739846764477,1.3114928733113849,1.2470500000000415
3.864,1.2477500000000417,1.2764398467644769,1.3121928733113848,1.2477500000000417
3.866,1.2484500000000416,1.277139846764477,1.312892873311385,1.2484500000000416
3.868,1.2491500000000417,1.277839846764477,1.3135928733113849,1.2491500000000417
3.87,1.2498500000000419,1.278539846764477,1.314292873311385,1.2498500000000419
3.872,1.2505500000000418,1.279239846764477,1.314992873311385,1.2505500000000418
3.874,1.251250000000042,1.2799398467644771,1.315692873311385,1.251250000000042
3.876,1.2519500000000419,1.2806398467644773,1.316392873311385,1.2519500000000419
3.878,1.252650000000042,1.2813398467644772,1.3170928733113851,1.252650000000042
3.88,1.253350000000042,1.2820398467644774,1.3177928733113853,1.253350000000042
3.882,1.254050000000042,1.2827398467644773,1.3184928733113852,1.254050000000042
3.884,1.254750000000042,1.2834398467644774,1.3191928733113854,1.254750000000042
3.886,1.2554500000000421,1.2841398467644773,1.3198928733113853,1.2554500000000421
3.888,1.2561500000000423,1.2848398467644775,1.3205928733113854,1.2561500000000423
3.89,1.2568500000000422,1.2855398467644774,1.3212928733113853,1.2568500000000422
3.892,1.2575500000000424,1.2862398467644776,1.3219928733113855,1.2575500000000424
3.894,1.2582500000000423,1.2869398467644777,1.3226928733113854,1.2582500000000423
3.896,1.2589500000000424,1.2876398467644776,1.3233928733113856,1.2589500000000424
3.898,1.2596500000000423,1.2883398467644778,1.3240928733113857,1.2596500000000423
3.9,1.2603500000000425,1.2890398467644777,1.3247928733113856,1.2603500000000425
3.902,1.2610500000000424,1.2897398467644778,1.3254928733113858,1.2610500000000424
3.904,1.2617500000000426,1.2904398467644778,1.3261928733113857,1.2617500000000426
3.906,1.2624500000000425,1.291139846764478,1.3268928733113858,1.2624500000000425
3.908,1.2631500000000426,1.2918398467644778,1.3275928733113858,1.2631500000000426
3.91,1.2638500000000428,1.292539846764478,1.328292873311386,1.2638500000000428
3.912,1.2645500000000427,1.2932398467644781,1.3289928733113858,1.2645500000000427
3.914,1.2652500000000428,1.293939846764478,1.329692873311386,1.2652500000000428
3.916,1.2659500000000428,1.2946398467644782,1.3303928733113861,1.2659500000000428
3.918,1.266650000000043,1.295339846764478,1.331092873311386,1.266650000000043
3.92,1.2673500000000428,1.2960398467644783,1.3317928733113862,1.2673500000000428
3.922,1.268050000000043,1.2967398467644782,1.332492873311386,1.268050000000043
3.924,1.268750000000043,1.2974398467644783,1.3331928733113863,1.268750000000043
3.926,1.269450000000043,1.2981398467644782,1.3338928733113862,1.269450000000043
3.928,1.2701500000000432,1.2988398467644784,1.3345928733113863,1.2701500000000432
3.93,1.2708500000000431,1.2995398467644785,1.3352928733113862,1.2708500000000431
3.932,1.2715500000000433,1.3002398467644785,1.3359928733113864,1.2715500000000433
3.934,1.2722500000000432,1.3009398467644786,1.3366928733113865,1.2722500000000432
3.936,1.2729500000000433,1.3016398467644785,1.3373928733113865,1.2729500000000433
3.938,1.2736500000000432,1.3023398467644787,1.3380928733113866,1.2736500000000432
3.94,1.2743500000000434,1.3030398467644786,1.3387928733113865,1.2743500000000434
3.942,1.2750500000000433,1.3037398467644787,1.3394928733113867,1.2750500000000433
3.944,1.2757500000000435,1.3044398467644787,1.3401928733113866,1.2757500000000435
3.946,1.2764500000000436,1.3051398467644788,1.3408928733113867,1.2764500000000436
3.948,1.2771500000000435,1.3058398467644787,1.3415928733113867,1.2771500000000435
3.95,1.2778500000000437,1.3065398467644789,1.3422928733113868,1.2778500000000437
3.952,1.2785500000000436,1.307239846764479,1.3429928733113867,1.2785500000000436
3.954,1.2792500000000437,1.307939846764479,1.3436928733113869,1.2792500000000437
3.956,1.2799500000000437,1.308639846764479,1.344392873311387,1.2799500000000437
3.958,1.2806500000000438,1.309339846764479,1.345092873311387,1.2806500000000438
3.96,1.2813500000000437,1.3100398467644792,1.345792873311387,1.2813500000000437
3.962,1.2820500000000439,1.310739846764479,1.346492873311387,1.2820500000000439
3.964,1.2827500000000438,1.3114398467644792,1.3471928733113872,1.2827500000000438
3.966,1.283450000000044,1.3121398467644791,1.347892873311387,1.283450000000044
3.968,1.284150000000044,1.3128398467644793,1.3485928733113872,1.284150000000044
3.97,1.284850000000044,1.3135398467644794,1.3492928733113871,1.284850000000044
3.972,1.2855500000000442,1.3142398467644794,1.3499928733113873,1.2855500000000442
3.974,1.286250000000044,1.3149398467644795,1.3506928733113874,1.286250000000044
3.976,1.2869500000000442,1.3156398467644794,1.3513928733113874,1.2869500000000442
3.978,1.2876500000000441,1.3163398467644796,1.3520928733113875,1.2876500000000441
3.98,1.2883500000000443,1.3170398467644795,1.3527928733113874,1.2883500000000443
3.982,1.2890500000000442,1.3177398467644796,1.3534928733113876,1.2890500000000442
3.984,1.2897500000000444,1.3184398467644796,1.3541928733113875,1.2897500000000444
3.986,1.2904500000000445,1.3191398467644797,1.3548928733113876,1.2904500000000445
3.988,1.2911500000000444,1.3198398467644799,1.3555928733113876,1.2911500000000444
3.99,1.2918500000000446,1.3205398467644798,1.3562928733113877,1.2918500000000446
3.992,1.2925500000000445,1.32123984676448,1.3569928733113878,1.2925500000000445
3.994,1.2932500000000446,1.3219398467644798,1.3576928733113878,1.2932500000000446
3.996,1.2939500000000446,1.32263984676448,1.358392873311388,1.2939500000000446
3.998,1.2946500000000447,1.32333984676448,1.3590928733113878,1.2946500000000447
4.0,1.2953500000000446,1.32403984676448,1.359792873311388,1.2953500000000446
4.002,1.2960500000000448,1.32473984676448,1.360492873311388,1.2960500000000448
4.004,1.296750000000045,1.3254398467644801,1.361192873311388,1.296750000000045
4.006,1.2974500000000448,1.32613984676448,1.361892873311388,1.2974500000000448
4.008,1.298150000000045,1.3268398467644802,1.3625928733113881,1.298150000000045
4.01,1.298850000000045,1.3275398467644803,1.363292873311388,1.298850000000045
4.012,1.299550000000045,1.3282398467644803,1.3639928733113882,1.299550000000045
4.014,1.300250000000045,1.3289398467644804,1.3646928733113883,1.300250000000045
4.016,1.3009500000000451,1.3296398467644803,1.3653928733113883,1.3009500000000451
4.018,1.301650000000045,1.3303398467644805,1.3660928733113884,1.301650000000045
4.02,1.3023500000000452,1.3310398467644804,1.3667928733113883,1.3023500000000452
4.022,1.3030500000000453,1.3317398467644805,1.3674928733113885,1.3030500000000453
4.024,1.3037500000000453,1.3324398467644805,1.3681928733113884,1.3037500000000453
4.026,1.3044500000000454,1.3331398467644806,1.3688928733113885,1.3044500000000454
4.028,1.3051500000000453,1.3338398467644808,1.3695928733113885,1.3051500000000453
4.03,1.3058500000000455,1.3345398467644807,1.3702928733113886,1.3058500000000455
4.032,1.3065500000000454,1.3352398467644808,1.3709928733113887,1.3065500000000454
4.034,1.3072500000000455,1.3359398467644807,1.3716928733113887,1.3072500000000455
4.036,1.3079500000000455,1.3366398467644809,1.3723928733113888,1.3079500000000455
4.038,1.3086500000000456,1.3373398467644808,1.3730928733113887,1.3086500000000456
4.04,1.3093500000000455,1.338039846764481,1.3737928733113889,1.3093500000000455
4.042,1.3100500000000457,1.3387398467644809,1.3744928733113888,1.3100500000000457
4.044,1.3107500000000458,1.339439846764481,1.375192873311389,1.3107500000000458
4.046,1.3114500000000457,1.3401398467644812,1.3758928733113889,1.3114500000000457
4.048,1.312150000000046,1.340839846764481,1.376592873311389,1.312150000000046
4.05,1.3128500000000458,1.3415398467644812,1.3772928733113892,1.3128500000000458
4.052,1.313550000000046,1.3422398467644812,1.377992873311389,1.313550000000046
4.054,1.3142500000000459,1.3429398467644813,1.3786928733113892,1.3142500000000459
4.056,1.314950000000046,1.3436398467644812,1.3793928733113892,1.314950000000046
4.058,1.315650000000046,1.3443398467644814,1.3800928733113893,1.315650000000046
4.06,1.316350000000046,1.3450398467644813,1.3807928733113892,1.316350000000046
4.062,1.3170500000000462,1.3457398467644814,1.3814928733113894,1.3170500000000462
4.064,1.3177500000000462,1.3464398467644814,1.3821928733113893,1.3177500000000462
4.066,1.3184500000000463,1.3471398467644815,1.3828928733113894,1.3184500000000463
4.068,1.3191500000000462,1.3478398467644817,1.3835928733113894,1.3191500000000462
4.07,1.3198500000000464,1.3485398467644816,1.3842928733113895,1.3198500000000464
4.072,1.3205500000000463,1.3492398467644817,1.3849928733113896,1.3205500000000463
4.074,1.3212500000000464,1.3499398467644816,1.3856928733113896,1.3212500000000464
4.076,1.3219500000000464,1.3506398467644818,1.3863928733113897,1.3219500000000464
4.078,1.3226500000000465,1.3513398467644817,1.3870928733113896,1.3226500000000465
4.08,1.3233500000000467,1.3520398467644819,1.3877928733113898,1.3233500000000467
4.082,1.3240500000000466,1.3527398467644818,1.3884928733113897,1.3240500000000466
4.084,1.3247500000000467,1.353439846764482,1.3891928733113899,1.3247500000000467
4.086,1.3254500000000466,1.354139846764482,1.3898928733113898,1.3254500000000466
4.088,1.3261500000000468,1.354839846764482,1.39059287331139,1.3261500000000468
4.09,1.3268500000000467,1.3555398467644821,1.39129287331139,1.3268500000000467
4.092,1.3275500000000469,1.356239846764482,1.39199287331139,1.3275500000000469
4.094,1.3282500000000468,1.3569398467644822,1.3926928733113901,1.3282500000000468
4.096,1.328950000000047,1.3576398467644821,1.39339287331139,1.328950000000047
4.098,1.3296500000000468,1.3583398467644823,1.3940928733113902,1.3296500000000468
4.1,1.330350000000047,1.3590398467644822,1.3947928733113901,1.330350000000047
4.102,1.3310500000000471,1.3597398467644823,1.3954928733113903,1.3310500000000471
4.104,1.331750000000047,1.3604398467644825,1.3961928733113902,1.331750000000047
4.106,1.3324500000000472,1.3611398467644824,1.3968928733113903,1.3324500000000472
4.108,1.3331500000000471,1.3618398467644826,1.3975928733113905,1.3331500000000471
4.11,1.3338500000000473,1.3625398467644825,1.3982928733113904,1.3338500000000473
4.112,1.3345500000000472,1.3632398467644826,1.3989928733113906,1.3345500000000472
4.114,1.3352500000000473,1.3639398467644825,1.3996928733113905,1.3352500000000473
4.116,1.3359500000000473,1.3646398467644827,1.4003928733113906,1.3359500000000473
4.118,1.3366500000000474,1.3653398467644826,1.4010928733113905,1.3366500000000474
4.12,1.3373500000000476,1.3660398467644828,1.4017928733113907,1.3373500000000476
4.122,1.3380500000000475,1.366739846764483,1.4024928733113906,1.3380500000000475
4.124,1.3387500000000476,1.3674398467644828,1.4031928733113908,1.3387500000000476
4.126,1.3394500000000475,1.368139846764483,1.4038928733113907,1.3394500000000475
4.128,1.3401500000000477,1.368839846764483,1.4045928733113908,1.3401500000000477
4.13,1.3408500000000476,1.369539846764483,1.405292873311391,1.3408500000000476
4.132,1.3415500000000478,1.370239846764483,1.405992873311391,1.3415500000000478
4.134,1.3422500000000477,1.370939846764483,1.406692873311391,1.3422500000000477
4.136,1.3429500000000478,1.371639846764483,1.407392873311391,1.3429500000000478
4.138,1.343650000000048,1.3723398467644832,1.408092873311391,1.343650000000048
4.14,1.344350000000048,1.373039846764483,1.408792873311391,1.344350000000048
4.142,1.345050000000048,1.3737398467644832,1.4094928733113912,1.345050000000048
4.144,1.345750000000048,1.3744398467644834,1.410192873311391,1.345750000000048
4.146,1.346450000000048,1.3751398467644833,1.4108928733113912,1.346450000000048
4.148,1.347150000000048,1.3758398467644835,1.4115928733113914,1.347150000000048
4.15,1.3478500000000482,1.3765398467644834,1.4122928733113913,1.3478500000000482
4.152,1.348550000000048,1.3772398467644835,1.4129928733113915,1.348550000000048
4.154,1.3492500000000482,1.3779398467644834,1.4136928733113914,1.3492500000000482
4.156,1.3499500000000482,1.3786398467644836,1.4143928733113915,1.3499500000000482
4.158,1.3506500000000483,1.3793398467644835,1.4150928733113914,1.3506500000000483
4.16,1.3513500000000485,1.3800398467644837,1.4157928733113916,1.3513500000000485
4.162,1.3520500000000484,1.3807398467644838,1.4164928733113915,1.3520500000000484
4.164,1.3527500000000485,1.3814398467644837,1.4171928733113917,1.3527500000000485
4.166,1.3534500000000484,1.3821398467644839,1.4178928733113918,1.3534500000000484
4.168,1.3541500000000486,1.3828398467644838,1.4185928733113917,1.3541500000000486
4.17,1.3548500000000485,1.383539846764484,1.4192928733113919,1.3548500000000485
4.172,1.3555500000000487,1.3842398467644839,1.4199928733113918,1.3555500000000487
4.174,1.3562500000000486,1.384939846764484,1.420692873311392,1.3562500000000486
4.176,1.3569500000000487,1.385639846764484,1.4213928733113919,1.3569500000000487
4.178,1.3576500000000489,1.386339846764484,1.422092873311392,1.3576500000000489
4.18,1.3583500000000488,1.3870398467644842,1.422792873311392,1.3583500000000488
4.182,1.359050000000049,1.3877398467644841,1.423492873311392,1.359050000000049
4.184,1.3597500000000489,1.3884398467644843,1.4241928733113922,1.3597500000000489
4.186,1.360450000000049,1.3891398467644842,1.4248928733113921,1.360450000000049
4.188,1.361150000000049,1.3898398467644844,1.4255928733113923,1.361150000000049
4.19,1.361850000000049,1.3905398467644843,1.4262928733113922,1.361850000000049
4.192,1.362550000000049,1.3912398467644844,1.4269928733113924,1.362550000000049
4.194,1.3632500000000491,1.3919398467644843,1.4276928733113923,1.3632500000000491
4.196,1.3639500000000493,1.3926398467644845,1.4283928733113924,1.3639500000000493
4.198,1.3646500000000492,1.3933398467644844,1.4290928733113923,1.3646500000000492
4.2,1.3653500000000494,1.3940398467644846,1.4297928733113925,1.3653500000000494
4.202,1.3660500000000493,1.3947398467644847,1.4304928733113924,1.3660500000000493
4.204,1.3667500000000494,1.3954398467644846,1.4311928733113926,1.3667500000000494
4.206,1.3674500000000493,1.3961398467644848,1.4318928733113927,1.3674500000000493
4.208,1.3681500000000495,1.3968398467644847,1.4325928733113926,1.3681500000000495
4.21,1.3688500000000494,1.3975398467644848,1.4332928733113928,1.3688500000000494
4.212,1.3695500000000496,1.3982398467644848,1.4339928733113927,1.3695500000000496
4.214,1.3702500000000497,1.398939846764485,1.4346928733113928,1.3702500000000497
4.216,1.3709500000000496,1.3996398467644848,1.4353928733113928,1.3709500000000496
4.218,1.3716500000000498,1.400339846764485,1.436092873311393,1.3716500000000498
4.22,1.3723500000000497,1.4010398467644851,1.4367928733113928,1.3723500000000497
4.222,1.3730500000000498,1.401739846764485,1.437492873311393,1.3730500000000498
4.224,1.3737500000000498,1.4024398467644852,1.4381928733113931,1.3737500000000498
4.226,1.37445000000005,1.403139846764485,1.438892873311393,1.37445000000005
4.228,1.3751500000000498,1.4038398467644853,1.4395928733113932,1.3751500000000498
4.23,1.37585000000005,1.4045398467644852,1.440292873311393,1.37585000000005
4.232,1.37655000000005,1.4052398467644853,1.4409928733113933,1.37655000000005
4.234,1.37725000000005,1.4059398467644852,1.4416928733113932,1.37725000000005
4.236,1.3779500000000502,1.4066398467644854,1.4423928733113933,1.3779500000000502
4.238,1.3786500000000501,1.4073398467644855,1.4430928733113932,1.3786500000000501
4.24,1.3793500000000503,1.4080398467644855,1.4437928733113934,1.3793500000000503
4.242,1.3800500000000502,1.4087398467644856,1.4444928733113935,1.3800500000000502
4.244,1.3807500000000503,1.4094398467644855,1.4451928733113935,1.3807500000000503
4.246,1.3814500000000502,1.4101398467644857,1.4458928733113936,1.3814500000000502
4.248,1.3821500000000504,1.4108398467644856,1.4465928733113935,1.3821500000000504
4.25,1.3828500000000503,1.4115398467644857,1.4472928733113937,1.3828500000000503
4.252,1.3835500000000505,1.4122398467644857,1.4479928733113936,1.3835500000000505
4.254,1.3842500000000506,1.4129398467644858,1.4486928733113937,1.3842500000000506
4.256,1.3849500000000505,1.4136398467644857,1.4493928733113937,1.3849500000000505
4.258,1.3856500000000507,1.4143398467644859,1.4500928733113938,1.3856500000000507
4.26,1.3863500000000506,1.415039846764486,1.4507928733113937,1.3863500000000506
4.262,1.3870500000000507,1.415739846764486,1.4514928733113939,1.3870500000000507
4.264,1.3877500000000507,1.416439846764486,1.452192873311394,1.3877500000000507
4.266,1.3884500000000508,1.417139846764486,1.452892873311394,1.3884500000000508
4.268,1.3891500000000507,1.4178398467644862,1.453592873311394,1.3891500000000507
4.27,1.3898500000000509,1.418539846764486,1.454292873311394,1.3898500000000509
4.272,1.390550000000051,1.4192398467644862,1.4549928733113942,1.390550000000051
4.274,1.391250000000051,1.4199398467644861,1.455692873311394,1.391250000000051
4.276,1.391950000000051,1.4206398467644863,1.4563928733113942,1.391950000000051
4.278,1.392650000000051,1.4213398467644864,1.4570928733113941,1.392650000000051
4.28,1.3933500000000512,1.4220398467644864,1.4577928733113943,1.3933500000000512
4.282,1.394050000000051,1.4227398467644865,1.4584928733113944,1.394050000000051
4.284,1.3947500000000512,1.4234398467644864,1.4591928733113944,1.3947500000000512
4.286,1.3954500000000511,1.4241398467644866,1.4598928733113945,1.3954500000000511
4.288,1.3961500000000513,1.4248398467644865,1.4605928733113944,1.3961500000000513
4.29,1.3968500000000512,1.4255398467644866,1.4612928733113946,1.3968500000000512
4.292,1.3975500000000514,1.4262398467644866,1.4619928733113945,1.3975500000000514
4.294,1.3982500000000515,1.4269398467644867,1.4626928733113946,1.3982500000000515
4.296,1.3989500000000514,1.4276398467644869,1.4633928733113946,1.3989500000000514
4.298,1.3996500000000516,1.4283398467644868,1.4640928733113947,1.3996500000000516
4.3,1.4003500000000515,1.429039846764487,1.4647928733113948,1.4003500000000515
4.302,1.4010500000000516,1.4297398467644868,1.4654928733113948,1.4010500000000516
4.304,1.4017500000000516,1.430439846764487,1.466192873311395,1.4017500000000516
4.306,1.4024500000000517,1.431139846764487,1.4668928733113948,1.4024500000000517
4.308,1.4031500000000516,1.431839846764487,1.467592873311395,1.4031500000000516
4.31,1.4038500000000518,1.432539846764487,1.468292873311395,1.4038500000000518
4.312,1.404550000000052,1.4332398467644871,1.468992873311395,1.404550000000052
4.314,1.4052500000000518,1.4339398467644873,1.469692873311395,1.4052500000000518
4.316,1.405950000000052,1.4346398467644872,1.4703928733113951,1.405950000000052
4.318,1.406650000000052,1.4353398467644873,1.471092873311395,1.406650000000052
4.32,1.407350000000052,1.4360398467644873,1.4717928733113952,1.407350000000052
4.322,1.408050000000052,1.4367398467644874,1.4724928733113953,1.408050000000052
4.324,1.4087500000000521,1.4374398467644873,1.4731928733113953,1.4087500000000521
4.326,1.409450000000052,1.4381398467644875,1.4738928733113954,1.409450000000052
4.328,1.4101500000000522,1.4388398467644874,1.4745928733113953,1.4101500000000522
4.33,1.4108500000000523,1.4395398467644875,1.4752928733113955,1.4108500000000523
4.332,1.4115500000000523,1.4402398467644875,1.4759928733113954,1.4115500000000523
4.334,1.4122500000000524,1.4409398467644876,1.4766928733113955,1.4122500000000524
4.336,1.4129500000000523,1.4416398467644878,1.4773928733113955,1.4129500000000523
4.338,1.4136500000000525,1.4423398467644877,1.4780928733113956,1.4136500000000525
4.34,1.4143500000000524,1.4430398467644878,1.4787928733113958,1.4143500000000524
4.342,1.4150500000000525,1.4437398467644877,1.4794928733113957,1.4150500000000525
4.344,1.4157500000000525,1.444439846764488,1.4801928733113958,1.4157500000000525
4.346,1.4164500000000526,1.4451398467644878,1.4808928733113957,1.4164500000000526
4.348,1.4171500000000525,1.445839846764488,1.4815928733113959,1.4171500000000525
4.35,1.4178500000000527,1.4465398467644879,1.4822928733113958,1.4178500000000527
4.352,1.4185500000000528,1.447239846764488,1.482992873311396,1.4185500000000528
4.354,1.4192500000000527,1.4479398467644882,1.4836928733113959,1.4192500000000527
4.356,1.419950000000053,1.448639846764488,1.484392873311396,1.419950000000053
4.358,1.4206500000000528,1.4493398467644882,1.4850928733113962,1.4206500000000528
4.36,1.421350000000053,1.4500398467644882,1.485792873311396,1.421350000000053
4.362,1.4220500000000529,1.4507398467644883,1.4864928733113962,1.4220500000000529
4.364,1.422750000000053,1.4514398467644882,1.4871928733113962,1.422750000000053
4.366,1.423450000000053,1.4521398467644884,1.4878928733113963,1.423450000000053
4.368,1.424150000000053,1.4528398467644883,1.4885928733113962,1.424150000000053
4.37,1.4248500000000532,1.4535398467644884,1.4892928733113964,1.4248500000000532
4.372,1.4255500000000532,1.4542398467644886,1.4899928733113963,1.4255500000000532
4.374,1.4262500000000533,1.4549398467644885,1.4906928733113964,1.4262500000000533
4.376,1.4269500000000532,1.4556398467644887,1.4913928733113966,1.4269500000000532
4.378,1.4276500000000534,1.4563398467644886,1.4920928733113965,1.4276500000000534
4.38,1.4283500000000533,1.4570398467644887,1.4927928733113967,1.4283500000000533
4.382,1.4290500000000534,1.4577398467644886,1.4934928733113966,1.4290500000000534
4.384,1.4297500000000534,1.4584398467644888,1.4941928733113967,1.4297500000000534
4.386,1.4304500000000535,1.4591398467644887,1.4948928733113966,1.4304500000000535
4.388,1.4311500000000537,1.4598398467644889,1.4955928733113968,1.4311500000000537
4.39,1.4318500000000536,1.4605398467644888,1.4962928733113967,1.4318500000000536
4.392,1.4325500000000537,1.461239846764489,1.4969928733113969,1.4325500000000537
4.394,1.4332500000000536,1.461939846764489,1.4976928733113968,1.4332500000000536
4.396,1.4339500000000538,1.462639846764489,1.498392873311397,1.4339500000000538
4.398,1.4346500000000537,1.4633398467644891,1.499092873311397,1.4346500000000537
4.4,1.4353500000000539,1.464039846764489,1.499792873311397,1.4353500000000539
4.402,1.4360500000000538,1.4647398467644892,1.5004928733113971,1.4360500000000538
4.404,1.436750000000054,1.4654398467644891,1.501192873311397,1.436750000000054
4.406,1.437450000000054,1.4661398467644893,1.5018928733113972,1.437450000000054
4.408,1.438150000000054,1.4668398467644892,1.5025928733113971,1.438150000000054
4.41,1.4388500000000541,1.4675398467644893,1.5032928733113973,1.4388500000000541
4.412,1.439550000000054,1.4682398467644895,1.5039928733113972,1.439550000000054
4.414,1.4402500000000542,1.4689398467644894,1.5046928733113973,1.4402500000000542
4.416,1.4409500000000541,1.4696398467644896,1.5053928733113975,1.4409500000000541
4.418,1.4416500000000543,1.4703398467644895,1.5060928733113974,1.4416500000000543
4.42,1.4423500000000542,1.4710398467644896,1.5067928733113976,1.4423500000000542
4.422,1.4430500000000543,1.4717398467644895,1.5074928733113975,1.4430500000000543
4.424,1.4437500000000543,1.4724398467644897,1.5081928733113976,1.4437500000000543
4.426,1.4444500000000544,1.4731398467644896,1.5088928733113975,1.4444500000000544
4.428,1.4451500000000546,1.4738398467644898,1.5095928733113977,1.4451500000000546
4.43,1.4458500000000545,1.47453984676449,1.5102928733113976,1.4458500000000545
4.432,1.4465500000000546,1.4752398467644898,1.5109928733113978,1.4465500000000546
4.434,1.4472500000000545,1.47593984676449,1.511692873311398,1.4472500000000545
4.436,1.4479500000000547,1.47663984676449,1.5123928733113978,1.4479500000000547
4.438,1.4486500000000546,1.47733984676449,1.513092873311398,1.4486500000000546
4.44,1.4493500000000548,1.47803984676449,1.513792873311398,1.4493500000000548
4.442,1.4500500000000547,1.47873984676449,1.514492873311398,1.4500500000000547
4.444,1.4507500000000548,1.47943984676449,1.515192873311398,1.4507500000000548
4.446,1.451450000000055,1.4801398467644902,1.515892873311398,1.451450000000055
4.448,1.452150000000055,1.48083984676449,1.516592873311398,1.452150000000055
4.45,1.452850000000055,1.4815398467644902,1.5172928733113982,1.452850000000055
4.452,1.453550000000055,1.4822398467644904,1.517992873311398,1.453550000000055
4.454,1.454250000000055,1.4829398467644903,1.5186928733113982,1.454250000000055
4.456,1.454950000000055,1.4836398467644905,1.5193928733113984,1.454950000000055
4.458,1.4556500000000552,1.4843398467644904,1.5200928733113983,1.4556500000000552
4.46,1.456350000000055,1.4850398467644905,1.5207928733113985,1.456350000000055
4.462,1.4570500000000552,1.4857398467644904,1.5214928733113984,1.4570500000000552
4.464,1.4577500000000554,1.4864398467644906,1.5221928733113985,1.4577500000000554
4.466,1.4584500000000553,1.4871398467644905,1.5228928733113984,1.4584500000000553
4.468,1.4591500000000555,1.4878398467644907,1.5235928733113986,1.4591500000000555
4.47,1.4598500000000554,1.4885398467644908,1.5242928733113985,1.4598500000000554
4.472,1.4605500000000555,1.4892398467644907,1.5249928733113987,1.4605500000000555
4.474,1.4612500000000554,1.4899398467644909,1.5256928733113988,1.4612500000000554
4.476,1.4619500000000556,1.4906398467644908,1.5263928733113987,1.4619500000000556
4.478,1.4626500000000555,1.491339846764491,1.5270928733113989,1.4626500000000555
4.48,1.4633500000000557,1.4920398467644909,1.5277928733113988,1.4633500000000557
4.482,1.4640500000000556,1.492739846764491,1.528492873311399,1.4640500000000556
4.484,1.4647500000000557,1.493439846764491,1.5291928733113989,1.4647500000000557
4.486,1.4654500000000559,1.494139846764491,1.529892873311399,1.4654500000000559
4.488,1.4661500000000558,1.4948398467644912,1.530592873311399,1.4661500000000558
4.49,1.466850000000056,1.4955398467644911,1.531292873311399,1.466850000000056
4.492,1.4675500000000559,1.4962398467644913,1.5319928733113992,1.4675500000000559
4.494,1.468250000000056,1.4969398467644912,1.5326928733113991,1.468250000000056
4.496,1.468950000000056,1.4976398467644914,1.5333928733113993,1.468950000000056
4.498,1.469650000000056,1.4983398467644913,1.5340928733113992,1.469650000000056
4.5,1.470350000000056,1.4990398467644914,1.5347928733113994,1.470350000000056
4.502,1.4710500000000561,1.4997398467644913,1.5354928733113993,1.4710500000000561
4.504,1.4717500000000563,1.5004398467644915,1.5361928733113994,1.4717500000000563
4.506,1.4724500000000562,1.5011398467644916,1.5368928733113993,1.4724500000000562
4.508,1.4731500000000564,1.5018398467644916,1.5375928733113995,1.4731500000000564
4.51,1.4738500000000563,1.5025398467644917,1.5382928733113994,1.4738500000000563
4.512,1.4745500000000564,1.5032398467644916,1.5389928733113996,1.4745500000000564
4.514,1.4752500000000563,1.5039398467644918,1.5396928733113997,1.4752500000000563
4.516,1.4759500000000565,1.5046398467644917,1.5403928733113996,1.4759500000000565
4.518,1.4766500000000564,1.5053398467644918,1.5410928733113998,1.4766500000000564
4.52,1.4773500000000566,1.5060398467644918,1.5417928733113997,1.4773500000000566
4.522,1.4780500000000567,1.506739846764492,1.5424928733113998,1.4780500000000567
4.524,1.4787500000000566,1.5074398467644918,1.5431928733113998,1.4787500000000566
4.526,1.4794500000000568,1.508139846764492,1.5438928733114,1.4794500000000568
4.528,1.4801500000000567,1.5088398467644921,1.5445928733113998,1.4801500000000567
4.53,1.4808500000000568,1.509539846764492,1.5452928733114,1.4808500000000568
4.532,1.4815500000000568,1.5102398467644922,1.5459928733114001,1.4815500000000568
4.534,1.482250000000057,1.5109398467644921,1.5466928733114,1.482250000000057
4.536,1.4829500000000568,1.5116398467644923,1.5473928733114002,1.4829500000000568
4.538,1.483650000000057,1.5123398467644922,1.5480928733114,1.483650000000057
4.54,1.484350000000057,1.5130398467644923,1.5487928733114003,1.484350000000057
4.542,1.485050000000057,1.5137398467644922,1.5494928733114002,1.485050000000057
4.544,1.4857500000000572,1.5144398467644924,1.5501928733114003,1.4857500000000572
4.546,1.4864500000000571,1.5151398467644925,1.5508928733114002,1.4864500000000571
4.548,1.4871500000000573,1.5158398467644925,1.5515928733114004,1.4871500000000573
4.55,1.4878500000000572,1.5165398467644926,1.5522928733114005,1.4878500000000572
4.552,1.4885500000000573,1.5172398467644925,1.5529928733114005,1.4885500000000573
4.554,1.4892500000000573,1.5179398467644927,1.5536928733114006,1.4892500000000573
4.556,1.4899500000000574,1.5186398467644926,1.5543928733114005,1.4899500000000574
4.558,1.4906500000000573,1.5193398467644927,1.5550928733114007,1.4906500000000573
4.56,1.4913500000000575,1.5200398467644927,1.5557928733114006,1.4913500000000575
4.562,1.4920500000000576,1.5207398467644928,1.5564928733114007,1.4920500000000576
4.564,1.4927500000000575,1.521439846764493,1.5571928733114007,1.4927500000000575
4.566,1.4934500000000577,1.5221398467644929,1.5578928733114008,1.4934500000000577
4.568,1.4941500000000576,1.522839846764493,1.558592873311401,1.4941500000000576
4.57,1.4948500000000577,1.523539846764493,1.5592928733114009,1.4948500000000577
4.572,1.4955500000000577,1.524239846764493,1.559992873311401,1.4955500000000577
4.574,1.4962500000000578,1.524939846764493,1.560692873311401,1.4962500000000578
4.576,1.4969500000000577,1.5256398467644932,1.561392873311401,1.4969500000000577
4.578,1.4976500000000579,1.526339846764493,1.562092873311401,1.4976500000000579
4.58,1.498350000000058,1.5270398467644932,1.5627928733114012,1.498350000000058
4.582,1.499050000000058,1.5277398467644931,1.563492873311401,1.499050000000058
4.584,1.499750000000058,1.5284398467644933,1.5641928733114012,1.499750000000058
4.586,1.500450000000058,1.5291398467644934,1.5648928733114011,1.500450000000058
4.588,1.5011500000000582,1.5298398467644934,1.5655928733114013,1.5011500000000582
4.59,1.501850000000058,1.5305398467644935,1.5662928733114014,1.501850000000058
4.592,1.5025500000000582,1.5312398467644934,1.5669928733114014,1.5025500000000582
4.594,1.5032500000000582,1.5319398467644936,1.5676928733114015,1.5032500000000582
4.596,1.5039500000000583,1.5326398467644935,1.5683928733114014,1.5039500000000583
4.598,1.5046500000000584,1.5333398467644936,1.5690928733114016,1.5046500000000584
4.6,1.5053500000000584,1.5340398467644936,1.5697928733114015,1.5053500000000584
4.602,1.5060500000000585,1.5347398467644937,1.5704928733114016,1.5060500000000585
4.604,1.5067500000000584,1.5354398467644939,1.5711928733114016,1.5067500000000584
4.606,1.5074500000000586,1.5361398467644938,1.5718928733114017,1.5074500000000586
4.608,1.5081500000000585,1.536839846764494,1.5725928733114019,1.5081500000000585
4.61,1.5088500000000586,1.5375398467644938,1.5732928733114018,1.5088500000000586
4.612,1.5095500000000586,1.538239846764494,1.573992873311402,1.5095500000000586
4.614,1.5102500000000587,1.538939846764494,1.5746928733114018,1.5102500000000587
4.616,1.5109500000000586,1.539639846764494,1.575392873311402,1.5109500000000586
4.618,1.5116500000000588,1.540339846764494,1.576092873311402,1.5116500000000588
4.62,1.512350000000059,1.5410398467644941,1.576792873311402,1.512350000000059
4.622,1.5130500000000588,1.5417398467644943,1.577492873311402,1.5130500000000588
4.624,1.513750000000059,1.5424398467644942,1.5781928733114021,1.513750000000059
4.626,1.514450000000059,1.5431398467644943,1.5788928733114023,1.514450000000059
4.628,1.515150000000059,1.5438398467644943,1.5795928733114022,1.515150000000059
4.63,1.515850000000059,1.5445398467644944,1.5802928733114023,1.515850000000059
4.632,1.5165500000000591,1.5452398467644943,1.5809928733114023,1.5165500000000591
4.634,1.517250000000059,1.5459398467644945,1.5816928733114024,1.517250000000059
4.636,1.5179500000000592,1.5466398467644944,1.5823928733114023,1.5179500000000592
4.638,1.5186500000000593,1.5473398467644945,1.5830928733114025,1.5186500000000593
4.64,1.5193500000000593,1.5480398467644945,1.5837928733114024,1.5193500000000593
4.642,1.5200500000000594,1.5487398467644946,1.5844928733114025,1.5200500000000594
4.644,1.5207500000000593,1.5494398467644948,1.5851928733114025,1.5207500000000593
4.646,1.5214500000000595,1.5501398467644947,1.5858928733114026,1.5214500000000595
4.648,1.5221500000000594,1.5508398467644948,1.5865928733114028,1.5221500000000594
4.65,1.5228500000000595,1.5515398467644947,1.5872928733114027,1.5228500000000595
4.652,1.5235500000000595,1.552239846764495,1.5879928733114028,1.5235500000000595
4.654,1.5242500000000596,1.5529398467644948,1.5886928733114027,1.5242500000000596
4.656,1.5249500000000598,1.553639846764495,1.5893928733114029,1.5249500000000598
4.658,1.5256500000000597,1.5543398467644949,1.5900928733114028,1.5256500000000597
4.66,1.5263500000000598,1.555039846764495,1.590792873311403,1.5263500000000598
4.662,1.5270500000000597,1.5557398467644952,1.5914928733114029,1.5270500000000597
4.664,1.52775000000006,1.556439846764495,1.592192873311403,1.52775000000006
4.666,1.5284500000000598,1.5571398467644952,1.5928928733114032,1.5284500000000598
4.668,1.52915000000006,1.5578398467644952,1.593592873311403,1.52915000000006
4.67,1.5298500000000599,1.5585398467644953,1.5942928733114032,1.5298500000000599
4.672,1.53055000000006,1.5592398467644952,1.5949928733114032,1.53055000000006
4.674,1.53125000000006,1.5599398467644954,1.5956928733114033,1.53125000000006
4.676,1.53195000000006,1.5606398467644953,1.5963928733114032,1.53195000000006
4.678,1.5326500000000602,1.5613398467644954,1.5970928733114034,1.5326500000000602
4.68,1.5333500000000602,1.5620398467644956,1.5977928733114033,1.5333500000000602
4.682,1.5340500000000603,1.5627398467644955,1.5984928733114034,1.5340500000000603
4.684,1.5347500000000602,1.5634398467644957,1.5991928733114036,1.5347500000000602
4.686,1.5354500000000604,1.5641398467644956,1.5998928733114035,1.5354500000000604
4.688,1.5361500000000603,1.5648398467644957,1.6005928733114037,1.5361500000000603
4.69,1.5368500000000604,1.5655398467644956,1.6012928733114036,1.5368500000000604
4.692,1.5375500000000604,1.5662398467644958,1.6019928733114037,1.5375500000000604
4.694,1.5382500000000605,1.5669398467644957,1.6026928733114036,1.5382500000000605
4.696,1.5389500000000607,1.5676398467644959,1.6033928733114038,1.5389500000000607
4.698,1.5396500000000606,1.5683398467644958,1.6040928733114037,1.5396500000000606
4.7,1.5403500000000607,1.569039846764496,1.6047928733114039,1.5403500000000607
4.702,1.5410500000000606,1.569739846764496,1.6054928733114038,1.5410500000000606
4.704,1.5417500000000608,1.570439846764496,1.606192873311404,1.5417500000000608
4.706,1.5424500000000607,1.5711398467644961,1.606892873311404,1.5424500000000607
4.708,1.5431500000000609,1.571839846764496,1.607592873311404,1.5431500000000609
4.71,1.5438500000000608,1.5725398467644962,1.6082928733114041,1.5438500000000608
4.712,1.544550000000061,1.5732398467644961,1.608992873311404,1.544550000000061
4.714,1.545250000000061,1.5739398467644963,1.6096928733114042,1.545250000000061
4.716,1.545950000000061,1.5746398467644962,1.6103928733114041,1.545950000000061
4.718,1.5466500000000611,1.5753398467644963,1.6110928733114043,1.5466500000000611
4.72,1.547350000000061,1.5760398467644965,1.6117928733114042,1.547350000000061
4.722,1.5480500000000612,1.5767398467644964,1.6124928733114043,1.5480500000000612
4.724,1.5487500000000611,1.5774398467644966,1.6131928733114045,1.5487500000000611
4.726,1.5494500000000613,1.5781398467644965,1.6138928733114044,1.5494500000000613
4.728,1.5501500000000612,1.5788398467644966,1.6145928733114046,1.5501500000000612
4.73,1.5508500000000613,1.5795398467644965,1.6152928733114045,1.5508500000000613
4.732,1.5515500000000613,1.5802398467644967,1.6159928733114046,1.5515500000000613
4.734,1.5522500000000614,1.5809398467644966,1.6166928733114045,1.5522500000000614
4.736,1.5529500000000616,1.5816398467644968,1.6173928733114047,1.5529500000000616
4.738,1.5536500000000615,1.582339846764497,1.6180928733114046,1.5536500000000615
4.74,1.5543500000000616,1.5830398467644968,1.6187928733114048,1.5543500000000616
4.742,1.5550500000000615,1.583739846764497,1.619492873311405,1.5550500000000615
4.744,1.5557500000000617,1.584439846764497,1.6201928733114048,1.5557500000000617
4.746,1.5564500000000616,1.585139846764497,1.620892873311405,1.5564500000000616
4.748,1.5571500000000618,1.585839846764497,1.621592873311405,1.5571500000000618
4.75,1.5578500000000617,1.586539846764497,1.622292873311405,1.5578500000000617
4.752,1.5585500000000618,1.587239846764497,1.622992873311405,1.5585500000000618
4.754,1.559250000000062,1.5879398467644972,1.623692873311405,1.559250000000062
4.756,1.559950000000062,1.5886398467644973,1.624392873311405,1.559950000000062
4.758,1.560650000000062,1.5893398467644972,1.6250928733114052,1.560650000000062
4.76,1.561350000000062,1.5900398467644974,1.6257928733114053,1.561350000000062
4.762,1.5620500000000621,1.5907398467644973,1.6264928733114052,1.5620500000000621
4.764,1.562750000000062,1.5914398467644975,1.6271928733114054,1.562750000000062
4.766,1.5634500000000622,1.5921398467644974,1.6278928733114053,1.5634500000000622
4.768,1.564150000000062,1.5928398467644975,1.6285928733114055,1.564150000000062
4.77,1.5648500000000622,1.5935398467644974,1.6292928733114054,1.5648500000000622
4.772,1.5655500000000624,1.5942398467644976,1.6299928733114055,1.5655500000000624
4.774,1.5662500000000623,1.5949398467644975,1.6306928733114054,1.5662500000000623
4.776,1.5669500000000625,1.5956398467644977,1.6313928733114056,1.5669500000000625
4.778,1.5676500000000624,1.5963398467644978,1.6320928733114055,1.5676500000000624
4.78,1.5683500000000625,1.5970398467644977,1.6327928733114057,1.5683500000000625
4.782,1.5690500000000625,1.5977398467644979,1.6334928733114058,1.5690500000000625
4.784,1.5697500000000626,1.5984398467644978,1.6341928733114057,1.5697500000000626
4.786,1.5704500000000625,1.599139846764498,1.6348928733114059,1.5704500000000625
4.788,1.5711500000000627,1.5998398467644979,1.6355928733114058,1.5711500000000627
4.79,1.5718500000000626,1.600539846764498,1.636292873311406,1.5718500000000626
4.792,1.5725500000000627,1.601239846764498,1.6369928733114059,1.5725500000000627
4.794,1.5732500000000629,1.601939846764498,1.637692873311406,1.5732500000000629
4.796,1.5739500000000628,1.6026398467644982,1.638392873311406,1.5739500000000628
4.798,1.574650000000063,1.6033398467644981,1.639092873311406,1.574650000000063
4.8,1.5753500000000629,1.6040398467644983,1.6397928733114062,1.5753500000000629
4.802,1.576050000000063,1.6047398467644982,1.6404928733114061,1.576050000000063
4.804,1.576750000000063,1.6054398467644984,1.6411928733114063,1.576750000000063
4.806,1.577450000000063,1.6061398467644983,1.6418928733114062,1.577450000000063
4.808,1.578150000000063,1.6068398467644984,1.6425928733114064,1.578150000000063
4.81,1.5788500000000631,1.6075398467644983,1.6432928733114063,1.5788500000000631
4.812,1.5795500000000633,1.6082398467644985,1.6439928733114064,1.5795500000000633
4.814,1.5802500000000632,1.6089398467644986,1.6446928733114063,1.5802500000000632
4.816,1.5809500000000634,1.6096398467644986,1.6453928733114065,1.5809500000000634
4.818,1.5816500000000633,1.6103398467644987,1.6460928733114066,1.5816500000000633
4.82,1.5823500000000634,1.6110398467644986,1.6467928733114066,1.5823500000000634
4.822,1.5830500000000634,1.6117398467644988,1.6474928733114067,1.5830500000000634
4.824,1.5837500000000635,1.6124398467644987,1.6481928733114066,1.5837500000000635
4.826,1.5844500000000634,1.6131398467644988,1.6488928733114068,1.5844500000000634
4.828,1.5851500000000636,1.6138398467644988,1.6495928733114067,1.5851500000000636
4.83,1.5858500000000637,1.614539846764499,1.6502928733114068,1.5858500000000637
4.832,1.5865500000000636,1.6152398467644988,1.6509928733114068,1.5865500000000636
4.834,1.5872500000000638,1.615939846764499,1.651692873311407,1.5872500000000638
4.836,1.5879500000000637,1.6166398467644991,1.6523928733114068,1.5879500000000637
4.838,1.5886500000000638,1.617339846764499,1.653092873311407,1.5886500000000638
4.84,1.5893500000000638,1.6180398467644992,1.6537928733114071,1.5893500000000638
4.842,1.590050000000064,1.6187398467644991,1.654492873311407,1.590050000000064
4.844,1.5907500000000638,1.6194398467644993,1.6551928733114072,1.5907500000000638
4.846,1.591450000000064,1.6201398467644992,1.655892873311407,1.591450000000064
4.848,1.5921500000000641,1.6208398467644993,1.6565928733114073,1.5921500000000641
4.85,1.592850000000064,1.6215398467644992,1.6572928733114072,1.592850000000064
4.852,1.5935500000000642,1.6222398467644994,1.6579928733114073,1.5935500000000642
4.854,1.5942500000000641,1.6229398467644995,1.6586928733114072,1.5942500000000641
4.856,1.5949500000000643,1.6236398467644995,1.6593928733114074,1.5949500000000643
4.858,1.5956500000000642,1.6243398467644996,1.6600928733114075,1.5956500000000642
4.86,1.5963500000000643,1.6250398467644995,1.6607928733114075,1.5963500000000643
4.862,1.5970500000000643,1.6257398467644997,1.6614928733114076,1.5970500000000643
4.864,1.5977500000000644,1.6264398467644996,1.6621928733114075,1.5977500000000644
4.866,1.5984500000000643,1.6271398467644997,1.6628928733114077,1.5984500000000643
4.868,1.5991500000000645,1.6278398467644997,1.6635928733114076,1.5991500000000645
4.87,1.5998500000000646,1.6285398467644998,1.6642928733114077,1.5998500000000646
4.872,1.6005500000000645,1.6292398467645,1.6649928733114077,1.6005500000000645
4.874,1.6012500000000647,1.6299398467644999,1.6656928733114078,1.6012500000000647
4.876,1.6019500000000646,1.6306398467645,1.666392873311408,1.6019500000000646
4.878,1.6026500000000647,1.6313398467645,1.6670928733114079,1.6026500000000647
4.88,1.6033500000000647,1.6320398467645,1.667792873311408,1.6033500000000647
4.882,1.6040500000000648,1.6327398467645,1.668492873311408,1.6040500000000648
4.884,1.6047500000000647,1.6334398467645002,1.669192873311408,1.6047500000000647
4.886,1.6054500000000649,1.6341398467645,1.669892873311408,1.6054500000000649
4.888,1.606150000000065,1.6348398467645002,1.6705928733114082,1.606150000000065
4.89,1.606850000000065,1.6355398467645001,1.671292873311408,1.606850000000065
4.892,1.607550000000065,1.6362398467645003,1.6719928733114082,1.607550000000065
4.894,1.608250000000065,1.6369398467645004,1.6726928733114081,1.608250000000065
4.896,1.6089500000000652,1.6376398467645004,1.6733928733114083,1.6089500000000652
4.898,1.609650000000065,1.6383398467645005,1.6740928733114084,1.609650000000065
4.9,1.6103500000000652,1.6390398467645004,1.6747928733114084,1.6103500000000652
4.902,1.6110500000000652,1.6397398467645006,1.6754928733114085,1.6110500000000652
4.904,1.6117500000000653,1.6404398467645005,1.6761928733114084,1.6117500000000653
4.906,1.6124500000000654,1.6411398467645006,1.6768928733114086,1.6124500000000654
4.908,1.6131500000000654,1.6418398467645006,1.6775928733114085,1.6131500000000654
4.91,1.6138500000000655,1.6425398467645007,1.6782928733114086,1.6138500000000655
4.912,1.6145500000000654,1.6432398467645009,1.6789928733114086,1.6145500000000654
4.914,1.6152500000000656,1.6439398467645008,1.6796928733114087,1.6152500000000656
4.916,1.6159500000000655,1.644639846764501,1.6803928733114089,1.6159500000000655
4.918,1.6166500000000656,1.6453398467645008,1.6810928733114088,1.6166500000000656
4.92,1.6173500000000656,1.646039846764501,1.681792873311409,1.6173500000000656
4.922,1.6180500000000657,1.646739846764501,1.6824928733114088,1.6180500000000657
4.924,1.6187500000000656,1.647439846764501,1.683192873311409,1.6187500000000656
4.926,1.6194500000000658,1.648139846764501,1.683892873311409,1.6194500000000658
4.928,1.620150000000066,1.6488398467645011,1.684592873311409,1.620150000000066
4.93,1.6208500000000658,1.6495398467645013,1.685292873311409,1.6208500000000658
4.932,1.621550000000066,1.6502398467645012,1.6859928733114091,1.621550000000066
4.934,1.622250000000066,1.6509398467645013,1.6866928733114093,1.622250000000066
4.936,1.622950000000066,1.6516398467645013,1.6873928733114092,1.622950000000066
4.938,1.623650000000066,1.6523398467645014,1.6880928733114093,1.623650000000066
4.94,1.6243500000000661,1.6530398467645013,1.6887928733114093,1.6243500000000661
4.942,1.625050000000066,1.6537398467645015,1.6894928733114094,1.625050000000066
4.944,1.6257500000000662,1.6544398467645014,1.6901928733114093,1.6257500000000662
4.946,1.6264500000000663,1.6551398467645015,1.6908928733114095,1.6264500000000663
4.948,1.6271500000000663,1.6558398467645017,1.6915928733114094,1.6271500000000663
4.95,1.6278500000000664,1.6565398467645016,1.6922928733114095,1.6278500000000664
4.952,1.6285500000000663,1.6572398467645018,1.6929928733114097,1.6285500000000663
4.954,1.6292500000000665,1.6579398467645017,1.6936928733114096,1.6292500000000665
4.956,1.6299500000000664,1.6586398467645018,1.6943928733114098,1.6299500000000664
4.958,1.6306500000000665,1.6593398467645017,1.6950928733114097,1.6306500000000665
4.96,1.6313500000000665,1.660039846764502,1.6957928733114098,1.6313500000000665
4.962,1.6320500000000666,1.6607398467645018,1.6964928733114097,1.6320500000000666
4.964,1.6327500000000668,1.661439846764502,1.6971928733114099,1.6327500000000668
4.966,1.6334500000000667,1.6621398467645019,1.6978928733114098,1.6334500000000667
4.968,1.6341500000000668,1.662839846764502,1.69859287331141,1.6341500000000668
4.97,1.6348500000000667,1.6635398467645022,1.6992928733114099,1.6348500000000667
4.972,1.635550000000067,1.664239846764502,1.69999287331141,1.635550000000067
4.974,1.6362500000000668,1.6649398467645022,1.7006928733114102,1.6362500000000668
4.976,1.636950000000067,1.6656398467645022,1.70139287331141,1.636950000000067
4.978,1.6376500000000669,1.6663398467645023,1.7020928733114102,1.6376500000000669
4.98,1.638350000000067,1.6670398467645022,1.7027928733114102,1.638350000000067
4.982,1.639050000000067,1.6677398467645024,1.7034928733114103,1.639050000000067
4.984,1.639750000000067,1.6684398467645023,1.7041928733114102,1.639750000000067
4.986,1.6404500000000672,1.6691398467645024,1.7048928733114104,1.6404500000000672
4.988,1.6411500000000672,1.6698398467645026,1.7055928733114103,1.6411500000000672
4.99,1.6418500000000673,1.6705398467645025,1.7062928733114104,1.6418500000000673
4.992,1.6425500000000672,1.6712398467645027,1.7069928733114106,1.6425500000000672
4.994,1.6432500000000674,1.6719398467645026,1.7076928733114105,1.6432500000000674
4.996,1.6439500000000673,1.6726398467645027,1.7083928733114107,1.6439500000000673
4.998,1.6446500000000674,1.6733398467645026,1.7090928733114106,1.6446500000000674
5.0,1.6453500000000674,1.6740398467645028,1.7097928733114107,1.6453500000000674
5.002,1.6460500000000675,1.6747398467645027,1.7104928733114106,1.6460500000000675
5.004,1.6467500000000677,1.6754398467645029,1.7111928733114108,1.6467500000000677
5.006,1.6474500000000676,1.676139846764503,1.7118928733114107,1.6474500000000676
5.008,1.6481500000000677,1.676839846764503,1.7125928733114109,1.6481500000000677
5.01,1.6488500000000677,1.677539846764503,1.713292873311411,1.6488500000000677
5.012,1.6495500000000678,1.678239846764503,1.713992873311411,1.6495500000000678
5.014,1.6502500000000677,1.6789398467645031,1.714692873311411,1.6502500000000677
5.016,1.6509500000000679,1.679639846764503,1.715392873311411,1.6509500000000679
5.018,1.6516500000000678,1.6803398467645032,1.7160928733114111,1.6516500000000678
5.02,1.652350000000068,1.6810398467645031,1.716792873311411,1.652350000000068
5.022,1.653050000000068,1.6817398467645033,1.7174928733114112,1.653050000000068
5.024,1.653750000000068,1.6824398467645032,1.7181928733114111,1.653750000000068
5.026,1.6544500000000681,1.6831398467645033,1.7188928733114113,1.6544500000000681
5.028,1.655150000000068,1.6838398467645035,1.7195928733114112,1.655150000000068
5.03,1.6558500000000682,1.6845398467645034,1.7202928733114113,1.6558500000000682
5.032,1.6565500000000681,1.6852398467645036,1.7209928733114115,1.6565500000000681
5.034,1.6572500000000683,1.6859398467645035,1.7216928733114114,1.6572500000000683
5.036,1.6579500000000682,1.6866398467645036,1.7223928733114116,1.6579500000000682
5.038,1.6586500000000683,1.6873398467645035,1.7230928733114115,1.6586500000000683
5.04,1.6593500000000685,1.6880398467645037,1.7237928733114116,1.6593500000000685
5.042,1.6600500000000684,1.6887398467645036,1.7244928733114115,1.6600500000000684
5.044,1.6607500000000686,1.6894398467645038,1.7251928733114117,1.6607500000000686
5.046,1.6614500000000685,1.690139846764504,1.7258928733114116,1.6614500000000685
5.048,1.6621500000000686,1.6908398467645038,1.7265928733114118,1.6621500000000686
5.05,1.6628500000000686,1.691539846764504,1.727292873311412,1.6628500000000686
5.052,1.6635500000000687,1.692239846764504,1.7279928733114118,1.6635500000000687
5.054,1.6642500000000686,1.692939846764504,1.728692873311412,1.6642500000000686
5.056,1.6649500000000688,1.693639846764504,1.729392873311412,1.6649500000000688
5.058,1.6656500000000687,1.694339846764504,1.730092873311412,1.6656500000000687
5.06,1.6663500000000688,1.695039846764504,1.730792873311412,1.6663500000000688
5.062,1.667050000000069,1.6957398467645042,1.731492873311412,1.667050000000069
5.064,1.667750000000069,1.6964398467645043,1.732192873311412,1.667750000000069
5.066,1.668450000000069,1.6971398467645042,1.7328928733114122,1.668450000000069
5.068,1.669150000000069,1.6978398467645044,1.7335928733114123,1.669150000000069
5.07,1.6698500000000691,1.6985398467645043,1.7342928733114122,1.6698500000000691
5.072,1.670550000000069,1.6992398467645045,1.7349928733114124,1.670550000000069
5.074,1.6712500000000692,1.6999398467645044,1.7356928733114123,1.6712500000000692
5.076,1.671950000000069,1.7006398467645045,1.7363928733114125,1.671950000000069
5.078,1.6726500000000692,1.7013398467645044,1.7370928733114124,1.6726500000000692
5.08,1.6733500000000694,1.7020398467645046,1.7377928733114125,1.6733500000000694
5.082,1.6740500000000693,1.7027398467645045,1.7384928733114124,1.6740500000000693
5.084,1.6747500000000695,1.7034398467645047,1.7391928733114126,1.6747500000000695
5.086,1.6754500000000694,1.7041398467645048,1.7398928733114125,1.6754500000000694
5.088,1.6761500000000695,1.7048398467645047,1.7405928733114127,1.6761500000000695
5.09,1.6768500000000695,1.7055398467645049,1.7412928733114128,1.6768500000000695
5.092,1.6775500000000696,1.7062398467645048,1.7419928733114127,1.6775500000000696
5.094,1.6782500000000695,1.706939846764505,1.7426928733114129,1.6782500000000695
5.096,1.6789500000000697,1.7076398467645049,1.7433928733114128,1.6789500000000697
5.098,1.6796500000000698,1.708339846764505,1.744092873311413,1.6796500000000698
5.1,1.6803500000000697,1.709039846764505,1.7447928733114129,1.6803500000000697
5.102,1.6810500000000699,1.709739846764505,1.745492873311413,1.6810500000000699
5.104,1.6817500000000698,1.7104398467645052,1.746192873311413,1.6817500000000698
5.106,1.68245000000007,1.7111398467645051,1.746892873311413,1.68245000000007
5.108,1.6831500000000699,1.7118398467645053,1.7475928733114132,1.6831500000000699
5.11,1.68385000000007,1.7125398467645052,1.7482928733114131,1.68385000000007
5.112,1.68455000000007,1.7132398467645054,1.7489928733114133,1.68455000000007
5.114,1.68525000000007,1.7139398467645053,1.7496928733114132,1.68525000000007
5.116,1.68595000000007,1.7146398467645054,1.7503928733114134,1.68595000000007
5.118,1.6866500000000701,1.7153398467645053,1.7510928733114133,1.6866500000000701
5.12,1.6873500000000703,1.7160398467645055,1.7517928733114134,1.6873500000000703
5.122,1.6880500000000702,1.7167398467645056,1.7524928733114133,1.6880500000000702
5.124,1.6887500000000704,1.7174398467645056,1.7531928733114135,1.6887500000000704
5.126,1.6894500000000703,1.7181398467645057,1.7538928733114136,1.6894500000000703
5.128,1.6901500000000704,1.7188398467645056,1.7545928733114136,1.6901500000000704
5.13,1.6908500000000704,1.7195398467645058,1.7552928733114137,1.6908500000000704
5.132,1.6915500000000705,1.7202398467645057,1.7559928733114136,1.6915500000000705
5.134,1.6922500000000704,1.7209398467645058,1.7566928733114138,1.6922500000000704
5.136,1.6929500000000706,1.7216398467645058,1.7573928733114137,1.6929500000000706
5.138,1.6936500000000707,1.722339846764506,1.7580928733114138,1.6936500000000707
5.14,1.6943500000000706,1.723039846764506,1.7587928733114138,1.6943500000000706
5.142,1.6950500000000708,1.723739846764506,1.759492873311414,1.6950500000000708
5.144,1.6957500000000707,1.7244398467645061,1.760192873311414,1.6957500000000707
5.146,1.6964500000000708,1.725139846764506,1.760892873311414,1.6964500000000708
5.148,1.6971500000000708,1.7258398467645062,1.7615928733114141,1.6971500000000708
5.15,1.697850000000071,1.7265398467645061,1.762292873311414,1.697850000000071
5.152,1.6985500000000708,1.7272398467645063,1.7629928733114142,1.6985500000000708
5.154,1.699250000000071,1.7279398467645062,1.763692873311414,1.699250000000071
5.156,1.6999500000000711,1.7286398467645063,1.7643928733114143,1.6999500000000711
5.158,1.700650000000071,1.7293398467645062,1.7650928733114142,1.700650000000071
5.16,1.7013500000000712,1.7300398467645064,1.7657928733114143,1.7013500000000712
5.162,1.7020500000000711,1.7307398467645065,1.7664928733114142,1.7020500000000711
5.164,1.7027500000000713,1.7314398467645065,1.7671928733114144,1.7027500000000713
5.166,1.7034500000000712,1.7321398467645066,1.7678928733114145,1.7034500000000712
5.168,1.7041500000000713,1.7328398467645065,1.7685928733114145,1.7041500000000713
5.17,1.7048500000000713,1.7335398467645067,1.7692928733114146,1.7048500000000713
5.172,1.7055500000000714,1.7342398467645066,1.7699928733114145,1.7055500000000714
5.174,1.7062500000000713,1.7349398467645067,1.7706928733114147,1.7062500000000713
5.176,1.7069500000000715,1.7356398467645067,1.7713928733114146,1.7069500000000715
5.178,1.7076500000000716,1.7363398467645068,1.7720928733114147,1.7076500000000716
5.18,1.7083500000000715,1.737039846764507,1.7727928733114147,1.7083500000000715
5.182,1.7090500000000717,1.7377398467645069,1.7734928733114148,1.7090500000000717
5.184,1.7097500000000716,1.738439846764507,1.774192873311415,1.7097500000000716
5.186,1.7104500000000717,1.739139846764507,1.7748928733114149,1.7104500000000717
5.188,1.7111500000000717,1.739839846764507,1.775592873311415,1.7111500000000717
5.19,1.7118500000000718,1.740539846764507,1.776292873311415,1.7118500000000718
5.192,1.7125500000000717,1.7412398467645072,1.776992873311415,1.7125500000000717
5.194,1.7132500000000719,1.741939846764507,1.777692873311415,1.7132500000000719
5.196,1.713950000000072,1.7426398467645072,1.7783928733114152,1.713950000000072
5.198,1.714650000000072,1.7433398467645074,1.779092873311415,1.714650000000072
5.2,1.715350000000072,1.7440398467645073,1.7797928733114152,1.715350000000072
5.202,1.716050000000072,1.7447398467645074,1.7804928733114154,1.716050000000072
5.204,1.7167500000000722,1.7454398467645074,1.7811928733114153,1.7167500000000722
5.206,1.717450000000072,1.7461398467645075,1.7818928733114154,1.717450000000072
5.208,1.7181500000000722,1.7468398467645074,1.7825928733114154,1.7181500000000722
5.21,1.7188500000000722,1.7475398467645076,1.7832928733114155,1.7188500000000722
5.212,1.7195500000000723,1.7482398467645075,1.7839928733114154,1.7195500000000723
5.214,1.7202500000000724,1.7489398467645076,1.7846928733114156,1.7202500000000724
5.216,1.7209500000000724,1.7496398467645076,1.7853928733114155,1.7209500000000724
5.218,1.7216500000000725,1.7503398467645077,1.7860928733114156,1.7216500000000725
5.22,1.7223500000000724,1.7510398467645079,1.7867928733114156,1.7223500000000724
5.222,1.7230500000000726,1.7517398467645078,1.7874928733114157,1.7230500000000726
5.224,1.7237500000000725,1.752439846764508,1.7881928733114159,1.7237500000000725
5.226,1.7244500000000726,1.7531398467645078,1.7888928733114158,1.7244500000000726
5.228,1.7251500000000726,1.753839846764508,1.789592873311416,1.7251500000000726
5.23,1.7258500000000727,1.754539846764508,1.7902928733114158,1.7258500000000727
5.232,1.7265500000000729,1.755239846764508,1.790992873311416,1.7265500000000729
5.234,1.7272500000000728,1.755939846764508,1.791692873311416,1.7272500000000728
5.236,1.727950000000073,1.7566398467645081,1.792392873311416,1.727950000000073
5.238,1.7286500000000729,1.7573398467645083,1.793092873311416,1.7286500000000729
5.24,1.729350000000073,1.7580398467645082,1.7937928733114161,1.729350000000073
5.242,1.730050000000073,1.7587398467645083,1.7944928733114163,1.730050000000073
5.244,1.730750000000073,1.7594398467645083,1.7951928733114162,1.730750000000073
5.246,1.731450000000073,1.7601398467645084,1.7958928733114163,1.731450000000073
5.248,1.7321500000000731,1.7608398467645083,1.7965928733114163,1.7321500000000731
5.25,1.732850000000073,1.7615398467645085,1.7972928733114164,1.732850000000073
5.252,1.7335500000000732,1.7622398467645084,1.7979928733114163,1.7335500000000732
5.254,1.7342500000000733,1.7629398467645085,1.7986928733114165,1.7342500000000733
5.256,1.7349500000000733,1.7636398467645087,1.7993928733114164,1.7349500000000733
5.258,1.7356500000000734,1.7643398467645086,1.8000928733114165,1.7356500000000734
5.26,1.7363500000000733,1.7650398467645088,1.8007928733114167,1.7363500000000733
5.262,1.7370500000000735,1.7657398467645087,1.8014928733114168,1.7370500000000735
5.264,1.7377500000000734,1.7664398467645088,1.8021928733114168,1.7377500000000734
5.266,1.7384500000000735,1.7671398467645087,1.802892873311417,1.7384500000000735
5.268,1.7391500000000735,1.767839846764509,1.8035928733114168,1.7391500000000735
5.27,1.7398500000000736,1.7685398467645088,1.8042928733114167,1.7398500000000736
5.272,1.7405500000000738,1.769239846764509,1.804992873311417,1.7405500000000738
5.274,1.7412500000000737,1.7699398467645089,1.8056928733114168,1.7412500000000737
5.276,1.7419500000000738,1.770639846764509,1.8063928733114167,1.7419500000000738
5.278,1.7426500000000738,1.7713398467645092,1.8070928733114169,1.7426500000000738
5.28,1.743350000000074,1.772039846764509,1.8077928733114172,1.743350000000074
5.282,1.7440500000000738,1.7727398467645092,1.8084928733114172,1.7440500000000738
5.284,1.744750000000074,1.7734398467645092,1.809192873311417,1.744750000000074
5.286,1.7454500000000739,1.7741398467645093,1.8098928733114172,1.7454500000000739
5.288,1.746150000000074,1.7748398467645092,1.8105928733114172,1.746150000000074
5.29,1.7468500000000742,1.7755398467645094,1.8112928733114173,1.7468500000000742
5.292,1.747550000000074,1.7762398467645093,1.8119928733114172,1.747550000000074
5.294,1.7482500000000742,1.7769398467645094,1.8126928733114172,1.7482500000000742
5.296,1.7489500000000742,1.7776398467645096,1.8133928733114173,1.7489500000000742
5.298,1.7496500000000743,1.7783398467645095,1.8140928733114177,1.7496500000000743
5.3,1.7503500000000742,1.7790398467645097,1.8147928733114176,1.7503500000000742
5.302,1.7510500000000744,1.7797398467645096,1.8154928733114175,1.7510500000000744
5.304,1.7517500000000743,1.7804398467645097,1.8161928733114177,1.7517500000000743
5.306,1.7524500000000744,1.7811398467645096,1.8168928733114176,1.7524500000000744
5.308,1.7531500000000744,1.7818398467645098,1.8175928733114175,1.7531500000000744
5.31,1.7538500000000745,1.7825398467645097,1.8182928733114176,1.7538500000000745
5.312,1.7545500000000747,1.7832398467645099,1.8189928733114176,1.7545500000000747
5.314,1.7552500000000746,1.78393984676451,1.8196928733114175,1.7552500000000746
5.316,1.7559500000000747,1.78463984676451,1.820392873311418,1.7559500000000747
5.318,1.7566500000000747,1.78533984676451,1.821092873311418,1.7566500000000747
5.32,1.7573500000000748,1.78603984676451,1.821792873311418,1.7573500000000748
5.322,1.7580500000000747,1.7867398467645101,1.822492873311418,1.7580500000000747
5.324,1.7587500000000749,1.78743984676451,1.823192873311418,1.7587500000000749
5.326,1.7594500000000748,1.7881398467645102,1.823892873311418,1.7594500000000748
5.328,1.760150000000075,1.7888398467645101,1.824592873311418,1.760150000000075
5.33,1.760850000000075,1.7895398467645103,1.8252928733114184,1.760850000000075
5.332,1.761550000000075,1.7902398467645104,1.825992873311418,1.761550000000075
5.334,1.7622500000000751,1.7909398467645103,1.8266928733114185,1.7622500000000751
5.336,1.762950000000075,1.7916398467645105,1.827392873311418,1.762950000000075
5.338,1.7636500000000752,1.7923398467645104,1.8280928733114183,1.7636500000000752
5.34,1.7643500000000751,1.7930398467645106,1.8287928733114185,1.7643500000000751
5.342,1.7650500000000753,1.7937398467645105,1.8294928733114184,1.7650500000000753
5.344,1.7657500000000752,1.7944398467645106,1.8301928733114183,1.7657500000000752
5.346,1.7664500000000753,1.7951398467645105,1.8308928733114185,1.7664500000000753
5.348,1.7671500000000755,1.7958398467645107,1.8315928733114188,1.7671500000000755
5.35,1.7678500000000754,1.7965398467645106,1.8322928733114183,1.7678500000000754
5.352,1.7685500000000756,1.7972398467645108,1.8329928733114187,1.7685500000000756
5.354,1.7692500000000755,1.797939846764511,1.8336928733114188,1.7692500000000755
5.356,1.7699500000000756,1.7986398467645108,1.8343928733114188,1.7699500000000756
5.358,1.7706500000000756,1.799339846764511,1.835092873311419,1.7706500000000756
5.36,1.7713500000000757,1.800039846764511,1.8357928733114188,1.7713500000000757
5.362,1.7720500000000756,1.800739846764511,1.8364928733114187,1.7720500000000756
5.364,1.7727500000000758,1.801439846764511,1.837192873311419,1.7727500000000758
5.366,1.7734500000000757,1.802139846764511,1.8378928733114193,1.7734500000000757
5.368,1.7741500000000758,1.8028398467645113,1.8385928733114187,1.7741500000000758
5.37,1.774850000000076,1.8035398467645112,1.839292873311419,1.774850000000076
5.372,1.775550000000076,1.804239846764511,1.8399928733114193,1.775550000000076
5.374,1.776250000000076,1.8049398467645112,1.8406928733114192,1.776250000000076
5.376,1.776950000000076,1.8056398467645112,1.841392873311419,1.776950000000076
5.378,1.7776500000000761,1.806339846764511,1.8420928733114192,1.7776500000000761
5.38,1.778350000000076,1.8070398467645117,1.8427928733114192,1.778350000000076
5.382,1.7790500000000762,1.8077398467645112,1.843492873311419,1.7790500000000762
5.384,1.779750000000076,1.8084398467645115,1.8441928733114197,1.779750000000076
5.386,1.7804500000000762,1.8091398467645117,1.8448928733114192,1.7804500000000762
5.388,1.7811500000000764,1.8098398467645116,1.8455928733114195,1.7811500000000764
5.39,1.7818500000000763,1.8105398467645115,1.8462928733114197,1.7818500000000763
5.392,1.7825500000000765,1.8112398467645117,1.8469928733114196,1.7825500000000765
5.394,1.7832500000000764,1.811939846764512,1.8476928733114195,1.7832500000000764
5.396,1.7839500000000765,1.8126398467645115,1.8483928733114197,1.7839500000000765
5.398,1.7846500000000765,1.813339846764512,1.84909287331142,1.7846500000000765
5.4,1.7853500000000766,1.8140398467645116,1.8497928733114195,1.7853500000000766
5.402,1.7860500000000765,1.814739846764512,1.85049287331142,1.7860500000000765
5.404,1.7867500000000767,1.815439846764512,1.8511928733114196,1.7867500000000767
5.406,1.7874500000000768,1.816139846764512,1.85189287331142,1.7874500000000768
5.408,1.7881500000000767,1.816839846764512,1.85259287331142,1.7881500000000767
5.41,1.7888500000000769,1.817539846764512,1.85329287331142,1.7888500000000769
5.412,1.7895500000000768,1.8182398467645124,1.85399287331142,1.7895500000000768
5.414,1.790250000000077,1.818939846764512,1.85469287331142,1.790250000000077
5.416,1.7909500000000769,1.8196398467645123,1.8553928733114204,1.7909500000000769
5.418,1.791650000000077,1.8203398467645124,1.85609287331142,1.791650000000077
5.42,1.792350000000077,1.8210398467645124,1.8567928733114205,1.792350000000077
5.422,1.793050000000077,1.8217398467645125,1.8574928733114204,1.793050000000077
5.424,1.7937500000000772,1.8224398467645124,1.8581928733114204,1.7937500000000772
5.426,1.7944500000000772,1.8231398467645124,1.8588928733114205,1.7944500000000772
5.428,1.7951500000000773,1.8238398467645125,1.8595928733114204,1.7951500000000773
5.43,1.7958500000000772,1.8245398467645129,1.8602928733114203,1.7958500000000772
5.432,1.7965500000000774,1.8252398467645123,1.8609928733114205,1.7965500000000774
5.434,1.7972500000000773,1.8259398467645127,1.8616928733114209,1.7972500000000773
5.436,1.7979500000000774,1.8266398467645129,1.8623928733114203,1.7979500000000774
5.438,1.7986500000000774,1.8273398467645128,1.8630928733114207,1.7986500000000774
5.44,1.7993500000000775,1.8280398467645127,1.8637928733114209,1.7993500000000775
5.442,1.8000500000000774,1.8287398467645128,1.8644928733114208,1.8000500000000774
5.444,1.8007500000000776,1.8294398467645128,1.8651928733114207,1.8007500000000776
5.446,1.8014500000000775,1.8301398467645127,1.8658928733114208,1.8014500000000775
5.448,1.8021500000000776,1.8308398467645133,1.8665928733114208,1.8021500000000776
5.45,1.8028500000000776,1.8315398467645128,1.867292873311421,1.8028500000000776
5.452,1.8035500000000777,1.8322398467645131,1.8679928733114213,1.8035500000000777
5.454,1.804250000000078,1.8329398467645133,1.8686928733114208,1.804250000000078
5.456,1.8049500000000775,1.8336398467645132,1.8693928733114211,1.8049500000000775
5.458,1.805650000000078,1.8343398467645131,1.8700928733114213,1.805650000000078
5.46,1.806350000000078,1.8350398467645133,1.8707928733114212,1.806350000000078
5.462,1.807050000000078,1.8357398467645132,1.8714928733114211,1.807050000000078
5.464,1.807750000000078,1.836439846764513,1.8721928733114213,1.807750000000078
5.466,1.808450000000078,1.8371398467645133,1.8728928733114212,1.808450000000078
5.468,1.809150000000078,1.8378398467645132,1.873592873311421,1.809150000000078
5.47,1.809850000000078,1.8385398467645135,1.8742928733114212,1.809850000000078
5.472,1.8105500000000785,1.8392398467645137,1.8749928733114212,1.8105500000000785
5.474,1.811250000000078,1.8399398467645136,1.8756928733114215,1.811250000000078
5.476,1.8119500000000783,1.8406398467645135,1.8763928733114217,1.8119500000000783
5.478,1.8126500000000785,1.8413398467645137,1.8770928733114216,1.8126500000000785
5.48,1.8133500000000784,1.8420398467645136,1.8777928733114215,1.8133500000000784
5.482,1.8140500000000783,1.8427398467645135,1.8784928733114217,1.8140500000000783
5.484,1.8147500000000785,1.8434398467645137,1.8791928733114216,1.8147500000000785
5.486,1.8154500000000788,1.844139846764514,1.8798928733114215,1.8154500000000788
5.488,1.8161500000000783,1.844839846764514,1.8805928733114217,1.8161500000000783
5.49,1.816850000000079,1.845539846764514,1.881292873311422,1.816850000000079
5.492,1.8175500000000788,1.846239846764514,1.881992873311422,1.8175500000000788
5.494,1.8182500000000787,1.846939846764514,1.882692873311422,1.8182500000000787
5.496,1.818950000000079,1.847639846764514,1.883392873311422,1.818950000000079
5.498,1.8196500000000788,1.848339846764514,1.884092873311422,1.8196500000000788
5.5,1.8203500000000787,1.849039846764514,1.884792873311422,1.8203500000000787
5.502,1.8210500000000789,1.849739846764514,1.885492873311422,1.8210500000000789
5.504,1.8217500000000793,1.8504398467645145,1.886192873311422,1.8217500000000793
5.506,1.8224500000000787,1.8511398467645144,1.886892873311422,1.8224500000000787
5.508,1.823150000000079,1.8518398467645143,1.8875928733114224,1.823150000000079
5.51,1.8238500000000792,1.8525398467645144,1.8882928733114224,1.8238500000000792
5.512,1.8245500000000792,1.8532398467645144,1.8889928733114223,1.8245500000000792
5.514,1.8252500000000793,1.8539398467645145,1.8896928733114224,1.8252500000000793
5.516,1.8259500000000792,1.8546398467645144,1.8903928733114224,1.8259500000000792
5.518,1.8266500000000792,1.8553398467645144,1.8910928733114225,1.8266500000000792
5.52,1.8273500000000793,1.8560398467645145,1.8917928733114224,1.8273500000000793
5.522,1.8280500000000797,1.8567398467645149,1.8924928733114224,1.8280500000000797
5.524,1.8287500000000791,1.8574398467645148,1.8931928733114225,1.8287500000000791
5.526,1.8294500000000795,1.8581398467645147,1.8938928733114229,1.8294500000000795
5.528,1.8301500000000797,1.8588398467645149,1.8945928733114223,1.8301500000000797
5.53,1.8308500000000796,1.8595398467645148,1.8952928733114227,1.8308500000000796
5.532,1.8315500000000795,1.8602398467645147,1.8959928733114229,1.8315500000000795
5.534,1.8322500000000796,1.8609398467645148,1.8966928733114228,1.8322500000000796
5.536,1.8329500000000796,1.8616398467645148,1.8973928733114227,1.8329500000000796
5.538,1.8336500000000795,1.8623398467645147,1.8980928733114228,1.8336500000000795
5.54,1.83435000000008,1.8630398467645153,1.8987928733114228,1.83435000000008
5.542,1.8350500000000796,1.8637398467645148,1.8994928733114227,1.8350500000000796
5.544,1.83575000000008,1.8644398467645151,1.9001928733114233,1.83575000000008
5.546,1.83645000000008,1.8651398467645153,1.9008928733114228,1.83645000000008
5.548,1.83715000000008,1.8658398467645152,1.9015928733114231,1.83715000000008
5.55,1.83785000000008,1.8665398467645151,1.9022928733114233,1.83785000000008
5.552,1.83855000000008,1.8672398467645153,1.9029928733114232,1.83855000000008
5.554,1.83925000000008,1.8679398467645156,1.9036928733114231,1.83925000000008
5.556,1.83995000000008,1.8686398467645151,1.9043928733114233,1.83995000000008
5.558,1.84065000000008,1.8693398467645157,1.9050928733114236,1.84065000000008
5.56,1.8413500000000804,1.8700398467645156,1.905792873311423,1.8413500000000804
5.562,1.8420500000000803,1.8707398467645155,1.9064928733114237,1.8420500000000803
5.564,1.8427500000000805,1.8714398467645157,1.9071928733114232,1.8427500000000805
5.566,1.8434500000000804,1.8721398467645156,1.9078928733114235,1.8434500000000804
5.568,1.8441500000000803,1.8728398467645155,1.9085928733114237,1.8441500000000803
5.57,1.8448500000000805,1.8735398467645157,1.9092928733114236,1.8448500000000805
5.572,1.8455500000000804,1.874239846764516,1.9099928733114235,1.8455500000000804
5.574,1.8462500000000803,1.8749398467645155,1.9106928733114237,1.8462500000000803
5.576,1.8469500000000805,1.875639846764516,1.911392873311424,1.8469500000000805
5.578,1.8476500000000808,1.876339846764516,1.9120928733114235,1.8476500000000808
5.58,1.8483500000000808,1.877039846764516,1.912792873311424,1.8483500000000808
5.582,1.849050000000081,1.877739846764516,1.913492873311424,1.849050000000081
5.584,1.8497500000000808,1.878439846764516,1.914192873311424,1.8497500000000808
5.586,1.8504500000000808,1.879139846764516,1.914892873311424,1.8504500000000808
5.588,1.851150000000081,1.879839846764516,1.915592873311424,1.851150000000081
5.59,1.8518500000000808,1.8805398467645165,1.916292873311424,1.8518500000000808
5.592,1.8525500000000807,1.881239846764516,1.916992873311424,1.8525500000000807
5.594,1.8532500000000809,1.8819398467645163,1.9176928733114245,1.8532500000000809
5.596,1.8539500000000813,1.8826398467645165,1.918392873311424,1.8539500000000813
5.598,1.8546500000000812,1.8833398467645164,1.9190928733114243,1.8546500000000812
5.6,1.855350000000081,1.8840398467645163,1.9197928733114245,1.855350000000081
5.602,1.8560500000000812,1.8847398467645164,1.9204928733114244,1.8560500000000812
5.604,1.8567500000000812,1.8854398467645164,1.9211928733114243,1.8567500000000812
5.606,1.857450000000081,1.8861398467645163,1.9218928733114244,1.857450000000081
5.608,1.8581500000000812,1.8868398467645169,1.9225928733114244,1.8581500000000812
5.61,1.8588500000000812,1.8875398467645164,1.9232928733114243,1.8588500000000812
5.612,1.8595500000000813,1.8882398467645167,1.9239928733114249,1.8595500000000813
5.614,1.8602500000000817,1.8889398467645169,1.9246928733114244,1.8602500000000817
5.616,1.8609500000000816,1.8896398467645168,1.9253928733114247,1.8609500000000816
5.618,1.8616500000000815,1.8903398467645167,1.9260928733114249,1.8616500000000815
5.62,1.8623500000000817,1.8910398467645169,1.9267928733114248,1.8623500000000817
5.622,1.8630500000000816,1.8917398467645172,1.9274928733114247,1.8630500000000816
5.624,1.8637500000000815,1.8924398467645167,1.9281928733114249,1.8637500000000815
5.626,1.8644500000000817,1.8931398467645173,1.9288928733114252,1.8644500000000817
5.628,1.8651500000000816,1.8938398467645168,1.9295928733114247,1.8651500000000816
5.63,1.8658500000000815,1.8945398467645171,1.9302928733114253,1.8658500000000815
5.632,1.866550000000082,1.8952398467645173,1.9309928733114248,1.866550000000082
5.634,1.8672500000000816,1.8959398467645172,1.9316928733114251,1.8672500000000816
5.636,1.867950000000082,1.8966398467645171,1.9323928733114253,1.867950000000082
5.638,1.868650000000082,1.8973398467645173,1.9330928733114252,1.868650000000082
5.64,1.869350000000082,1.8980398467645176,1.9337928733114251,1.869350000000082
5.642,1.870050000000082,1.8987398467645171,1.9344928733114253,1.870050000000082
5.644,1.870750000000082,1.8994398467645175,1.9351928733114256,1.870750000000082
5.646,1.8714500000000824,1.9001398467645176,1.9358928733114251,1.8714500000000824
5.648,1.872150000000082,1.9008398467645176,1.9365928733114257,1.872150000000082
5.65,1.8728500000000825,1.9015398467645177,1.9372928733114256,1.8728500000000825
5.652,1.8735500000000824,1.9022398467645176,1.9379928733114256,1.8735500000000824
5.654,1.8742500000000824,1.9029398467645176,1.9386928733114257,1.8742500000000824
5.656,1.8749500000000825,1.9036398467645177,1.9393928733114256,1.8749500000000825
5.658,1.8756500000000824,1.9043398467645176,1.9400928733114255,1.8756500000000824
5.66,1.8763500000000823,1.9050398467645175,1.9407928733114257,1.8763500000000823
5.662,1.8770500000000825,1.905739846764518,1.9414928733114256,1.8770500000000825
5.664,1.8777500000000829,1.906439846764518,1.9421928733114255,1.8777500000000829
5.666,1.8784500000000823,1.907139846764518,1.942892873311426,1.8784500000000823
5.668,1.8791500000000827,1.907839846764518,1.943592873311426,1.8791500000000827
5.67,1.8798500000000828,1.908539846764518,1.944292873311426,1.8798500000000828
5.672,1.8805500000000828,1.909239846764518,1.944992873311426,1.8805500000000828
5.674,1.8812500000000827,1.909939846764518,1.945692873311426,1.8812500000000827
5.676,1.8819500000000828,1.910639846764518,1.946392873311426,1.8819500000000828
5.678,1.8826500000000828,1.911339846764518,1.947092873311426,1.8826500000000828
5.68,1.883350000000083,1.9120398467645183,1.947792873311426,1.883350000000083
5.682,1.8840500000000833,1.9127398467645185,1.948492873311426,1.8840500000000833
5.684,1.8847500000000827,1.9134398467645184,1.9491928733114263,1.8847500000000827
5.686,1.8854500000000831,1.9141398467645183,1.9498928733114265,1.8854500000000831
5.688,1.8861500000000833,1.9148398467645185,1.9505928733114264,1.8861500000000833
5.69,1.8868500000000832,1.9155398467645184,1.9512928733114263,1.8868500000000832
5.692,1.887550000000083,1.9162398467645183,1.9519928733114265,1.887550000000083
5.694,1.8882500000000833,1.9169398467645185,1.9526928733114264,1.8882500000000833
5.696,1.8889500000000832,1.9176398467645184,1.9533928733114263,1.8889500000000832
5.698,1.889650000000083,1.9183398467645187,1.9540928733114264,1.889650000000083
5.7,1.8903500000000837,1.9190398467645189,1.9547928733114264,1.8903500000000837
5.702,1.8910500000000832,1.9197398467645188,1.9554928733114267,1.8910500000000832
5.704,1.8917500000000835,1.9204398467645187,1.9561928733114269,1.8917500000000835
5.706,1.8924500000000837,1.9211398467645189,1.9568928733114268,1.8924500000000837
5.708,1.8931500000000836,1.9218398467645188,1.9575928733114267,1.8931500000000836
5.71,1.8938500000000835,1.9225398467645187,1.9582928733114269,1.8938500000000835
5.712,1.8945500000000837,1.9232398467645189,1.9589928733114268,1.8945500000000837
5.714,1.895250000000084,1.9239398467645192,1.9596928733114267,1.895250000000084
5.716,1.8959500000000835,1.9246398467645192,1.9603928733114269,1.8959500000000835
5.718,1.896650000000084,1.9253398467645193,1.9610928733114272,1.896650000000084
5.72,1.897350000000084,1.9260398467645192,1.9617928733114267,1.897350000000084
5.722,1.898050000000084,1.9267398467645191,1.9624928733114273,1.898050000000084
5.724,1.898750000000084,1.9274398467645193,1.9631928733114272,1.898750000000084
5.726,1.899450000000084,1.9281398467645192,1.9638928733114271,1.899450000000084
5.728,1.900150000000084,1.9288398467645191,1.9645928733114273,1.900150000000084
5.73,1.900850000000084,1.9295398467645193,1.9652928733114272,1.900850000000084
5.732,1.9015500000000845,1.9302398467645197,1.9659928733114271,1.9015500000000845
5.734,1.902250000000084,1.9309398467645191,1.9666928733114273,1.902250000000084
5.736,1.9029500000000843,1.9316398467645195,1.9673928733114276,1.9029500000000843
5.738,1.9036500000000844,1.9323398467645196,1.9680928733114271,1.9036500000000844
5.74,1.9043500000000844,1.9330398467645196,1.9687928733114275,1.9043500000000844
5.742,1.9050500000000845,1.9337398467645197,1.9694928733114276,1.9050500000000845
5.744,1.9057500000000844,1.9344398467645196,1.9701928733114276,1.9057500000000844
5.746,1.9064500000000844,1.9351398467645196,1.9708928733114277,1.9064500000000844
5.748,1.9071500000000845,1.9358398467645197,1.9715928733114276,1.9071500000000845
5.75,1.9078500000000844,1.93653984676452,1.9722928733114276,1.9078500000000844
5.752,1.9085500000000843,1.9372398467645195,1.9729928733114277,1.9085500000000843
5.754,1.9092500000000847,1.93793984676452,1.973692873311428,1.9092500000000847
5.756,1.9099500000000849,1.93863984676452,1.9743928733114275,1.9099500000000849
5.758,1.9106500000000848,1.93933984676452,1.975092873311428,1.9106500000000848
5.76,1.9113500000000847,1.94003984676452,1.975792873311428,1.9113500000000847
5.762,1.9120500000000848,1.94073984676452,1.976492873311428,1.9120500000000848
5.764,1.9127500000000848,1.94143984676452,1.977192873311428,1.9127500000000848
5.766,1.9134500000000847,1.94213984676452,1.977892873311428,1.9134500000000847
5.768,1.9141500000000848,1.9428398467645205,1.978592873311428,1.9141500000000848
5.77,1.9148500000000848,1.94353984676452,1.979292873311428,1.9148500000000848
5.772,1.9155500000000851,1.9442398467645203,1.9799928733114285,1.9155500000000851
5.774,1.9162500000000853,1.9449398467645205,1.980692873311428,1.9162500000000853
5.776,1.9169500000000852,1.9456398467645204,1.9813928733114283,1.9169500000000852
5.778,1.9176500000000851,1.9463398467645203,1.9820928733114285,1.9176500000000851
5.78,1.9183500000000853,1.9470398467645205,1.9827928733114284,1.9183500000000853
5.782,1.9190500000000852,1.9477398467645208,1.9834928733114283,1.9190500000000852
5.784,1.919750000000085,1.9484398467645203,1.9841928733114285,1.919750000000085
5.786,1.9204500000000853,1.949139846764521,1.9848928733114288,1.9204500000000853
5.788,1.9211500000000856,1.9498398467645208,1.9855928733114283,1.9211500000000856
5.79,1.9218500000000855,1.9505398467645207,1.986292873311429,1.9218500000000855
5.792,1.9225500000000857,1.951239846764521,1.9869928733114284,1.9225500000000857
5.794,1.9232500000000856,1.9519398467645208,1.9876928733114287,1.9232500000000856
5.796,1.9239500000000855,1.9526398467645207,1.9883928733114289,1.9239500000000855
5.798,1.9246500000000857,1.9533398467645209,1.9890928733114288,1.9246500000000857
5.8,1.9253500000000856,1.9540398467645212,1.9897928733114287,1.9253500000000856
5.802,1.9260500000000855,1.9547398467645207,1.9904928733114289,1.9260500000000855
5.804,1.9267500000000857,1.955439846764521,1.9911928733114292,1.9267500000000857
5.806,1.927450000000086,1.9561398467645212,1.9918928733114287,1.927450000000086
5.808,1.928150000000086,1.9568398467645212,1.992592873311429,1.928150000000086
5.81,1.928850000000086,1.9575398467645213,1.9932928733114292,1.928850000000086
5.812,1.929550000000086,1.9582398467645212,1.9939928733114292,1.929550000000086
5.814,1.930250000000086,1.9589398467645212,1.9946928733114293,1.930250000000086
5.816,1.930950000000086,1.9596398467645213,1.9953928733114292,1.930950000000086
5.818,1.931650000000086,1.9603398467645217,1.9960928733114292,1.931650000000086
5.82,1.932350000000086,1.9610398467645211,1.9967928733114293,1.932350000000086
5.822,1.933050000000086,1.9617398467645215,1.9974928733114297,1.933050000000086
5.824,1.9337500000000865,1.9624398467645217,1.9981928733114291,1.9337500000000865
5.826,1.934450000000086,1.9631398467645216,1.9988928733114295,1.934450000000086
5.828,1.9351500000000863,1.9638398467645215,1.9995928733114297,1.9351500000000863
5.83,1.9358500000000864,1.9645398467645216,2.0002928733114294,1.9358500000000864
5.832,1.9365500000000864,1.9652398467645216,2.0009928733114295,1.9365500000000864
5.834,1.9372500000000863,1.9659398467645215,2.0016928733114296,1.9372500000000863
5.836,1.9379500000000864,1.966639846764522,2.00239287331143,1.9379500000000864
5.838,1.9386500000000864,1.9673398467645216,2.00309287331143,1.9386500000000864
5.84,1.9393500000000865,1.968039846764522,2.0037928733114296,1.9393500000000865
5.842,1.9400500000000869,1.968739846764522,2.00449287331143,1.9400500000000869
5.844,1.9407500000000864,1.969439846764522,2.00519287331143,1.9407500000000864
5.846,1.9414500000000867,1.970139846764522,2.00589287331143,1.9414500000000867
5.848,1.9421500000000869,1.970839846764522,2.0065928733114298,1.9421500000000869
5.85,1.9428500000000868,1.971539846764522,2.00729287331143,1.9428500000000868
5.852,1.9435500000000867,1.972239846764522,2.00799287331143,1.9435500000000867
5.854,1.9442500000000869,1.9729398467645225,2.00869287331143,1.9442500000000869
5.856,1.9449500000000868,1.973639846764522,2.0093928733114303,1.9449500000000868
5.858,1.9456500000000867,1.9743398467645223,2.01009287331143,1.9456500000000867
5.86,1.9463500000000873,1.9750398467645225,2.01079287331143,1.9463500000000873
5.862,1.9470500000000868,1.9757398467645224,2.0114928733114303,1.9470500000000868
5.864,1.9477500000000871,1.9764398467645223,2.0121928733114305,1.9477500000000871
5.866,1.9484500000000873,1.9771398467645225,2.01289287331143,1.9484500000000873
5.868,1.9491500000000872,1.9778398467645224,2.0135928733114303,1.9491500000000872
5.87,1.9498500000000871,1.9785398467645223,2.0142928733114305,1.9498500000000871
5.872,1.9505500000000873,1.9792398467645227,2.0149928733114306,1.9505500000000873
5.874,1.9512500000000876,1.9799398467645228,2.0156928733114308,1.9512500000000876
5.876,1.9519500000000871,1.9806398467645228,2.0163928733114305,1.9519500000000871
5.878,1.9526500000000877,1.981339846764523,2.0170928733114306,1.9526500000000877
5.88,1.9533500000000876,1.9820398467645228,2.0177928733114308,1.9533500000000876
5.882,1.9540500000000876,1.9827398467645228,2.018492873311431,1.9540500000000876
5.884,1.9547500000000877,1.983439846764523,2.0191928733114306,1.9547500000000877
5.886,1.9554500000000876,1.9841398467645228,2.0198928733114307,1.9554500000000876
5.888,1.9561500000000875,1.9848398467645227,2.020592873311431,1.9561500000000875
5.89,1.9568500000000877,1.985539846764523,2.021292873311431,1.9568500000000877
5.892,1.957550000000088,1.9862398467645233,2.0219928733114307,1.957550000000088
5.894,1.9582500000000875,1.9869398467645232,2.022692873311431,1.9582500000000875
5.896,1.958950000000088,1.987639846764523,2.023392873311431,1.958950000000088
5.898,1.959650000000088,1.9883398467645232,2.024092873311431,1.959650000000088
5.9,1.960350000000088,1.9890398467645232,2.0247928733114313,1.960350000000088
5.902,1.961050000000088,1.989739846764523,2.025492873311431,1.961050000000088
5.904,1.961750000000088,1.9904398467645232,2.026192873311431,1.961750000000088
5.906,1.962450000000088,1.9911398467645232,2.0268928733114313,1.962450000000088
5.908,1.963150000000088,1.9918398467645233,2.0275928733114315,1.963150000000088
5.91,1.9638500000000885,1.9925398467645237,2.028292873311431,1.9638500000000885
5.912,1.964550000000088,1.9932398467645236,2.0289928733114313,1.964550000000088
5.914,1.9652500000000883,1.9939398467645235,2.0296928733114314,1.9652500000000883
5.916,1.9659500000000885,1.9946398467645237,2.0303928733114316,1.9659500000000885
5.918,1.9666500000000884,1.9953398467645236,2.0310928733114317,1.9666500000000884
5.92,1.9673500000000883,1.9960398467645235,2.0317928733114314,1.9673500000000883
5.922,1.9680500000000885,1.9967398467645237,2.0324928733114316,1.9680500000000885
5.924,1.9687500000000884,1.9974398467645236,2.0331928733114317,1.9687500000000884
5.926,1.9694500000000883,1.9981398467645235,2.033892873311432,1.9694500000000883
5.928,1.9701500000000889,1.998839846764524,2.0345928733114316,1.9701500000000889
5.93,1.9708500000000884,1.999539846764524,2.0352928733114317,1.9708500000000884
5.932,1.9715500000000887,2.000239846764524,2.035992873311432,1.9715500000000887
5.934,1.9722500000000889,2.000939846764524,2.036692873311432,1.9722500000000889
5.936,1.9729500000000888,2.0016398467645242,2.037392873311432,1.9729500000000888
5.938,1.9736500000000887,2.002339846764524,2.038092873311432,1.9736500000000887
5.94,1.9743500000000889,2.003039846764524,2.038792873311432,1.9743500000000889
5.942,1.9750500000000888,2.003739846764524,2.039492873311432,1.9750500000000888
5.944,1.9757500000000887,2.0044398467645244,2.0401928733114323,1.9757500000000887
5.946,1.9764500000000893,2.005139846764524,2.040892873311432,1.9764500000000893
5.948,1.9771500000000892,2.005839846764524,2.041592873311432,1.9771500000000892
5.95,1.9778500000000891,2.0065398467645243,2.0422928733114323,1.9778500000000891
5.952,1.9785500000000893,2.0072398467645245,2.0429928733114324,1.9785500000000893
5.954,1.9792500000000892,2.0079398467645246,2.0436928733114326,1.9792500000000892
5.956,1.9799500000000891,2.0086398467645243,2.0443928733114323,1.9799500000000891
5.958,1.9806500000000893,2.0093398467645245,2.0450928733114324,1.9806500000000893
5.96,1.9813500000000892,2.0100398467645246,2.0457928733114326,1.9813500000000892
5.962,1.9820500000000891,2.0107398467645248,2.0464928733114327,1.9820500000000891
5.964,1.9827500000000895,2.0114398467645245,2.0471928733114324,1.9827500000000895
5.966,1.9834500000000896,2.0121398467645246,2.0478928733114325,1.9834500000000896
5.968,1.9841500000000896,2.0128398467645248,2.0485928733114322,1.9841500000000896
5.97,1.9848500000000897,2.013539846764525,2.0492928733114324,1.9848500000000897
5.972,1.9855500000000896,2.014239846764525,2.049992873311432,1.9855500000000896
5.974,1.9862500000000896,2.0149398467645248,2.050692873311432,1.9862500000000896
5.976,1.9869500000000897,2.015639846764525,2.051392873311432,1.9869500000000897
5.978,1.9876500000000896,2.016339846764525,2.0520928733114316,1.9876500000000896
5.98,1.9883500000000895,2.017039846764525,2.0527928733114313,1.9883500000000895
5.982,1.98905000000009,2.017739846764525,2.053492873311431,1.98905000000009
5.984,1.98975000000009,2.018439846764525,2.054192873311431,1.98975000000009
5.986,1.99045000000009,2.019139846764525,2.054892873311431,1.99045000000009
5.988,1.99115000000009,2.0198398467645253,2.0555928733114306,1.99115000000009
5.99,1.99185000000009,2.0205398467645255,2.0562928733114303,1.99185000000009
5.992,1.99255000000009,2.021239846764525,2.0569928733114304,1.99255000000009
5.994,1.99325000000009,2.0219398467645253,2.05769287331143,1.99325000000009
5.996,1.99395000000009,2.0226398467645255,2.05839287331143,1.99395000000009
5.998,1.99465000000009,2.0233398467645256,2.0590928733114295,1.99465000000009
6.0,1.99535000000009,2.0240398467645253,2.0597928733114297,1.99535000000009
6.002,1.9960500000000905,2.0247398467645255,2.0604928733114294,1.9960500000000905
6.004,1.9967500000000904,2.0254398467645256,2.061192873311429,1.9967500000000904
6.006,1.9974500000000903,2.0261398467645257,2.061892873311429,1.9974500000000903
6.008,1.9981500000000905,2.026839846764526,2.062592873311429,1.9981500000000905
6.01,1.9988500000000904,2.0275398467645256,2.0632928733114286,1.9988500000000904
6.012,1.9995500000000903,2.0282398467645257,2.0639928733114283,1.9995500000000903
6.014,2.0002500000000905,2.028939846764526,2.0646928733114285,2.0002500000000905
6.016,2.0009500000000906,2.029639846764526,2.065392873311428,2.0009500000000906
6.018,2.0016500000000907,2.0303398467645257,2.066092873311428,2.0016500000000907
6.02,2.002350000000091,2.031039846764526,2.0667928733114276,2.002350000000091
6.022,2.0030500000000906,2.031739846764526,2.0674928733114277,2.0030500000000906
6.024,2.0037500000000907,2.032439846764526,2.0681928733114274,2.0037500000000907
6.026,2.004450000000091,2.0331398467645263,2.068892873311427,2.004450000000091
6.028,2.005150000000091,2.033839846764526,2.069592873311427,2.005150000000091
6.03,2.0058500000000907,2.034539846764526,2.070292873311427,2.0058500000000907
6.032,2.006550000000091,2.0352398467645263,2.0709928733114267,2.006550000000091
6.034,2.007250000000091,2.0359398467645264,2.0716928733114264,2.007250000000091
6.036,2.007950000000091,2.036639846764526,2.072392873311426,2.007950000000091
6.038,2.008650000000091,2.0373398467645263,2.073092873311426,2.008650000000091
6.04,2.009350000000091,2.0380398467645264,2.073792873311426,2.009350000000091
6.042,2.010050000000091,2.0387398467645266,2.0744928733114256,2.010050000000091
6.044,2.0107500000000913,2.0394398467645267,2.0751928733114253,2.0107500000000913
6.046,2.0114500000000914,2.0401398467645264,2.0758928733114255,2.0114500000000914
6.048,2.012150000000091,2.0408398467645266,2.076592873311425,2.012150000000091
6.05,2.0128500000000913,2.0415398467645267,2.077292873311425,2.0128500000000913
6.052,2.0135500000000914,2.042239846764527,2.077992873311425,2.0135500000000914
6.054,2.0142500000000916,2.0429398467645266,2.0786928733114247,2.0142500000000916
6.056,2.0149500000000913,2.0436398467645267,2.0793928733114244,2.0149500000000913
6.058,2.0156500000000914,2.044339846764527,2.080092873311424,2.0156500000000914
6.06,2.0163500000000916,2.045039846764527,2.0807928733114243,2.0163500000000916
6.062,2.0170500000000917,2.045739846764527,2.081492873311424,2.0170500000000917
6.064,2.017750000000092,2.046439846764527,2.0821928733114237,2.017750000000092
6.066,2.0184500000000916,2.047139846764527,2.0828928733114234,2.0184500000000916
6.068,2.0191500000000917,2.047839846764527,2.0835928733114235,2.0191500000000917
6.07,2.019850000000092,2.048539846764527,2.084292873311423,2.019850000000092
6.072,2.020550000000092,2.0492398467645265,2.084992873311423,2.020550000000092
6.074,2.0212500000000917,2.0499398467645267,2.0856928733114226,2.0212500000000917
6.076,2.021950000000092,2.0506398467645264,2.0863928733114228,2.021950000000092
6.078,2.022650000000092,2.051339846764526,2.0870928733114225,2.022650000000092
6.08,2.023350000000092,2.0520398467645258,2.087792873311422,2.023350000000092
6.082,2.0240500000000923,2.052739846764526,2.0884928733114223,2.0240500000000923
6.084,2.024750000000092,2.0534398467645256,2.089192873311422,2.024750000000092
6.086,2.025450000000092,2.0541398467645253,2.0898928733114217,2.025450000000092
6.088,2.0261500000000923,2.054839846764525,2.0905928733114214,2.0261500000000923
6.09,2.0268500000000924,2.055539846764525,2.0912928733114216,2.0268500000000924
6.092,2.027550000000092,2.056239846764525,2.0919928733114213,2.027550000000092
6.094,2.0282500000000923,2.0569398467645246,2.092692873311421,2.0282500000000923
6.096,2.0289500000000924,2.0576398467645247,2.0933928733114207,2.0289500000000924
6.098,2.0296500000000925,2.0583398467645244,2.094092873311421,2.0296500000000925
6.1,2.0303500000000927,2.059039846764524,2.0947928733114205,2.0303500000000927
6.102,2.0310500000000924,2.059739846764524,2.09549287331142,2.0310500000000924
6.104,2.0317500000000925,2.060439846764524,2.09619287331142,2.0317500000000925
6.106,2.0324500000000927,2.0611398467645237,2.09689287331142,2.0324500000000927
6.108,2.033150000000093,2.0618398467645234,2.0975928733114197,2.033150000000093
6.11,2.0338500000000925,2.062539846764523,2.0982928733114194,2.0338500000000925
6.112,2.0345500000000927,2.063239846764523,2.098992873311419,2.0345500000000927
6.114,2.035250000000093,2.063939846764523,2.0996928733114193,2.035250000000093
6.116,2.035950000000093,2.0646398467645226,2.100392873311419,2.035950000000093
6.118,2.036650000000093,2.0653398467645223,2.1010928733114187,2.036650000000093
6.12,2.037350000000093,2.0660398467645225,2.101792873311419,2.037350000000093
6.122,2.038050000000093,2.066739846764522,2.1024928733114185,2.038050000000093
6.124,2.038750000000093,2.067439846764522,2.1031928733114182,2.038750000000093
6.126,2.0394500000000932,2.0681398467645216,2.103892873311418,2.0394500000000932
6.128,2.040150000000093,2.0688398467645217,2.104592873311418,2.040150000000093
6.13,2.040850000000093,2.0695398467645214,2.105292873311418,2.040850000000093
6.132,2.0415500000000932,2.070239846764521,2.1059928733114175,2.0415500000000932
6.134,2.0422500000000934,2.0709398467645213,2.106692873311417,2.0422500000000934
6.136,2.0429500000000935,2.071639846764521,2.1073928733114173,2.0429500000000935
6.138,2.0436500000000932,2.0723398467645207,2.108092873311417,2.0436500000000932
6.14,2.0443500000000934,2.0730398467645204,2.1087928733114167,2.0443500000000934
6.142,2.0450500000000935,2.0737398467645205,2.1094928733114164,2.0450500000000935
6.144,2.0457500000000937,2.07443984676452,2.1101928733114166,2.0457500000000937
6.146,2.0464500000000934,2.07513984676452,2.1108928733114163,2.0464500000000934
6.148,2.0471500000000935,2.0758398467645196,2.111592873311416,2.0471500000000935
6.15,2.0478500000000937,2.0765398467645197,2.1122928733114157,2.0478500000000937
6.152,2.0485500000000934,2.0772398467645194,2.112992873311416,2.0485500000000934
6.154,2.049250000000093,2.077939846764519,2.1136928733114155,2.049250000000093
6.156,2.049950000000093,2.078639846764519,2.1143928733114152,2.049950000000093
6.158,2.050650000000093,2.079339846764519,2.1150928733114154,2.050650000000093
6.16,2.0513500000000926,2.0800398467645187,2.115792873311415,2.0513500000000926
6.162,2.0520500000000927,2.0807398467645184,2.116492873311415,2.0520500000000927
6.164,2.0527500000000924,2.0814398467645185,2.1171928733114145,2.0527500000000924
6.166,2.053450000000092,2.0821398467645182,2.1178928733114146,2.053450000000092
6.168,2.054150000000092,2.082839846764518,2.1185928733114143,2.054150000000092
6.17,2.054850000000092,2.0835398467645176,2.119292873311414,2.054850000000092
6.172,2.0555500000000917,2.084239846764518,2.1199928733114137,2.0555500000000917
6.174,2.0562500000000914,2.0849398467645175,2.120692873311414,2.0562500000000914
6.176,2.056950000000091,2.085639846764517,2.1213928733114136,2.056950000000091
6.178,2.0576500000000912,2.086339846764517,2.1220928733114133,2.0576500000000912
6.18,2.058350000000091,2.087039846764517,2.122792873311413,2.058350000000091
6.182,2.0590500000000906,2.0877398467645167,2.123492873311413,2.0590500000000906
6.184,2.0597500000000903,2.0884398467645164,2.124192873311413,2.0597500000000903
6.186,2.0604500000000905,2.089139846764516,2.1248928733114125,2.0604500000000905
6.188,2.06115000000009,2.0898398467645163,2.1255928733114127,2.06115000000009
6.19,2.06185000000009,2.090539846764516,2.1262928733114124,2.06185000000009
6.192,2.0625500000000896,2.0912398467645157,2.126992873311412,2.0625500000000896
6.194,2.0632500000000897,2.0919398467645154,2.1276928733114118,2.0632500000000897
6.196,2.0639500000000894,2.0926398467645155,2.128392873311412,2.0639500000000894
6.198,2.064650000000089,2.0933398467645152,2.1290928733114116,2.064650000000089
6.2,2.0653500000000893,2.094039846764515,2.1297928733114113,2.0653500000000893
6.202,2.066050000000089,2.094739846764515,2.130492873311411,2.066050000000089
6.204,2.0667500000000887,2.095439846764515,2.131192873311411,2.0667500000000887
6.206,2.0674500000000884,2.0961398467645145,2.131892873311411,2.0674500000000884
6.208,2.0681500000000885,2.096839846764514,2.1325928733114106,2.0681500000000885
6.21,2.0688500000000882,2.0975398467645143,2.1332928733114103,2.0688500000000882
6.212,2.069550000000088,2.098239846764514,2.1339928733114104,2.069550000000088
6.214,2.0702500000000876,2.0989398467645137,2.13469287331141,2.0702500000000876
6.216,2.0709500000000878,2.0996398467645134,2.13539287331141,2.0709500000000878
6.218,2.0716500000000875,2.1003398467645136,2.1360928733114095,2.0716500000000875
6.22,2.072350000000087,2.1010398467645133,2.1367928733114097,2.072350000000087
6.222,2.073050000000087,2.101739846764513,2.1374928733114094,2.073050000000087
6.224,2.073750000000087,2.1024398467645127,2.138192873311409,2.073750000000087
6.226,2.0744500000000867,2.103139846764513,2.138892873311409,2.0744500000000867
6.228,2.0751500000000864,2.1038398467645125,2.139592873311409,2.0751500000000864
6.23,2.0758500000000866,2.1045398467645122,2.1402928733114086,2.0758500000000866
6.232,2.0765500000000863,2.105239846764512,2.1409928733114083,2.0765500000000863
6.234,2.077250000000086,2.105939846764512,2.1416928733114085,2.077250000000086
6.236,2.0779500000000857,2.1066398467645118,2.142392873311408,2.0779500000000857
6.238,2.078650000000086,2.1073398467645115,2.143092873311408,2.078650000000086
6.24,2.0793500000000855,2.1080398467645116,2.1437928733114076,2.0793500000000855
6.242,2.080050000000085,2.1087398467645113,2.1444928733114077,2.080050000000085
6.244,2.080750000000085,2.109439846764511,2.1451928733114074,2.080750000000085
6.246,2.081450000000085,2.1101398467645107,2.145892873311407,2.081450000000085
6.248,2.0821500000000848,2.110839846764511,2.146592873311407,2.0821500000000848
6.25,2.0828500000000845,2.1115398467645106,2.147292873311407,2.0828500000000845
6.252,2.083550000000084,2.1122398467645103,2.1479928733114066,2.083550000000084
6.254,2.0842500000000843,2.11293984676451,2.1486928733114063,2.0842500000000843
6.256,2.084950000000084,2.11363984676451,2.149392873311406,2.084950000000084
6.258,2.0856500000000837,2.11433984676451,2.150092873311406,2.0856500000000837
6.26,2.0863500000000834,2.1150398467645095,2.150792873311406,2.0863500000000834
6.262,2.0870500000000836,2.115739846764509,2.1514928733114056,2.0870500000000836
6.264,2.0877500000000833,2.1164398467645094,2.1521928733114057,2.0877500000000833
6.266,2.088450000000083,2.117139846764509,2.1528928733114054,2.088450000000083
6.268,2.089150000000083,2.1178398467645088,2.153592873311405,2.089150000000083
6.27,2.089850000000083,2.1185398467645085,2.154292873311405,2.089850000000083
6.272,2.0905500000000825,2.1192398467645086,2.154992873311405,2.0905500000000825
6.274,2.091250000000082,2.1199398467645083,2.1556928733114047,2.091250000000082
6.276,2.0919500000000824,2.120639846764508,2.1563928733114044,2.0919500000000824
6.278,2.092650000000082,2.121339846764508,2.157092873311404,2.092650000000082
6.28,2.0933500000000818,2.122039846764508,2.1577928733114042,2.0933500000000818
6.282,2.0940500000000815,2.1227398467645076,2.158492873311404,2.0940500000000815
6.284,2.0947500000000816,2.1234398467645073,2.1591928733114036,2.0947500000000816
6.286,2.0954500000000813,2.1241398467645074,2.1598928733114033,2.0954500000000813
6.288,2.096150000000081,2.124839846764507,2.1605928733114035,2.096150000000081
6.29,2.0968500000000807,2.125539846764507,2.161292873311403,2.0968500000000807
6.292,2.097550000000081,2.1262398467645065,2.161992873311403,2.097550000000081
6.294,2.0982500000000806,2.1269398467645066,2.162692873311403,2.0982500000000806
6.296,2.0989500000000803,2.1276398467645063,2.1633928733114027,2.0989500000000803
6.298,2.09965000000008,2.128339846764506,2.1640928733114024,2.09965000000008
6.3,2.10035000000008,2.1290398467645058,2.164792873311402,2.10035000000008
6.302,2.10105000000008,2.129739846764506,2.1654928733114023,2.10105000000008
6.304,2.1017500000000795,2.1304398467645056,2.166192873311402,2.1017500000000795
6.306,2.1024500000000796,2.1311398467645053,2.1668928733114017,2.1024500000000796
6.308,2.1031500000000793,2.1318398467645054,2.1675928733114014,2.1031500000000793
6.31,2.103850000000079,2.132539846764505,2.1682928733114015,2.103850000000079
6.312,2.1045500000000787,2.133239846764505,2.1689928733114012,2.1045500000000787
6.314,2.105250000000079,2.1339398467645045,2.169692873311401,2.105250000000079
6.316,2.1059500000000786,2.1346398467645047,2.1703928733114006,2.1059500000000786
6.318,2.1066500000000783,2.1353398467645044,2.1710928733114008,2.1066500000000783
6.32,2.107350000000078,2.136039846764504,2.1717928733114005,2.107350000000078
6.322,2.108050000000078,2.136739846764504,2.1724928733114,2.108050000000078
6.324,2.108750000000078,2.137439846764504,2.1731928733114,2.108750000000078
6.326,2.1094500000000775,2.1381398467645036,2.1738928733114,2.1094500000000775
6.328,2.1101500000000772,2.1388398467645033,2.1745928733113997,2.1101500000000772
6.33,2.1108500000000774,2.139539846764503,2.1752928733113994,2.1108500000000774
6.332,2.111550000000077,2.140239846764503,2.1759928733113996,2.111550000000077
6.334,2.112250000000077,2.140939846764503,2.1766928733113993,2.112250000000077
6.336,2.112950000000077,2.1416398467645026,2.177392873311399,2.112950000000077
6.338,2.1136500000000766,2.1423398467645023,2.1780928733113987,2.1136500000000766
6.34,2.1143500000000763,2.1430398467645024,2.178792873311399,2.1143500000000763
6.342,2.115050000000076,2.143739846764502,2.1794928733113985,2.115050000000076
6.344,2.115750000000076,2.144439846764502,2.180192873311398,2.115750000000076
6.346,2.116450000000076,2.145139846764502,2.180892873311398,2.116450000000076
6.348,2.1171500000000756,2.1458398467645017,2.181592873311398,2.1171500000000756
6.35,2.1178500000000753,2.1465398467645014,2.1822928733113978,2.1178500000000753
6.352,2.1185500000000754,2.147239846764501,2.1829928733113975,2.1185500000000754
6.354,2.119250000000075,2.1479398467645012,2.183692873311397,2.119250000000075
6.356,2.119950000000075,2.148639846764501,2.1843928733113973,2.119950000000075
6.358,2.1206500000000745,2.1493398467645006,2.185092873311397,2.1206500000000745
6.36,2.1213500000000747,2.1500398467645003,2.1857928733113967,2.1213500000000747
6.362,2.1220500000000744,2.1507398467645005,2.1864928733113964,2.1220500000000744
6.364,2.122750000000074,2.1514398467645,2.1871928733113966,2.122750000000074
6.366,2.123450000000074,2.1521398467645,2.1878928733113963,2.123450000000074
6.368,2.124150000000074,2.1528398467644996,2.188592873311396,2.124150000000074
6.37,2.1248500000000736,2.1535398467644997,2.189292873311396,2.1248500000000736
6.372,2.1255500000000733,2.1542398467644994,2.189992873311396,2.1255500000000733
6.374,2.1262500000000735,2.154939846764499,2.1906928733113955,2.1262500000000735
6.376,2.126950000000073,2.155639846764499,2.191392873311395,2.126950000000073
6.378,2.127650000000073,2.156339846764499,2.1920928733113954,2.127650000000073
6.38,2.1283500000000726,2.1570398467644987,2.192792873311395,2.1283500000000726
6.382,2.1290500000000727,2.1577398467644984,2.1934928733113948,2.1290500000000727
6.384,2.1297500000000724,2.1584398467644985,2.1941928733113945,2.1297500000000724
6.386,2.130450000000072,2.159139846764498,2.1948928733113946,2.130450000000072
6.388,2.131150000000072,2.159839846764498,2.1955928733113943,2.131150000000072
6.39,2.131850000000072,2.1605398467644976,2.196292873311394,2.131850000000072
6.392,2.1325500000000717,2.1612398467644978,2.1969928733113937,2.1325500000000717
6.394,2.1332500000000714,2.1619398467644975,2.197692873311394,2.1332500000000714
6.396,2.133950000000071,2.162639846764497,2.1983928733113935,2.133950000000071
6.398,2.134650000000071,2.163339846764497,2.1990928733113932,2.134650000000071
6.4,2.135350000000071,2.164039846764497,2.199792873311393,2.135350000000071
6.402,2.1360500000000706,2.1647398467644967,2.200492873311393,2.1360500000000706
6.404,2.1367500000000703,2.1654398467644964,2.201192873311393,2.1367500000000703
6.406,2.1374500000000705,2.166139846764496,2.2018928733113925,2.1374500000000705
6.408,2.13815000000007,2.1668398467644963,2.2025928733113926,2.13815000000007
6.41,2.13885000000007,2.167539846764496,2.2032928733113923,2.13885000000007
6.412,2.13955000000007,2.1682398467644957,2.203992873311392,2.13955000000007
6.414,2.1402500000000697,2.168939846764496,2.2046928733113917,2.1402500000000697
6.416,2.1409500000000694,2.1696398467644955,2.205392873311392,2.1409500000000694
6.418,2.141650000000069,2.170339846764495,2.2060928733113916,2.141650000000069
6.42,2.1423500000000693,2.171039846764495,2.2067928733113913,2.1423500000000693
6.422,2.143050000000069,2.171739846764495,2.207492873311391,2.143050000000069
6.424,2.1437500000000687,2.1724398467644948,2.208192873311391,2.1437500000000687
6.426,2.1444500000000684,2.1731398467644945,2.208892873311391,2.1444500000000684
6.428,2.1451500000000685,2.173839846764494,2.2095928733113905,2.1451500000000685
6.43,2.145850000000068,2.1745398467644943,2.2102928733113902,2.145850000000068
6.432,2.146550000000068,2.175239846764494,2.2109928733113904,2.146550000000068
6.434,2.1472500000000676,2.1759398467644937,2.21169287331139,2.1472500000000676
6.436,2.1479500000000677,2.1766398467644934,2.21239287331139,2.1479500000000677
6.438,2.1486500000000675,2.1773398467644935,2.21309287331139,2.1486500000000675
6.44,2.149350000000067,2.1780398467644932,2.2137928733113896,2.149350000000067
6.442,2.1500500000000673,2.178739846764493,2.2144928733113893,2.1500500000000673
6.444,2.150750000000067,2.1794398467644926,2.215192873311389,2.150750000000067
6.446,2.1514500000000667,2.180139846764493,2.215892873311389,2.1514500000000667
6.448,2.1521500000000664,2.1808398467644925,2.216592873311389,2.1521500000000664
6.45,2.1528500000000665,2.181539846764492,2.2172928733113886,2.1528500000000665
6.452,2.1535500000000662,2.1822398467644923,2.2179928733113883,2.1535500000000662
6.454,2.154250000000066,2.182939846764492,2.2186928733113884,2.154250000000066
6.456,2.1549500000000656,2.1836398467644917,2.219392873311388,2.1549500000000656
6.458,2.155650000000066,2.1843398467644914,2.220092873311388,2.155650000000066
6.46,2.1563500000000655,2.1850398467644916,2.2207928733113875,2.1563500000000655
6.462,2.157050000000065,2.1857398467644913,2.2214928733113877,2.157050000000065
6.464,2.157750000000065,2.186439846764491,2.2221928733113874,2.157750000000065
6.466,2.158450000000065,2.1871398467644907,2.222892873311387,2.158450000000065
6.468,2.1591500000000647,2.187839846764491,2.2235928733113868,2.1591500000000647
6.47,2.1598500000000644,2.1885398467644905,2.224292873311387,2.1598500000000644
6.472,2.160550000000064,2.1892398467644902,2.2249928733113866,2.160550000000064
6.474,2.1612500000000643,2.18993984676449,2.2256928733113863,2.1612500000000643
6.476,2.161950000000064,2.19063984676449,2.2263928733113865,2.161950000000064
6.478,2.1626500000000637,2.19133984676449,2.227092873311386,2.1626500000000637
6.48,2.163350000000064,2.1920398467644895,2.227792873311386,2.163350000000064
6.482,2.1640500000000635,2.192739846764489,2.2284928733113856,2.1640500000000635
6.484,2.1647500000000632,2.1934398467644893,2.2291928733113857,2.1647500000000632
6.486,2.165450000000063,2.194139846764489,2.2298928733113854,2.165450000000063
6.488,2.166150000000063,2.1948398467644887,2.230592873311385,2.166150000000063
6.49,2.166850000000063,2.195539846764489,2.231292873311385,2.166850000000063
6.492,2.1675500000000625,2.1962398467644886,2.231992873311385,2.1675500000000625
6.494,2.168250000000062,2.1969398467644883,2.2326928733113847,2.168250000000062
6.496,2.1689500000000623,2.197639846764488,2.2333928733113844,2.1689500000000623
6.498,2.169650000000062,2.198339846764488,2.234092873311384,2.169650000000062
6.5,2.1703500000000617,2.199039846764488,2.234792873311384,2.1703500000000617
6.502,2.1710500000000614,2.1997398467644875,2.235492873311384,2.1710500000000614
6.504,2.1717500000000616,2.2004398467644872,2.2361928733113836,2.1717500000000616
6.506,2.1724500000000613,2.2011398467644874,2.2368928733113833,2.1724500000000613
6.508,2.173150000000061,2.201839846764487,2.2375928733113835,2.173150000000061
6.51,2.1738500000000607,2.2025398467644868,2.238292873311383,2.1738500000000607
6.512,2.174550000000061,2.2032398467644865,2.238992873311383,2.174550000000061
6.514,2.1752500000000605,2.2039398467644866,2.239692873311383,2.1752500000000605
6.516,2.1759500000000602,2.2046398467644863,2.2403928733113827,2.1759500000000602
6.518,2.1766500000000604,2.205339846764486,2.2410928733113824,2.1766500000000604
6.52,2.17735000000006,2.206039846764486,2.241792873311382,2.17735000000006
6.522,2.1780500000000598,2.206739846764486,2.2424928733113823,2.1780500000000598
6.524,2.1787500000000595,2.2074398467644856,2.243192873311382,2.1787500000000595
6.526,2.1794500000000596,2.2081398467644853,2.2438928733113817,2.1794500000000596
6.528,2.1801500000000593,2.2088398467644854,2.2445928733113814,2.1801500000000593
6.53,2.180850000000059,2.209539846764485,2.2452928733113815,2.180850000000059
6.532,2.1815500000000587,2.210239846764485,2.245992873311381,2.1815500000000587
6.534,2.182250000000059,2.2109398467644845,2.246692873311381,2.182250000000059
6.536,2.1829500000000586,2.2116398467644847,2.2473928733113806,2.1829500000000586
6.538,2.1836500000000583,2.2123398467644844,2.2480928733113807,2.1836500000000583
6.54,2.184350000000058,2.213039846764484,2.2487928733113804,2.184350000000058
6.542,2.185050000000058,2.2137398467644838,2.24949287331138,2.185050000000058
6.544,2.185750000000058,2.214439846764484,2.2501928733113803,2.185750000000058
6.546,2.1864500000000575,2.2151398467644836,2.25089287331138,2.1864500000000575
6.548,2.187150000000057,2.2158398467644833,2.2515928733113797,2.187150000000057
6.55,2.1878500000000574,2.216539846764483,2.2522928733113794,2.1878500000000574
6.552,2.188550000000057,2.217239846764483,2.2529928733113795,2.188550000000057
6.554,2.1892500000000568,2.217939846764483,2.2536928733113792,2.1892500000000568
6.556,2.189950000000057,2.2186398467644826,2.254392873311379,2.189950000000057
6.558,2.1906500000000566,2.2193398467644827,2.2550928733113786,2.1906500000000566
6.56,2.1913500000000563,2.2200398467644824,2.255792873311379,2.1913500000000563
6.562,2.192050000000056,2.220739846764482,2.2564928733113785,2.192050000000056
6.564,2.192750000000056,2.221439846764482,2.257192873311378,2.192750000000056
6.566,2.193450000000056,2.222139846764482,2.257892873311378,2.193450000000056
6.568,2.1941500000000556,2.2228398467644817,2.258592873311378,2.1941500000000556
6.57,2.1948500000000553,2.2235398467644814,2.2592928733113777,2.1948500000000553
6.572,2.1955500000000554,2.224239846764481,2.2599928733113774,2.1955500000000554
6.574,2.196250000000055,2.224939846764481,2.260692873311377,2.196250000000055
6.576,2.196950000000055,2.225639846764481,2.2613928733113773,2.196950000000055
6.578,2.1976500000000545,2.2263398467644806,2.262092873311377,2.1976500000000545
6.58,2.1983500000000546,2.2270398467644803,2.2627928733113767,2.1983500000000546
6.582,2.1990500000000544,2.2277398467644804,2.263492873311377,2.1990500000000544
6.584,2.199750000000054,2.22843984676448,2.2641928733113765,2.199750000000054
6.586,2.200450000000054,2.22913984676448,2.2648928733113762,2.200450000000054
6.588,2.201150000000054,2.2298398467644795,2.265592873311376,2.201150000000054
6.59,2.2018500000000536,2.2305398467644797,2.266292873311376,2.2018500000000536
6.592,2.2025500000000533,2.2312398467644794,2.2669928733113758,2.2025500000000533
6.594,2.2032500000000534,2.231939846764479,2.2676928733113755,2.2032500000000534
6.596,2.203950000000053,2.2326398467644792,2.268392873311375,2.203950000000053
6.598,2.204650000000053,2.233339846764479,2.2690928733113753,2.204650000000053
6.6,2.2053500000000525,2.2340398467644786,2.269792873311375,2.2053500000000525
6.602,2.2060500000000527,2.2347398467644783,2.2704928733113747,2.2060500000000527
6.604,2.2067500000000524,2.2354398467644785,2.2711928733113744,2.2067500000000524
6.606,2.207450000000052,2.236139846764478,2.2718928733113746,2.207450000000052
6.608,2.208150000000052,2.236839846764478,2.2725928733113743,2.208150000000052
6.61,2.208850000000052,2.2375398467644776,2.273292873311374,2.208850000000052
6.612,2.2095500000000516,2.2382398467644777,2.2739928733113737,2.2095500000000516
6.614,2.2102500000000513,2.2389398467644774,2.274692873311374,2.2102500000000513
6.616,2.210950000000051,2.239639846764477,2.2753928733113735,2.210950000000051
6.618,2.211650000000051,2.240339846764477,2.276092873311373,2.211650000000051
6.62,2.212350000000051,2.241039846764477,2.2767928733113734,2.212350000000051
6.622,2.2130500000000506,2.2417398467644767,2.277492873311373,2.2130500000000506
6.624,2.2137500000000507,2.2424398467644764,2.2781928733113728,2.2137500000000507
6.626,2.2144500000000504,2.243139846764476,2.2788928733113725,2.2144500000000504
6.628,2.21515000000005,2.2438398467644762,2.2795928733113726,2.21515000000005
6.63,2.21585000000005,2.244539846764476,2.2802928733113723,2.21585000000005
6.632,2.21655000000005,2.2452398467644756,2.280992873311372,2.21655000000005
6.634,2.2172500000000497,2.245939846764476,2.2816928733113717,2.2172500000000497
6.636,2.2179500000000494,2.2466398467644755,2.282392873311372,2.2179500000000494
6.638,2.218650000000049,2.247339846764475,2.2830928733113716,2.218650000000049
6.64,2.2193500000000492,2.248039846764475,2.2837928733113713,2.2193500000000492
6.642,2.220050000000049,2.248739846764475,2.284492873311371,2.220050000000049
6.644,2.2207500000000486,2.2494398467644747,2.285192873311371,2.2207500000000486
6.646,2.2214500000000483,2.2501398467644744,2.285892873311371,2.2214500000000483
6.648,2.2221500000000485,2.250839846764474,2.2865928733113705,2.2221500000000485
6.65,2.222850000000048,2.2515398467644743,2.28729287331137,2.222850000000048
6.652,2.223550000000048,2.252239846764474,2.2879928733113704,2.223550000000048
6.654,2.2242500000000476,2.2529398467644737,2.28869287331137,2.2242500000000476
6.656,2.2249500000000477,2.2536398467644734,2.2893928733113698,2.2249500000000477
6.658,2.2256500000000474,2.2543398467644735,2.29009287331137,2.2256500000000474
6.66,2.226350000000047,2.255039846764473,2.2907928733113696,2.226350000000047
6.662,2.2270500000000473,2.255739846764473,2.2914928733113693,2.2270500000000473
6.664,2.227750000000047,2.256439846764473,2.292192873311369,2.227750000000047
6.666,2.2284500000000467,2.2571398467644728,2.292892873311369,2.2284500000000467
6.668,2.2291500000000464,2.2578398467644725,2.293592873311369,2.2291500000000464
6.67,2.2298500000000465,2.258539846764472,2.2942928733113686,2.2298500000000465
6.672,2.230550000000046,2.2592398467644723,2.2949928733113683,2.230550000000046
6.674,2.231250000000046,2.259939846764472,2.2956928733113684,2.231250000000046
6.676,2.2319500000000456,2.2606398467644717,2.296392873311368,2.2319500000000456
6.678,2.2326500000000458,2.2613398467644714,2.297092873311368,2.2326500000000458
6.68,2.2333500000000455,2.2620398467644716,2.2977928733113675,2.2333500000000455
6.682,2.234050000000045,2.2627398467644713,2.2984928733113676,2.234050000000045
6.684,2.234750000000045,2.263439846764471,2.2991928733113673,2.234750000000045
6.686,2.235450000000045,2.2641398467644707,2.299892873311367,2.235450000000045
6.688,2.2361500000000447,2.264839846764471,2.300592873311367,2.2361500000000447
6.69,2.2368500000000444,2.2655398467644705,2.301292873311367,2.2368500000000444
6.692,2.2375500000000446,2.26623984676447,2.3019928733113666,2.2375500000000446
6.694,2.2382500000000443,2.26693984676447,2.3026928733113663,2.2382500000000443
6.696,2.238950000000044,2.26763984676447,2.3033928733113664,2.238950000000044
6.698,2.2396500000000437,2.2683398467644698,2.304092873311366,2.2396500000000437
6.7,2.240350000000044,2.2690398467644695,2.304792873311366,2.240350000000044
6.702,2.2410500000000435,2.2697398467644696,2.3054928733113655,2.2410500000000435
6.704,2.241750000000043,2.2704398467644693,2.3061928733113657,2.241750000000043
6.706,2.242450000000043,2.271139846764469,2.3068928733113654,2.242450000000043
6.708,2.243150000000043,2.2718398467644687,2.307592873311365,2.243150000000043
6.71,2.2438500000000428,2.272539846764469,2.308292873311365,2.2438500000000428
6.712,2.2445500000000425,2.2732398467644686,2.308992873311365,2.2445500000000425
6.714,2.245250000000042,2.2739398467644683,2.3096928733113646,2.245250000000042
6.716,2.2459500000000423,2.274639846764468,2.3103928733113643,2.2459500000000423
6.718,2.246650000000042,2.275339846764468,2.311092873311364,2.246650000000042
6.72,2.2473500000000417,2.276039846764468,2.311792873311364,2.2473500000000417
6.722,2.2480500000000414,2.2767398467644675,2.312492873311364,2.2480500000000414
6.724,2.2487500000000415,2.277439846764467,2.3131928733113636,2.2487500000000415
6.726,2.2494500000000412,2.2781398467644673,2.3138928733113637,2.2494500000000412
6.728,2.250150000000041,2.278839846764467,2.3145928733113634,2.250150000000041
6.73,2.250850000000041,2.2795398467644667,2.315292873311363,2.250850000000041
6.732,2.251550000000041,2.2802398467644664,2.315992873311363,2.251550000000041
6.734,2.2522500000000405,2.2809398467644666,2.316692873311363,2.2522500000000405
6.736,2.25295000000004,2.2816398467644663,2.3173928733113627,2.25295000000004
6.738,2.2536500000000403,2.282339846764466,2.3180928733113624,2.2536500000000403
6.74,2.25435000000004,2.283039846764466,2.318792873311362,2.25435000000004
6.742,2.2550500000000397,2.283739846764466,2.3194928733113622,2.2550500000000397
6.744,2.2557500000000394,2.2844398467644655,2.320192873311362,2.2557500000000394
6.746,2.2564500000000396,2.2851398467644652,2.3208928733113616,2.2564500000000396
6.748,2.2571500000000393,2.2858398467644654,2.3215928733113613,2.2571500000000393
6.75,2.257850000000039,2.286539846764465,2.3222928733113615,2.257850000000039
6.752,2.2585500000000387,2.287239846764465,2.322992873311361,2.2585500000000387
6.754,2.259250000000039,2.2879398467644645,2.323692873311361,2.259250000000039
6.756,2.2599500000000385,2.2886398467644646,2.3243928733113606,2.2599500000000385
6.758,2.2606500000000382,2.2893398467644643,2.3250928733113607,2.2606500000000382
6.76,2.261350000000038,2.290039846764464,2.3257928733113604,2.261350000000038
6.762,2.262050000000038,2.2907398467644637,2.32649287331136,2.262050000000038
6.764,2.262750000000038,2.291439846764464,2.3271928733113603,2.262750000000038
6.766,2.2634500000000375,2.2921398467644636,2.32789287331136,2.2634500000000375
6.768,2.2641500000000376,2.2928398467644633,2.3285928733113597,2.2641500000000376
6.77,2.2648500000000373,2.2935398467644634,2.3292928733113594,2.2648500000000373
6.772,2.265550000000037,2.294239846764463,2.3299928733113595,2.265550000000037
6.774,2.2662500000000367,2.294939846764463,2.330692873311359,2.2662500000000367
6.776,2.266950000000037,2.2956398467644625,2.331392873311359,2.266950000000037
6.778,2.2676500000000366,2.2963398467644627,2.3320928733113586,2.2676500000000366
6.78,2.2683500000000363,2.2970398467644624,2.3327928733113588,2.2683500000000363
6.782,2.269050000000036,2.297739846764462,2.3334928733113585,2.269050000000036
6.784,2.269750000000036,2.298439846764462,2.334192873311358,2.269750000000036
6.786,2.270450000000036,2.299139846764462,2.334892873311358,2.270450000000036
6.788,2.2711500000000355,2.2998398467644616,2.335592873311358,2.2711500000000355
6.79,2.2718500000000352,2.3005398467644613,2.3362928733113577,2.2718500000000352
6.792,2.2725500000000354,2.301239846764461,2.3369928733113574,2.2725500000000354
6.794,2.273250000000035,2.301939846764461,2.3376928733113576,2.273250000000035
6.796,2.2739500000000348,2.302639846764461,2.3383928733113573,2.2739500000000348
6.798,2.2746500000000345,2.3033398467644606,2.339092873311357,2.2746500000000345
6.8,2.2753500000000346,2.3040398467644603,2.3397928733113567,2.2753500000000346
6.802,2.2760500000000343,2.3047398467644604,2.340492873311357,2.2760500000000343
6.804,2.276750000000034,2.30543984676446,2.3411928733113565,2.276750000000034
6.806,2.277450000000034,2.30613984676446,2.341892873311356,2.277450000000034
6.808,2.278150000000034,2.30683984676446,2.342592873311356,2.278150000000034
6.81,2.2788500000000336,2.3075398467644597,2.343292873311356,2.2788500000000336
6.812,2.2795500000000333,2.3082398467644594,2.3439928733113558,2.2795500000000333
6.814,2.2802500000000334,2.308939846764459,2.3446928733113555,2.2802500000000334
6.816,2.280950000000033,2.309639846764459,2.345392873311355,2.280950000000033
6.818,2.281650000000033,2.310339846764459,2.3460928733113553,2.281650000000033
6.82,2.2823500000000325,2.3110398467644586,2.346792873311355,2.2823500000000325
6.822,2.2830500000000327,2.3117398467644583,2.3474928733113547,2.2830500000000327
6.824,2.2837500000000324,2.3124398467644585,2.3481928733113544,2.2837500000000324
6.826,2.284450000000032,2.313139846764458,2.3488928733113545,2.284450000000032
6.828,2.2851500000000318,2.313839846764458,2.3495928733113542,2.2851500000000318
6.83,2.285850000000032,2.3145398467644576,2.350292873311354,2.285850000000032
6.832,2.2865500000000316,2.3152398467644577,2.350992873311354,2.2865500000000316
6.834,2.2872500000000313,2.3159398467644574,2.351692873311354,2.2872500000000313
6.836,2.2879500000000315,2.316639846764457,2.3523928733113535,2.2879500000000315
6.838,2.288650000000031,2.317339846764457,2.353092873311353,2.288650000000031
6.84,2.289350000000031,2.318039846764457,2.3537928733113533,2.289350000000031
6.842,2.2900500000000306,2.3187398467644567,2.354492873311353,2.2900500000000306
6.844,2.2907500000000307,2.3194398467644564,2.3551928733113527,2.2907500000000307
6.846,2.2914500000000304,2.3201398467644565,2.3558928733113524,2.2914500000000304
6.848,2.29215000000003,2.320839846764456,2.3565928733113526,2.29215000000003
6.85,2.29285000000003,2.321539846764456,2.3572928733113523,2.29285000000003
6.852,2.29355000000003,2.3222398467644556,2.357992873311352,2.29355000000003
6.854,2.2942500000000297,2.3229398467644558,2.3586928733113517,2.2942500000000297
6.856,2.2949500000000294,2.3236398467644555,2.359392873311352,2.2949500000000294
6.858,2.295650000000029,2.324339846764455,2.3600928733113515,2.295650000000029
6.86,2.296350000000029,2.325039846764455,2.3607928733113512,2.296350000000029
6.862,2.297050000000029,2.325739846764455,2.361492873311351,2.297050000000029
6.864,2.2977500000000286,2.3264398467644547,2.362192873311351,2.2977500000000286
6.866,2.2984500000000283,2.3271398467644544,2.362892873311351,2.2984500000000283
6.868,2.2991500000000284,2.327839846764454,2.3635928733113505,2.2991500000000284
6.87,2.299850000000028,2.3285398467644542,2.3642928733113506,2.299850000000028
6.872,2.300550000000028,2.329239846764454,2.3649928733113503,2.300550000000028
6.874,2.301250000000028,2.3299398467644536,2.36569287331135,2.301250000000028
6.876,2.3019500000000277,2.330639846764454,2.3663928733113497,2.3019500000000277
6.878,2.3026500000000274,2.3313398467644535,2.36709287331135,2.3026500000000274
6.88,2.303350000000027,2.332039846764453,2.3677928733113496,2.303350000000027
6.882,2.3040500000000272,2.332739846764453,2.3684928733113493,2.3040500000000272
6.884,2.304750000000027,2.333439846764453,2.369192873311349,2.304750000000027
6.886,2.3054500000000266,2.3341398467644527,2.369892873311349,2.3054500000000266
6.888,2.3061500000000263,2.3348398467644524,2.370592873311349,2.3061500000000263
6.89,2.3068500000000265,2.335539846764452,2.3712928733113485,2.3068500000000265
6.892,2.307550000000026,2.3362398467644523,2.3719928733113482,2.307550000000026
6.894,2.308250000000026,2.336939846764452,2.3726928733113484,2.308250000000026
6.896,2.3089500000000256,2.3376398467644517,2.373392873311348,2.3089500000000256
6.898,2.3096500000000257,2.3383398467644514,2.3740928733113478,2.3096500000000257
6.9,2.3103500000000254,2.3390398467644515,2.374792873311348,2.3103500000000254
6.902,2.311050000000025,2.3397398467644512,2.3754928733113476,2.311050000000025
6.904,2.311750000000025,2.340439846764451,2.3761928733113473,2.311750000000025
6.906,2.312450000000025,2.3411398467644506,2.376892873311347,2.312450000000025
6.908,2.3131500000000247,2.341839846764451,2.377592873311347,2.3131500000000247
6.91,2.3138500000000244,2.3425398467644505,2.378292873311347,2.3138500000000244
6.912,2.3145500000000245,2.34323984676445,2.3789928733113466,2.3145500000000245
6.914,2.3152500000000242,2.3439398467644503,2.3796928733113463,2.3152500000000242
6.916,2.315950000000024,2.34463984676445,2.3803928733113464,2.315950000000024
6.918,2.3166500000000236,2.3453398467644497,2.381092873311346,2.3166500000000236
6.92,2.317350000000024,2.3460398467644494,2.381792873311346,2.317350000000024
6.922,2.3180500000000235,2.3467398467644496,2.3824928733113455,2.3180500000000235
6.924,2.318750000000023,2.3474398467644493,2.3831928733113457,2.318750000000023
6.926,2.319450000000023,2.348139846764449,2.3838928733113454,2.319450000000023
6.928,2.320150000000023,2.3488398467644487,2.384592873311345,2.320150000000023
6.93,2.3208500000000227,2.349539846764449,2.3852928733113448,2.3208500000000227
6.932,2.3215500000000224,2.3502398467644485,2.385992873311345,2.3215500000000224
6.934,2.322250000000022,2.3509398467644482,2.3866928733113446,2.322250000000022
6.936,2.3229500000000223,2.351639846764448,2.3873928733113443,2.3229500000000223
6.938,2.323650000000022,2.352339846764448,2.3880928733113445,2.323650000000022
6.94,2.3243500000000217,2.3530398467644478,2.388792873311344,2.3243500000000217
6.942,2.325050000000022,2.3537398467644475,2.389492873311344,2.325050000000022
6.944,2.3257500000000215,2.354439846764447,2.3901928733113436,2.3257500000000215
6.946,2.3264500000000212,2.3551398467644473,2.3908928733113437,2.3264500000000212
6.948,2.327150000000021,2.355839846764447,2.3915928733113434,2.327150000000021
6.95,2.327850000000021,2.3565398467644467,2.392292873311343,2.327850000000021
6.952,2.3285500000000208,2.357239846764447,2.392992873311343,2.3285500000000208
6.954,2.3292500000000205,2.3579398467644466,2.393692873311343,2.3292500000000205
6.956,2.32995000000002,2.3586398467644463,2.3943928733113427,2.32995000000002
6.958,2.3306500000000203,2.359339846764446,2.3950928733113424,2.3306500000000203
6.96,2.33135000000002,2.360039846764446,2.395792873311342,2.33135000000002
6.962,2.3320500000000197,2.360739846764446,2.396492873311342,2.3320500000000197
6.964,2.3327500000000194,2.3614398467644455,2.397192873311342,2.3327500000000194
6.966,2.3334500000000196,2.362139846764445,2.3978928733113416,2.3334500000000196
6.968,2.3341500000000193,2.3628398467644454,2.3985928733113413,2.3341500000000193
6.97,2.334850000000019,2.363539846764445,2.3992928733113414,2.334850000000019
6.972,2.3355500000000187,2.3642398467644448,2.399992873311341,2.3355500000000187
6.974,2.336250000000019,2.3649398467644445,2.400692873311341,2.336250000000019
6.976,2.3369500000000185,2.3656398467644446,2.401392873311341,2.3369500000000185
6.978,2.337650000000018,2.3663398467644443,2.4020928733113407,2.337650000000018
6.98,2.3383500000000184,2.367039846764444,2.4027928733113404,2.3383500000000184
6.982,2.339050000000018,2.3677398467644437,2.40349287331134,2.339050000000018
6.984,2.3397500000000178,2.368439846764444,2.4041928733113402,2.3397500000000178
6.986,2.3404500000000175,2.3691398467644436,2.40489287331134,2.3404500000000175
6.988,2.3411500000000176,2.3698398467644433,2.4055928733113396,2.3411500000000176
6.99,2.3418500000000173,2.3705398467644434,2.4062928733113393,2.3418500000000173
6.992,2.342550000000017,2.371239846764443,2.4069928733113395,2.342550000000017
6.994,2.3432500000000167,2.371939846764443,2.407692873311339,2.3432500000000167
6.996,2.343950000000017,2.3726398467644425,2.408392873311339,2.343950000000017
6.998,2.3446500000000166,2.3733398467644427,2.4090928733113386,2.3446500000000166
7.0,2.3453500000000163,2.3740398467644424,2.4097928733113387,2.3453500000000163
7.002,2.346050000000016,2.374739846764442,2.4104928733113384,2.346050000000016
7.004,2.346750000000016,2.3754398467644418,2.411192873311338,2.346750000000016
7.006,2.347450000000016,2.376139846764442,2.411892873311338,2.347450000000016
7.008,2.3481500000000155,2.3768398467644416,2.412592873311338,2.3481500000000155
7.01,2.348850000000015,2.3775398467644413,2.4132928733113377,2.348850000000015
7.012,2.3495500000000153,2.378239846764441,2.4139928733113374,2.3495500000000153
7.014,2.350250000000015,2.378939846764441,2.4146928733113375,2.350250000000015
7.016,2.3509500000000148,2.379639846764441,2.4153928733113372,2.3509500000000148
7.018,2.351650000000015,2.3803398467644405,2.416092873311337,2.351650000000015
7.02,2.3523500000000146,2.3810398467644407,2.4167928733113366,2.3523500000000146
7.022,2.3530500000000143,2.3817398467644404,2.4174928733113368,2.3530500000000143
7.024,2.353750000000014,2.38243984676444,2.4181928733113365,2.353750000000014
7.026,2.354450000000014,2.38313984676444,2.418892873311336,2.354450000000014
7.028,2.355150000000014,2.38383984676444,2.419592873311336,2.355150000000014
7.03,2.3558500000000135,2.3845398467644396,2.420292873311336,2.3558500000000135
7.032,2.3565500000000132,2.3852398467644393,2.4209928733113357,2.3565500000000132
7.034,2.3572500000000134,2.385939846764439,2.4216928733113354,2.3572500000000134
7.036,2.357950000000013,2.386639846764439,2.422392873311335,2.357950000000013
7.038,2.358650000000013,2.387339846764439,2.4230928733113353,2.358650000000013
7.04,2.3593500000000125,2.3880398467644386,2.423792873311335,2.3593500000000125
7.042,2.3600500000000126,2.3887398467644383,2.4244928733113347,2.3600500000000126
7.044,2.3607500000000123,2.3894398467644384,2.425192873311335,2.3607500000000123
7.046,2.361450000000012,2.390139846764438,2.4258928733113345,2.361450000000012
7.048,2.362150000000012,2.390839846764438,2.426592873311334,2.362150000000012
7.05,2.362850000000012,2.3915398467644375,2.427292873311334,2.362850000000012
7.052,2.3635500000000116,2.3922398467644377,2.427992873311334,2.3635500000000116
7.054,2.3642500000000113,2.3929398467644374,2.4286928733113338,2.3642500000000113
7.056,2.3649500000000114,2.393639846764437,2.4293928733113335,2.3649500000000114
7.058,2.365650000000011,2.3943398467644372,2.430092873311333,2.365650000000011
7.06,2.366350000000011,2.395039846764437,2.4307928733113333,2.366350000000011
7.062,2.3670500000000105,2.3957398467644366,2.431492873311333,2.3670500000000105
7.064,2.3677500000000107,2.3964398467644363,2.4321928733113327,2.3677500000000107
7.066,2.3684500000000104,2.3971398467644365,2.4328928733113324,2.3684500000000104
7.068,2.36915000000001,2.397839846764436,2.4335928733113326,2.36915000000001
7.07,2.36985000000001,2.398539846764436,2.4342928733113323,2.36985000000001
7.072,2.37055000000001,2.3992398467644356,2.434992873311332,2.37055000000001
7.074,2.3712500000000096,2.3999398467644357,2.4356928733113317,2.3712500000000096
7.076,2.3719500000000093,2.4006398467644354,2.436392873311332,2.3719500000000093
7.078,2.372650000000009,2.401339846764435,2.4370928733113315,2.372650000000009
7.08,2.373350000000009,2.402039846764435,2.437792873311331,2.373350000000009
7.082,2.374050000000009,2.402739846764435,2.4384928733113314,2.374050000000009
7.084,2.3747500000000086,2.4034398467644347,2.439192873311331,2.3747500000000086
7.086,2.3754500000000087,2.4041398467644344,2.4398928733113308,2.3754500000000087
7.088,2.3761500000000084,2.404839846764434,2.4405928733113305,2.3761500000000084
7.09,2.376850000000008,2.405539846764434,2.4412928733113306,2.376850000000008
7.092,2.377550000000008,2.406239846764434,2.4419928733113303,2.377550000000008
7.094,2.378250000000008,2.4069398467644336,2.44269287331133,2.378250000000008
7.096,2.3789500000000077,2.4076398467644338,2.4433928733113297,2.3789500000000077
7.098,2.3796500000000074,2.4083398467644335,2.44409287331133,2.3796500000000074
7.1,2.380350000000007,2.409039846764433,2.4447928733113296,2.380350000000007
7.102,2.381050000000007,2.409739846764433,2.4454928733113293,2.381050000000007
7.104,2.381750000000007,2.410439846764433,2.446192873311329,2.381750000000007
7.106,2.3824500000000066,2.4111398467644327,2.446892873311329,2.3824500000000066
7.108,2.3831500000000063,2.4118398467644324,2.447592873311329,2.3831500000000063
7.11,2.3838500000000065,2.412539846764432,2.4482928733113285,2.3838500000000065
7.112,2.384550000000006,2.4132398467644323,2.448992873311328,2.384550000000006
7.114,2.385250000000006,2.413939846764432,2.4496928733113283,2.385250000000006
7.116,2.3859500000000056,2.4146398467644317,2.450392873311328,2.3859500000000056
7.118,2.3866500000000057,2.4153398467644314,2.4510928733113277,2.3866500000000057
7.12,2.3873500000000054,2.4160398467644315,2.451792873311328,2.3873500000000054
7.122,2.388050000000005,2.416739846764431,2.4524928733113276,2.388050000000005
7.124,2.3887500000000053,2.417439846764431,2.4531928733113273,2.3887500000000053
7.126,2.389450000000005,2.418139846764431,2.453892873311327,2.389450000000005
7.128,2.3901500000000047,2.4188398467644308,2.454592873311327,2.3901500000000047
7.13,2.3908500000000044,2.4195398467644305,2.455292873311327,2.3908500000000044
7.132,2.3915500000000045,2.42023984676443,2.4559928733113265,2.3915500000000045
7.134,2.392250000000004,2.4209398467644303,2.4566928733113262,2.392250000000004
7.136,2.392950000000004,2.42163984676443,2.4573928733113264,2.392950000000004
7.138,2.3936500000000036,2.4223398467644297,2.458092873311326,2.3936500000000036
7.14,2.3943500000000038,2.4230398467644294,2.458792873311326,2.3943500000000038
7.142,2.3950500000000035,2.4237398467644296,2.4594928733113255,2.3950500000000035
7.144,2.395750000000003,2.4244398467644293,2.4601928733113256,2.395750000000003
7.146,2.396450000000003,2.425139846764429,2.4608928733113253,2.396450000000003
7.148,2.397150000000003,2.4258398467644287,2.461592873311325,2.397150000000003
7.15,2.3978500000000027,2.426539846764429,2.462292873311325,2.3978500000000027
7.152,2.3985500000000024,2.4272398467644285,2.462992873311325,2.3985500000000024
7.154,2.399250000000002,2.427939846764428,2.4636928733113246,2.399250000000002
7.156,2.3999500000000022,2.428639846764428,2.4643928733113243,2.3999500000000022
7.158,2.400650000000002,2.429339846764428,2.4650928733113244,2.400650000000002
7.16,2.4013500000000016,2.4300398467644277,2.465792873311324,2.4013500000000016
7.162,2.402050000000002,2.4307398467644274,2.466492873311324,2.402050000000002
7.164,2.4027500000000015,2.4314398467644276,2.4671928733113235,2.4027500000000015
7.166,2.403450000000001,2.4321398467644273,2.4678928733113237,2.403450000000001
7.168,2.404150000000001,2.432839846764427,2.4685928733113234,2.404150000000001
7.17,2.404850000000001,2.4335398467644267,2.469292873311323,2.404850000000001
7.172,2.4055500000000007,2.434239846764427,2.469992873311323,2.4055500000000007
7.174,2.4062500000000004,2.4349398467644265,2.470692873311323,2.4062500000000004
7.176,2.40695,2.4356398467644262,2.4713928733113226,2.40695
7.178,2.4076500000000003,2.436339846764426,2.4720928733113223,2.4076500000000003
7.18,2.40835,2.437039846764426,2.472792873311322,2.40835
7.182,2.4090499999999997,2.437739846764426,2.473492873311322,2.4090499999999997
7.184,2.4097499999999994,2.4384398467644255,2.474192873311322,2.4097499999999994
7.186,2.4104499999999995,2.439139846764425,2.4748928733113216,2.4104499999999995
7.188,2.4111499999999992,2.4398398467644253,2.4755928733113217,2.4111499999999992
7.19,2.411849999999999,2.440539846764425,2.4762928733113214,2.411849999999999
7.192,2.412549999999999,2.4412398467644247,2.476992873311321,2.412549999999999
7.194,2.413249999999999,2.4419398467644244,2.477692873311321,2.413249999999999
7.196,2.4139499999999985,2.4426398467644246,2.478392873311321,2.4139499999999985
7.198,2.414649999999998,2.4433398467644243,2.4790928733113207,2.414649999999998
7.2,2.4153499999999983,2.444039846764424,2.4797928733113204,2.4153499999999983
7.202,2.416049999999998,2.444739846764424,2.48049287331132,2.416049999999998
7.204,2.4167499999999977,2.445439846764424,2.48119287331132,2.4167499999999977
7.206,2.4174499999999974,2.4461398467644235,2.48189287331132,2.4174499999999974
7.208,2.4181499999999976,2.4468398467644232,2.4825928733113196,2.4181499999999976
7.21,2.4188499999999973,2.4475398467644234,2.4832928733113193,2.4188499999999973
7.212,2.419549999999997,2.448239846764423,2.4839928733113195,2.419549999999997
7.214,2.4202499999999967,2.448939846764423,2.484692873311319,2.4202499999999967
7.216,2.420949999999997,2.4496398467644225,2.485392873311319,2.420949999999997
7.218,2.4216499999999965,2.4503398467644226,2.4860928733113186,2.4216499999999965
7.22,2.4223499999999962,2.4510398467644223,2.4867928733113187,2.4223499999999962
7.222,2.423049999999996,2.451739846764422,2.4874928733113184,2.423049999999996
7.224,2.423749999999996,2.4524398467644217,2.488192873311318,2.423749999999996
7.226,2.4244499999999958,2.453139846764422,2.4888928733113183,2.4244499999999958
7.228,2.4251499999999955,2.4538398467644216,2.489592873311318,2.4251499999999955
7.23,2.4258499999999956,2.4545398467644213,2.4902928733113177,2.4258499999999956
7.232,2.4265499999999953,2.455239846764421,2.4909928733113174,2.4265499999999953
7.234,2.427249999999995,2.455939846764421,2.4916928733113175,2.427249999999995
7.236,2.4279499999999947,2.456639846764421,2.492392873311317,2.4279499999999947
7.238,2.428649999999995,2.4573398467644205,2.493092873311317,2.428649999999995
7.24,2.4293499999999946,2.4580398467644207,2.4937928733113166,2.4293499999999946
7.242,2.4300499999999943,2.4587398467644204,2.4944928733113167,2.4300499999999943
7.244,2.430749999999994,2.45943984676442,2.4951928733113165,2.430749999999994
7.246,2.431449999999994,2.4601398467644198,2.495892873311316,2.431449999999994
7.248,2.432149999999994,2.46083984676442,2.496592873311316,2.432149999999994
7.25,2.4328499999999935,2.4615398467644196,2.497292873311316,2.4328499999999935
7.252,2.433549999999993,2.4622398467644193,2.4979928733113157,2.433549999999993
7.254,2.4342499999999934,2.462939846764419,2.4986928733113154,2.4342499999999934
7.256,2.434949999999993,2.463639846764419,2.4993928733113155,2.434949999999993
7.258,2.4356499999999928,2.464339846764419,2.5000928733113152,2.4356499999999928
7.26,2.4363499999999925,2.4650398467644186,2.500792873311315,2.4363499999999925
7.262,2.4370499999999926,2.4657398467644183,2.5014928733113146,2.4370499999999926
7.264,2.4377499999999923,2.4664398467644184,2.502192873311315,2.4377499999999923
7.266,2.438449999999992,2.467139846764418,2.5028928733113145,2.438449999999992
7.268,2.439149999999992,2.467839846764418,2.503592873311314,2.439149999999992
7.27,2.439849999999992,2.468539846764418,2.504292873311314,2.439849999999992
7.272,2.4405499999999916,2.4692398467644177,2.504992873311314,2.4405499999999916
7.274,2.4412499999999913,2.4699398467644174,2.5056928733113137,2.4412499999999913
7.276,2.4419499999999914,2.470639846764417,2.5063928733113134,2.4419499999999914
7.278,2.442649999999991,2.471339846764417,2.507092873311313,2.442649999999991
7.28,2.443349999999991,2.472039846764417,2.5077928733113133,2.443349999999991
7.282,2.4440499999999905,2.4727398467644166,2.508492873311313,2.4440499999999905
7.284,2.4447499999999907,2.4734398467644163,2.5091928733113127,2.4447499999999907
7.286,2.4454499999999904,2.4741398467644165,2.5098928733113124,2.4454499999999904
7.288,2.44614999999999,2.474839846764416,2.5105928733113125,2.44614999999999
7.29,2.4468499999999898,2.475539846764416,2.5112928733113122,2.4468499999999898
7.292,2.44754999999999,2.4762398467644156,2.511992873311312,2.44754999999999
7.294,2.4482499999999896,2.4769398467644157,2.512692873311312,2.4482499999999896
7.296,2.4489499999999893,2.4776398467644154,2.513392873311312,2.4489499999999893
7.298,2.4496499999999894,2.478339846764415,2.5140928733113115,2.4496499999999894
7.3,2.450349999999989,2.479039846764415,2.514792873311311,2.450349999999989
7.302,2.451049999999989,2.479739846764415,2.5154928733113113,2.451049999999989
7.304,2.4517499999999885,2.4804398467644146,2.516192873311311,2.4517499999999885
7.306,2.4524499999999887,2.4811398467644143,2.5168928733113107,2.4524499999999887
7.308,2.4531499999999884,2.4818398467644145,2.5175928733113104,2.4531499999999884
7.31,2.453849999999988,2.482539846764414,2.5182928733113106,2.453849999999988
7.312,2.454549999999988,2.483239846764414,2.5189928733113103,2.454549999999988
7.314,2.455249999999988,2.4839398467644136,2.51969287331131,2.455249999999988
7.316,2.4559499999999876,2.4846398467644137,2.5203928733113097,2.4559499999999876
7.318,2.4566499999999873,2.4853398467644134,2.52109287331131,2.4566499999999873
7.32,2.457349999999987,2.486039846764413,2.5217928733113095,2.457349999999987
7.322,2.458049999999987,2.486739846764413,2.5224928733113092,2.458049999999987
7.324,2.458749999999987,2.487439846764413,2.523192873311309,2.458749999999987
7.326,2.4594499999999866,2.4881398467644127,2.523892873311309,2.4594499999999866
7.328,2.4601499999999863,2.4888398467644124,2.5245928733113088,2.4601499999999863
7.33,2.4608499999999864,2.489539846764412,2.5252928733113085,2.4608499999999864
7.332,2.461549999999986,2.4902398467644122,2.5259928733113086,2.461549999999986
7.334,2.462249999999986,2.490939846764412,2.5266928733113083,2.462249999999986
7.336,2.462949999999986,2.4916398467644116,2.527392873311308,2.462949999999986
7.338,2.4636499999999857,2.4923398467644113,2.5280928733113077,2.4636499999999857
7.34,2.4643499999999854,2.4930398467644115,2.528792873311308,2.4643499999999854
7.342,2.465049999999985,2.493739846764411,2.5294928733113076,2.465049999999985
7.344,2.4657499999999852,2.494439846764411,2.5301928733113073,2.4657499999999852
7.346,2.466449999999985,2.495139846764411,2.530892873311307,2.466449999999985
7.348,2.4671499999999846,2.4958398467644107,2.531592873311307,2.4671499999999846
7.35,2.4678499999999843,2.4965398467644104,2.532292873311307,2.4678499999999843
7.352,2.4685499999999845,2.49723984676441,2.5329928733113065,2.4685499999999845
7.354,2.469249999999984,2.4979398467644103,2.533692873311306,2.469249999999984
7.356,2.469949999999984,2.49863984676441,2.5343928733113064,2.469949999999984
7.358,2.4706499999999836,2.4993398467644097,2.535092873311306,2.4706499999999836
7.36,2.4713499999999837,2.5000398467644094,2.5357928733113058,2.4713499999999837
7.362,2.4720499999999834,2.5007398467644095,2.5364928733113055,2.4720499999999834
7.364,2.472749999999983,2.5014398467644092,2.5371928733113056,2.472749999999983
7.366,2.473449999999983,2.502139846764409,2.5378928733113053,2.473449999999983
7.368,2.474149999999983,2.5028398467644086,2.538592873311305,2.474149999999983
7.37,2.4748499999999827,2.5035398467644088,2.539292873311305,2.4748499999999827
7.372,2.4755499999999824,2.5042398467644085,2.539992873311305,2.4755499999999824
7.374,2.4762499999999825,2.504939846764408,2.5406928733113046,2.4762499999999825
7.376,2.476949999999982,2.5056398467644083,2.5413928733113043,2.476949999999982
7.378,2.477649999999982,2.506339846764408,2.5420928733113044,2.477649999999982
7.38,2.4783499999999816,2.5070398467644077,2.542792873311304,2.4783499999999816
7.382,2.4790499999999818,2.5077398467644074,2.543492873311304,2.4790499999999818
7.384,2.4797499999999815,2.5084398467644076,2.5441928733113035,2.4797499999999815
7.386,2.480449999999981,2.5091398467644073,2.5448928733113036,2.480449999999981
7.388,2.481149999999981,2.509839846764407,2.5455928733113034,2.481149999999981
7.39,2.481849999999981,2.5105398467644067,2.546292873311303,2.481849999999981
7.392,2.4825499999999807,2.511239846764407,2.5469928733113028,2.4825499999999807
7.394,2.4832499999999804,2.5119398467644065,2.547692873311303,2.4832499999999804
7.396,2.48394999999998,2.512639846764406,2.5483928733113026,2.48394999999998
7.398,2.4846499999999803,2.513339846764406,2.5490928733113023,2.4846499999999803
7.4,2.48534999999998,2.514039846764406,2.5497928733113024,2.48534999999998
7.402,2.4860499999999797,2.5147398467644058,2.550492873311302,2.4860499999999797
7.404,2.48674999999998,2.5154398467644055,2.551192873311302,2.48674999999998
7.406,2.4874499999999795,2.516139846764405,2.5518928733113015,2.4874499999999795
7.408,2.488149999999979,2.5168398467644053,2.5525928733113017,2.488149999999979
7.41,2.488849999999979,2.517539846764405,2.5532928733113014,2.488849999999979
7.412,2.489549999999979,2.5182398467644047,2.553992873311301,2.489549999999979
7.414,2.4902499999999788,2.518939846764405,2.554692873311301,2.4902499999999788
7.416,2.4909499999999785,2.5196398467644046,2.555392873311301,2.4909499999999785
7.418,2.491649999999978,2.5203398467644043,2.5560928733113006,2.491649999999978
7.42,2.4923499999999783,2.521039846764404,2.5567928733113003,2.4923499999999783
7.422,2.493049999999978,2.521739846764404,2.5574928733113,2.493049999999978
7.424,2.4937499999999777,2.522439846764404,2.5581928733113,2.4937499999999777
7.426,2.4944499999999774,2.5231398467644035,2.5588928733113,2.4944499999999774
7.428,2.4951499999999776,2.523839846764403,2.5595928733112996,2.4951499999999776
7.43,2.4958499999999773,2.5245398467644034,2.5602928733112993,2.4958499999999773
7.432,2.496549999999977,2.525239846764403,2.5609928733112994,2.496549999999977
7.434,2.4972499999999767,2.5259398467644028,2.561692873311299,2.4972499999999767
7.436,2.497949999999977,2.5266398467644025,2.562392873311299,2.497949999999977
7.438,2.4986499999999765,2.5273398467644026,2.563092873311299,2.4986499999999765
7.44,2.499349999999976,2.5280398467644023,2.5637928733112987,2.499349999999976
7.442,2.5000499999999763,2.528739846764402,2.5644928733112984,2.5000499999999763
7.444,2.500749999999976,2.5294398467644017,2.565192873311298,2.500749999999976
7.446,2.5014499999999757,2.530139846764402,2.5658928733112982,2.5014499999999757
7.448,2.5021499999999754,2.5308398467644015,2.566592873311298,2.5021499999999754
7.45,2.5028499999999756,2.5315398467644012,2.5672928733112976,2.5028499999999756
7.452,2.5035499999999753,2.5322398467644014,2.5679928733112973,2.5035499999999753
7.454,2.504249999999975,2.532939846764401,2.5686928733112975,2.504249999999975
7.456,2.5049499999999747,2.533639846764401,2.569392873311297,2.5049499999999747
7.458,2.505649999999975,2.5343398467644005,2.570092873311297,2.505649999999975
7.46,2.5063499999999745,2.5350398467644006,2.5707928733112966,2.5063499999999745
7.462,2.5070499999999742,2.5357398467644003,2.5714928733112967,2.5070499999999742
7.464,2.507749999999974,2.5364398467644,2.5721928733112964,2.507749999999974
7.466,2.508449999999974,2.5371398467643997,2.572892873311296,2.508449999999974
7.468,2.509149999999974,2.5378398467644,2.573592873311296,2.509149999999974
7.47,2.5098499999999735,2.5385398467643996,2.574292873311296,2.5098499999999735
7.472,2.510549999999973,2.5392398467643993,2.5749928733112957,2.510549999999973
7.474,2.5112499999999733,2.539939846764399,2.5756928733112954,2.5112499999999733
7.476,2.511949999999973,2.540639846764399,2.5763928733112955,2.511949999999973
7.478,2.5126499999999727,2.541339846764399,2.577092873311295,2.5126499999999727
7.48,2.513349999999973,2.5420398467643985,2.577792873311295,2.513349999999973
7.482,2.5140499999999726,2.5427398467643987,2.5784928733112946,2.5140499999999726
7.484,2.5147499999999723,2.5434398467643984,2.5791928733112948,2.5147499999999723
7.486,2.515449999999972,2.544139846764398,2.5798928733112945,2.515449999999972
7.488,2.516149999999972,2.544839846764398,2.580592873311294,2.516149999999972
7.49,2.516849999999972,2.545539846764398,2.581292873311294,2.516849999999972
7.492,2.5175499999999715,2.5462398467643976,2.581992873311294,2.5175499999999715
7.494,2.5182499999999712,2.5469398467643973,2.5826928733112937,2.5182499999999712
7.496,2.5189499999999714,2.547639846764397,2.5833928733112934,2.5189499999999714
7.498,2.519649999999971,2.548339846764397,2.584092873311293,2.519649999999971
7.5,2.520349999999971,2.549039846764397,2.5847928733112933,2.520349999999971
7.502,2.5210499999999705,2.5497398467643966,2.585492873311293,2.5210499999999705
7.504,2.5217499999999706,2.5504398467643963,2.5861928733112927,2.5217499999999706
7.506,2.5224499999999703,2.5511398467643964,2.586892873311293,2.5224499999999703
7.508,2.52314999999997,2.551839846764396,2.5875928733112925,2.52314999999997
7.51,2.5238499999999697,2.552539846764396,2.588292873311292,2.5238499999999697
7.512,2.52454999999997,2.5532398467643955,2.588992873311292,2.52454999999997
7.514,2.5252499999999696,2.5539398467643957,2.589692873311292,2.5252499999999696
7.516,2.5259499999999693,2.5546398467643954,2.5903928733112918,2.5259499999999693
7.518,2.5266499999999694,2.555339846764395,2.5910928733112915,2.5266499999999694
7.52,2.527349999999969,2.556039846764395,2.591792873311291,2.527349999999969
7.522,2.528049999999969,2.556739846764395,2.5924928733112913,2.528049999999969
7.524,2.5287499999999685,2.5574398467643946,2.593192873311291,2.5287499999999685
7.526,2.5294499999999687,2.5581398467643943,2.5938928733112907,2.5294499999999687
7.528,2.5301499999999684,2.5588398467643945,2.5945928733112904,2.5301499999999684
7.53,2.530849999999968,2.559539846764394,2.5952928733112905,2.530849999999968
7.532,2.5315499999999678,2.560239846764394,2.5959928733112902,2.5315499999999678
7.534,2.532249999999968,2.5609398467643936,2.59669287331129,2.532249999999968
7.536,2.5329499999999676,2.5616398467643937,2.5973928733112897,2.5329499999999676
7.538,2.5336499999999673,2.5623398467643934,2.59809287331129,2.5336499999999673
7.54,2.534349999999967,2.563039846764393,2.5987928733112895,2.534349999999967
7.542,2.535049999999967,2.563739846764393,2.599492873311289,2.535049999999967
7.544,2.535749999999967,2.564439846764393,2.6001928733112893,2.535749999999967
7.546,2.5364499999999666,2.5651398467643927,2.600892873311289,2.5364499999999666
7.548,2.5371499999999667,2.5658398467643924,2.6015928733112887,2.5371499999999667
7.55,2.5378499999999664,2.566539846764392,2.6022928733112884,2.5378499999999664
7.552,2.538549999999966,2.567239846764392,2.6029928733112886,2.538549999999966
7.554,2.539249999999966,2.567939846764392,2.6036928733112883,2.539249999999966
7.556,2.539949999999966,2.5686398467643916,2.604392873311288,2.539949999999966
7.558,2.5406499999999657,2.5693398467643918,2.6050928733112877,2.5406499999999657
7.56,2.5413499999999654,2.5700398467643915,2.605792873311288,2.5413499999999654
7.562,2.542049999999965,2.570739846764391,2.6064928733112875,2.542049999999965
7.564,2.542749999999965,2.571439846764391,2.6071928733112872,2.542749999999965
7.566,2.543449999999965,2.572139846764391,2.607892873311287,2.543449999999965
7.568,2.5441499999999646,2.5728398467643907,2.608592873311287,2.5441499999999646
7.57,2.5448499999999643,2.5735398467643904,2.609292873311287,2.5448499999999643
7.572,2.5455499999999645,2.57423984676439,2.6099928733112865,2.5455499999999645
7.574,2.546249999999964,2.5749398467643902,2.610692873311286,2.546249999999964
7.576,2.546949999999964,2.57563984676439,2.6113928733112863,2.546949999999964
7.578,2.5476499999999636,2.5763398467643897,2.612092873311286,2.5476499999999636
7.58,2.5483499999999637,2.5770398467643894,2.6127928733112857,2.5483499999999637
7.582,2.5490499999999634,2.5777398467643895,2.613492873311286,2.5490499999999634
7.584,2.549749999999963,2.578439846764389,2.6141928733112856,2.549749999999963
7.586,2.5504499999999632,2.579139846764389,2.6148928733112853,2.5504499999999632
7.588,2.551149999999963,2.5798398467643886,2.615592873311285,2.551149999999963
7.59,2.5518499999999626,2.5805398467643887,2.616292873311285,2.5518499999999626
7.592,2.5525499999999623,2.5812398467643884,2.616992873311285,2.5525499999999623
7.594,2.5532499999999625,2.581939846764388,2.6176928733112845,2.5532499999999625
7.596,2.553949999999962,2.5826398467643883,2.6183928733112842,2.553949999999962
7.598,2.554649999999962,2.583339846764388,2.6190928733112844,2.554649999999962
7.6,2.5553499999999616,2.5840398467643877,2.619792873311284,2.5553499999999616
7.602,2.5560499999999617,2.5847398467643874,2.6204928733112838,2.5560499999999617
7.604,2.5567499999999614,2.5854398467643875,2.6211928733112835,2.5567499999999614
7.606,2.557449999999961,2.5861398467643872,2.6218928733112836,2.557449999999961
7.608,2.558149999999961,2.586839846764387,2.6225928733112833,2.558149999999961
7.61,2.558849999999961,2.5875398467643866,2.623292873311283,2.558849999999961
7.612,2.5595499999999607,2.588239846764387,2.6239928733112827,2.5595499999999607
7.614,2.5602499999999604,2.5889398467643865,2.624692873311283,2.5602499999999604
7.616,2.56094999999996,2.589639846764386,2.6253928733112826,2.56094999999996
7.618,2.5616499999999602,2.590339846764386,2.6260928733112823,2.5616499999999602
7.62,2.56234999999996,2.591039846764386,2.6267928733112824,2.56234999999996
7.622,2.5630499999999596,2.5917398467643857,2.627492873311282,2.5630499999999596
7.624,2.56374999999996,2.5924398467643854,2.628192873311282,2.56374999999996
7.626,2.5644499999999595,2.5931398467643856,2.6288928733112815,2.5644499999999595
7.628,2.565149999999959,2.5938398467643853,2.6295928733112817,2.565149999999959
7.63,2.565849999999959,2.594539846764385,2.6302928733112814,2.565849999999959
7.632,2.566549999999959,2.5952398467643847,2.630992873311281,2.566549999999959
7.634,2.5672499999999587,2.595939846764385,2.6316928733112808,2.5672499999999587
7.636,2.5679499999999584,2.5966398467643845,2.632392873311281,2.5679499999999584
7.638,2.568649999999958,2.5973398467643842,2.6330928733112806,2.568649999999958
7.64,2.5693499999999583,2.598039846764384,2.6337928733112803,2.5693499999999583
7.642,2.570049999999958,2.598739846764384,2.63449287331128,2.570049999999958
7.644,2.5707499999999577,2.5994398467643838,2.63519287331128,2.5707499999999577
7.646,2.5714499999999574,2.6001398467643835,2.63589287331128,2.5714499999999574
7.648,2.5721499999999575,2.600839846764383,2.6365928733112796,2.5721499999999575
7.65,2.5728499999999572,2.6015398467643833,2.6372928733112797,2.5728499999999572
7.652,2.573549999999957,2.602239846764383,2.6379928733112794,2.573549999999957
7.654,2.574249999999957,2.6029398467643827,2.638692873311279,2.574249999999957
7.656,2.5749499999999568,2.6036398467643824,2.639392873311279,2.5749499999999568
7.658,2.5756499999999565,2.6043398467643826,2.640092873311279,2.5756499999999565
7.66,2.576349999999956,2.6050398467643823,2.6407928733112787,2.576349999999956
7.662,2.5770499999999563,2.605739846764382,2.6414928733112784,2.5770499999999563
7.664,2.577749999999956,2.606439846764382,2.642192873311278,2.577749999999956
7.666,2.5784499999999557,2.607139846764382,2.642892873311278,2.5784499999999557
7.668,2.5791499999999554,2.6078398467643815,2.643592873311278,2.5791499999999554
7.67,2.5798499999999556,2.608539846764381,2.6442928733112776,2.5798499999999556
7.672,2.5805499999999553,2.6092398467643814,2.6449928733112773,2.5805499999999553
7.674,2.581249999999955,2.609939846764381,2.6456928733112774,2.581249999999955
7.676,2.5819499999999547,2.6106398467643808,2.646392873311277,2.5819499999999547
7.678,2.582649999999955,2.6113398467643805,2.647092873311277,2.582649999999955
7.68,2.5833499999999545,2.6120398467643806,2.6477928733112766,2.5833499999999545
7.682,2.584049999999954,2.6127398467643803,2.6484928733112767,2.584049999999954
7.684,2.584749999999954,2.61343984676438,2.6491928733112764,2.584749999999954
7.686,2.585449999999954,2.6141398467643797,2.649892873311276,2.585449999999954
7.688,2.5861499999999538,2.61483984676438,2.6505928733112762,2.5861499999999538
7.69,2.5868499999999535,2.6155398467643796,2.651292873311276,2.5868499999999535
7.692,2.5875499999999536,2.6162398467643793,2.6519928733112756,2.5875499999999536
7.694,2.5882499999999533,2.616939846764379,2.6526928733112753,2.5882499999999533
7.696,2.588949999999953,2.617639846764379,2.6533928733112755,2.588949999999953
7.698,2.5896499999999527,2.618339846764379,2.654092873311275,2.5896499999999527
7.7,2.590349999999953,2.6190398467643785,2.654792873311275,2.590349999999953
7.702,2.5910499999999526,2.6197398467643787,2.6554928733112746,2.5910499999999526
7.704,2.5917499999999523,2.6204398467643784,2.6561928733112747,2.5917499999999523
7.706,2.592449999999952,2.621139846764378,2.6568928733112744,2.592449999999952
7.708,2.593149999999952,2.6218398467643778,2.657592873311274,2.593149999999952
7.71,2.593849999999952,2.622539846764378,2.658292873311274,2.593849999999952
7.712,2.5945499999999515,2.6232398467643776,2.658992873311274,2.5945499999999515
7.714,2.595249999999951,2.6239398467643773,2.6596928733112737,2.595249999999951
7.716,2.5959499999999514,2.624639846764377,2.6603928733112734,2.5959499999999514
7.718,2.596649999999951,2.625339846764377,2.661092873311273,2.596649999999951
7.72,2.5973499999999508,2.626039846764377,2.6617928733112732,2.5973499999999508
7.722,2.5980499999999505,2.6267398467643766,2.662492873311273,2.5980499999999505
7.724,2.5987499999999506,2.6274398467643763,2.6631928733112726,2.5987499999999506
7.726,2.5994499999999503,2.6281398467643764,2.663892873311273,2.5994499999999503
7.728,2.60014999999995,2.628839846764376,2.6645928733112725,2.60014999999995
7.73,2.60084999999995,2.629539846764376,2.665292873311272,2.60084999999995
7.732,2.60154999999995,2.630239846764376,2.665992873311272,2.60154999999995
7.734,2.6022499999999495,2.6309398467643756,2.666692873311272,2.6022499999999495
7.736,2.6029499999999492,2.6316398467643753,2.6673928733112717,2.6029499999999492
7.738,2.6036499999999494,2.632339846764375,2.6680928733112714,2.6036499999999494
7.74,2.604349999999949,2.633039846764375,2.668792873311271,2.604349999999949
7.742,2.605049999999949,2.633739846764375,2.6694928733112713,2.605049999999949
7.744,2.6057499999999485,2.6344398467643746,2.670192873311271,2.6057499999999485
7.746,2.6064499999999486,2.6351398467643743,2.6708928733112707,2.6064499999999486
7.748,2.6071499999999483,2.6358398467643744,2.6715928733112704,2.6071499999999483
7.75,2.607849999999948,2.636539846764374,2.6722928733112705,2.607849999999948
7.752,2.6085499999999477,2.637239846764374,2.6729928733112702,2.6085499999999477
7.754,2.609249999999948,2.6379398467643735,2.67369287331127,2.609249999999948
7.756,2.6099499999999476,2.6386398467643737,2.67439287331127,2.6099499999999476
7.758,2.6106499999999473,2.6393398467643734,2.6750928733112698,2.6106499999999473
7.76,2.611349999999947,2.640039846764373,2.6757928733112695,2.611349999999947
7.762,2.612049999999947,2.640739846764373,2.676492873311269,2.612049999999947
7.764,2.612749999999947,2.641439846764373,2.6771928733112693,2.612749999999947
7.766,2.6134499999999465,2.6421398467643726,2.677892873311269,2.6134499999999465
7.768,2.6141499999999467,2.6428398467643723,2.6785928733112687,2.6141499999999467
7.77,2.6148499999999464,2.6435398467643725,2.6792928733112684,2.6148499999999464
7.772,2.615549999999946,2.644239846764372,2.6799928733112686,2.615549999999946
7.774,2.616249999999946,2.644939846764372,2.6806928733112683,2.616249999999946
7.776,2.616949999999946,2.6456398467643716,2.681392873311268,2.616949999999946
7.778,2.6176499999999456,2.6463398467643717,2.6820928733112677,2.6176499999999456
7.78,2.6183499999999453,2.6470398467643714,2.682792873311268,2.6183499999999453
7.782,2.619049999999945,2.647739846764371,2.6834928733112675,2.619049999999945
7.784,2.619749999999945,2.648439846764371,2.684192873311267,2.619749999999945
7.786,2.620449999999945,2.649139846764371,2.684892873311267,2.620449999999945
7.788,2.6211499999999446,2.6498398467643707,2.685592873311267,2.6211499999999446
7.79,2.6218499999999443,2.6505398467643704,2.6862928733112668,2.6218499999999443
7.792,2.6225499999999444,2.65123984676437,2.6869928733112665,2.6225499999999444
7.794,2.623249999999944,2.6519398467643702,2.6876928733112666,2.623249999999944
7.796,2.623949999999944,2.65263984676437,2.6883928733112663,2.623949999999944
7.798,2.624649999999944,2.6533398467643696,2.689092873311266,2.624649999999944
7.8,2.6253499999999437,2.6540398467643693,2.6897928733112657,2.6253499999999437
7.802,2.6260499999999434,2.6547398467643695,2.690492873311266,2.6260499999999434
7.804,2.626749999999943,2.655439846764369,2.6911928733112656,2.626749999999943
7.806,2.627449999999943,2.656139846764369,2.6918928733112653,2.627449999999943
7.808,2.628149999999943,2.656839846764369,2.692592873311265,2.628149999999943
7.81,2.6288499999999426,2.6575398467643687,2.693292873311265,2.6288499999999426
7.812,2.6295499999999423,2.6582398467643684,2.693992873311265,2.6295499999999423
7.814,2.6302499999999425,2.658939846764368,2.6946928733112645,2.6302499999999425
7.816,2.630949999999942,2.6596398467643683,2.695392873311264,2.630949999999942
7.818,2.631649999999942,2.660339846764368,2.6960928733112643,2.631649999999942
7.82,2.6323499999999416,2.6610398467643677,2.696792873311264,2.6323499999999416
7.822,2.6330499999999417,2.6617398467643674,2.6974928733112638,2.6330499999999417
7.824,2.6337499999999414,2.6624398467643675,2.6981928733112635,2.6337499999999414
7.826,2.634449999999941,2.663139846764367,2.6988928733112636,2.634449999999941
7.828,2.635149999999941,2.663839846764367,2.6995928733112633,2.635149999999941
7.83,2.635849999999941,2.6645398467643666,2.700292873311263,2.635849999999941
7.832,2.6365499999999407,2.6652398467643668,2.700992873311263,2.6365499999999407
7.834,2.6372499999999404,2.6659398467643665,2.701692873311263,2.6372499999999404
7.836,2.6379499999999405,2.666639846764366,2.7023928733112625,2.6379499999999405
7.838,2.63864999999994,2.6673398467643663,2.7030928733112622,2.63864999999994
7.84,2.63934999999994,2.668039846764366,2.7037928733112624,2.63934999999994
7.842,2.6400499999999396,2.6687398467643657,2.704492873311262,2.6400499999999396
7.844,2.6407499999999398,2.6694398467643654,2.705192873311262,2.6407499999999398
7.846,2.6414499999999395,2.6701398467643656,2.7058928733112615,2.6414499999999395
7.848,2.642149999999939,2.6708398467643653,2.7065928733112616,2.642149999999939
7.85,2.642849999999939,2.671539846764365,2.7072928733112613,2.642849999999939
7.852,2.643549999999939,2.6722398467643647,2.707992873311261,2.643549999999939
7.854,2.6442499999999387,2.672939846764365,2.7086928733112607,2.6442499999999387
7.856,2.6449499999999384,2.6736398467643645,2.709392873311261,2.6449499999999384
7.858,2.645649999999938,2.674339846764364,2.7100928733112606,2.645649999999938
7.86,2.6463499999999383,2.675039846764364,2.7107928733112603,2.6463499999999383
7.862,2.647049999999938,2.675739846764364,2.7114928733112604,2.647049999999938
7.864,2.6477499999999377,2.6764398467643638,2.71219287331126,2.6477499999999377
7.866,2.6484499999999374,2.6771398467643635,2.71289287331126,2.6484499999999374
7.868,2.6491499999999375,2.677839846764363,2.7135928733112595,2.6491499999999375
7.87,2.649849999999937,2.6785398467643633,2.7142928733112597,2.649849999999937
7.872,2.650549999999937,2.679239846764363,2.7149928733112594,2.650549999999937
7.874,2.651249999999937,2.6799398467643627,2.715692873311259,2.651249999999937
7.876,2.6519499999999367,2.680639846764363,2.716392873311259,2.6519499999999367
7.878,2.6526499999999364,2.6813398467643625,2.717092873311259,2.6526499999999364
7.88,2.653349999999936,2.6820398467643622,2.7177928733112586,2.653349999999936
7.882,2.6540499999999363,2.682739846764362,2.7184928733112583,2.6540499999999363
7.884,2.654749999999936,2.683439846764362,2.719192873311258,2.654749999999936
7.886,2.6554499999999357,2.684139846764362,2.719892873311258,2.6554499999999357
7.888,2.6561499999999354,2.6848398467643615,2.720592873311258,2.6561499999999354
7.89,2.6568499999999355,2.685539846764361,2.7212928733112576,2.6568499999999355
7.892,2.6575499999999352,2.6862398467643613,2.7219928733112573,2.6575499999999352
7.894,2.658249999999935,2.686939846764361,2.7226928733112574,2.658249999999935
7.896,2.6589499999999346,2.6876398467643607,2.723392873311257,2.6589499999999346
7.898,2.659649999999935,2.6883398467643604,2.724092873311257,2.659649999999935
7.9,2.6603499999999345,2.6890398467643606,2.724792873311257,2.6603499999999345
7.902,2.661049999999934,2.6897398467643603,2.7254928733112567,2.661049999999934
7.904,2.6617499999999343,2.69043984676436,2.7261928733112564,2.6617499999999343
7.906,2.662449999999934,2.6911398467643597,2.726892873311256,2.662449999999934
7.908,2.6631499999999337,2.69183984676436,2.727592873311256,2.6631499999999337
7.91,2.6638499999999334,2.6925398467643595,2.728292873311256,2.6638499999999334
7.912,2.6645499999999336,2.6932398467643592,2.7289928733112556,2.6645499999999336
7.914,2.6652499999999333,2.6939398467643594,2.7296928733112553,2.6652499999999333
7.916,2.665949999999933,2.694639846764359,2.7303928733112555,2.665949999999933
7.918,2.6666499999999327,2.695339846764359,2.731092873311255,2.6666499999999327
7.92,2.667349999999933,2.6960398467643585,2.731792873311255,2.667349999999933
7.922,2.6680499999999325,2.6967398467643586,2.7324928733112546,2.6680499999999325
7.924,2.6687499999999322,2.6974398467643583,2.7331928733112547,2.6687499999999322
7.926,2.669449999999932,2.698139846764358,2.7338928733112544,2.669449999999932
7.928,2.670149999999932,2.6988398467643577,2.734592873311254,2.670149999999932
7.93,2.670849999999932,2.699539846764358,2.735292873311254,2.670849999999932
7.932,2.6715499999999315,2.7002398467643576,2.735992873311254,2.6715499999999315
7.934,2.672249999999931,2.7009398467643573,2.7366928733112537,2.672249999999931
7.936,2.6729499999999313,2.701639846764357,2.7373928733112534,2.6729499999999313
7.938,2.673649999999931,2.702339846764357,2.7380928733112535,2.673649999999931
7.94,2.6743499999999307,2.703039846764357,2.738792873311253,2.6743499999999307
7.942,2.675049999999931,2.7037398467643565,2.739492873311253,2.675049999999931
7.944,2.6757499999999306,2.7044398467643562,2.7401928733112526,2.6757499999999306
7.946,2.6764499999999303,2.7051398467643564,2.7408928733112528,2.6764499999999303
7.948,2.67714999999993,2.705839846764356,2.7415928733112525,2.67714999999993
7.95,2.67784999999993,2.7065398467643558,2.742292873311252,2.67784999999993
7.952,2.67854999999993,2.707239846764356,2.742992873311252,2.67854999999993
7.954,2.6792499999999295,2.7079398467643556,2.743692873311252,2.6792499999999295
7.956,2.6799499999999292,2.7086398467643553,2.7443928733112517,2.6799499999999292
7.958,2.6806499999999294,2.709339846764355,2.7450928733112514,2.6806499999999294
7.96,2.681349999999929,2.710039846764355,2.745792873311251,2.681349999999929
7.962,2.6820499999999288,2.710739846764355,2.7464928733112512,2.6820499999999288
7.964,2.6827499999999285,2.7114398467643546,2.747192873311251,2.6827499999999285
7.966,2.6834499999999286,2.7121398467643543,2.7478928733112506,2.6834499999999286
7.968,2.6841499999999283,2.7128398467643544,2.7485928733112504,2.6841499999999283
7.97,2.684849999999928,2.713539846764354,2.7492928733112505,2.684849999999928
7.972,2.6855499999999277,2.714239846764354,2.74999287331125,2.6855499999999277
7.974,2.686249999999928,2.7149398467643535,2.75069287331125,2.686249999999928
7.976,2.6869499999999276,2.7156398467643537,2.75139287331125,2.6869499999999276
7.978,2.6876499999999273,2.7163398467643534,2.7520928733112497,2.6876499999999273
7.98,2.6883499999999274,2.717039846764353,2.7527928733112494,2.6883499999999274
7.982,2.689049999999927,2.717739846764353,2.753492873311249,2.689049999999927
7.984,2.689749999999927,2.718439846764353,2.7541928733112493,2.689749999999927
7.986,2.6904499999999265,2.7191398467643526,2.754892873311249,2.6904499999999265
7.988,2.6911499999999267,2.7198398467643523,2.7555928733112487,2.6911499999999267
7.99,2.6918499999999264,2.7205398467643525,2.7562928733112484,2.6918499999999264
7.992,2.692549999999926,2.721239846764352,2.7569928733112485,2.692549999999926
7.994,2.6932499999999258,2.721939846764352,2.7576928733112482,2.6932499999999258
7.996,2.693949999999926,2.7226398467643516,2.758392873311248,2.693949999999926
7.998,2.6946499999999256,2.7233398467643517,2.7590928733112476,2.6946499999999256
8.0,2.6953499999999253,2.7240398467643514,2.759792873311248,2.6953499999999253
8.002,2.696049999999925,2.724739846764351,2.7604928733112475,2.696049999999925
8.004,2.696749999999925,2.725439846764351,2.761192873311247,2.696749999999925
8.006,2.697449999999925,2.726139846764351,2.7618928733112473,2.697449999999925
8.008,2.6981499999999246,2.7268398467643506,2.762592873311247,2.6981499999999246
8.01,2.6988499999999247,2.7275398467643504,2.7632928733112467,2.6988499999999247
8.012,2.6995499999999244,2.72823984676435,2.7639928733112464,2.6995499999999244
8.014,2.700249999999924,2.72893984676435,2.7646928733112466,2.700249999999924
8.016,2.700949999999924,2.72963984676435,2.7653928733112463,2.700949999999924
8.018,2.701649999999924,2.7303398467643496,2.766092873311246,2.701649999999924
8.02,2.7023499999999236,2.7310398467643497,2.7667928733112457,2.7023499999999236
8.022,2.7030499999999233,2.7317398467643494,2.767492873311246,2.7030499999999233
8.024,2.703749999999923,2.732439846764349,2.7681928733112455,2.703749999999923
8.026,2.704449999999923,2.733139846764349,2.7688928733112452,2.704449999999923
8.028,2.705149999999923,2.733839846764349,2.769592873311245,2.705149999999923
8.03,2.7058499999999226,2.7345398467643487,2.770292873311245,2.7058499999999226
8.032,2.7065499999999223,2.7352398467643484,2.7709928733112448,2.7065499999999223
8.034,2.7072499999999224,2.735939846764348,2.7716928733112445,2.7072499999999224
8.036,2.707949999999922,2.7366398467643482,2.772392873311244,2.707949999999922
8.038,2.708649999999922,2.737339846764348,2.7730928733112443,2.708649999999922
8.04,2.7093499999999215,2.7380398467643476,2.773792873311244,2.7093499999999215
8.042,2.7100499999999217,2.7387398467643473,2.7744928733112437,2.7100499999999217
8.044,2.7107499999999214,2.7394398467643475,2.775192873311244,2.7107499999999214
8.046,2.711449999999921,2.740139846764347,2.7758928733112436,2.711449999999921
8.048,2.7121499999999212,2.740839846764347,2.7765928733112433,2.7121499999999212
8.05,2.712849999999921,2.7415398467643466,2.777292873311243,2.712849999999921
8.052,2.7135499999999206,2.7422398467643467,2.777992873311243,2.7135499999999206
8.054,2.7142499999999203,2.7429398467643464,2.778692873311243,2.7142499999999203
8.056,2.7149499999999205,2.743639846764346,2.7793928733112425,2.7149499999999205
8.058,2.71564999999992,2.7443398467643463,2.780092873311242,2.71564999999992
8.06,2.71634999999992,2.745039846764346,2.7807928733112424,2.71634999999992
8.062,2.7170499999999196,2.7457398467643457,2.781492873311242,2.7170499999999196
8.064,2.7177499999999197,2.7464398467643454,2.7821928733112418,2.7177499999999197
8.066,2.7184499999999194,2.7471398467643455,2.7828928733112415,2.7184499999999194
8.068,2.719149999999919,2.7478398467643452,2.7835928733112416,2.719149999999919
8.07,2.719849999999919,2.748539846764345,2.7842928733112413,2.719849999999919
8.072,2.720549999999919,2.7492398467643446,2.784992873311241,2.720549999999919
8.074,2.7212499999999187,2.7499398467643448,2.7856928733112407,2.7212499999999187
8.076,2.7219499999999184,2.7506398467643445,2.786392873311241,2.7219499999999184
8.078,2.722649999999918,2.751339846764344,2.7870928733112406,2.722649999999918
8.08,2.7233499999999182,2.752039846764344,2.7877928733112403,2.7233499999999182
8.082,2.724049999999918,2.752739846764344,2.7884928733112404,2.724049999999918
8.084,2.7247499999999176,2.7534398467643437,2.78919287331124,2.7247499999999176
8.086,2.7254499999999178,2.7541398467643434,2.78989287331124,2.7254499999999178
8.088,2.7261499999999175,2.7548398467643436,2.7905928733112395,2.7261499999999175
8.09,2.726849999999917,2.7555398467643433,2.7912928733112397,2.726849999999917
8.092,2.727549999999917,2.756239846764343,2.7919928733112394,2.727549999999917
8.094,2.728249999999917,2.7569398467643427,2.792692873311239,2.728249999999917
8.096,2.7289499999999167,2.757639846764343,2.7933928733112388,2.7289499999999167
8.098,2.7296499999999164,2.7583398467643425,2.794092873311239,2.7296499999999164
8.1,2.730349999999916,2.759039846764342,2.7947928733112386,2.730349999999916
8.102,2.7310499999999163,2.759739846764342,2.7954928733112383,2.7310499999999163
8.104,2.731749999999916,2.760439846764342,2.796192873311238,2.731749999999916
8.106,2.7324499999999157,2.7611398467643418,2.796892873311238,2.7324499999999157
8.108,2.7331499999999154,2.7618398467643415,2.797592873311238,2.7331499999999154
8.11,2.7338499999999155,2.762539846764341,2.7982928733112375,2.7338499999999155
8.112,2.734549999999915,2.7632398467643413,2.7989928733112377,2.734549999999915
8.114,2.735249999999915,2.763939846764341,2.7996928733112374,2.735249999999915
8.116,2.7359499999999146,2.7646398467643407,2.800392873311237,2.7359499999999146
8.118,2.7366499999999148,2.7653398467643404,2.801092873311237,2.7366499999999148
8.12,2.7373499999999145,2.7660398467643406,2.801792873311237,2.7373499999999145
8.122,2.738049999999914,2.7667398467643403,2.8024928733112366,2.738049999999914
8.124,2.7387499999999143,2.76743984676434,2.8031928733112363,2.7387499999999143
8.126,2.739449999999914,2.76813984676434,2.803892873311236,2.739449999999914
8.128,2.7401499999999137,2.76883984676434,2.804592873311236,2.7401499999999137
8.13,2.7408499999999134,2.7695398467643395,2.805292873311236,2.7408499999999134
8.132,2.7415499999999136,2.770239846764339,2.8059928733112356,2.7415499999999136
8.134,2.7422499999999133,2.7709398467643394,2.8066928733112353,2.7422499999999133
8.136,2.742949999999913,2.771639846764339,2.8073928733112354,2.742949999999913
8.138,2.7436499999999127,2.7723398467643388,2.808092873311235,2.7436499999999127
8.14,2.744349999999913,2.7730398467643385,2.808792873311235,2.744349999999913
8.142,2.7450499999999125,2.7737398467643386,2.8094928733112345,2.7450499999999125
8.144,2.745749999999912,2.7744398467643383,2.8101928733112347,2.745749999999912
8.146,2.746449999999912,2.775139846764338,2.8108928733112344,2.746449999999912
8.148,2.747149999999912,2.7758398467643377,2.811592873311234,2.747149999999912
8.15,2.7478499999999118,2.776539846764338,2.8122928733112342,2.7478499999999118
8.152,2.7485499999999115,2.7772398467643375,2.812992873311234,2.7485499999999115
8.154,2.7492499999999116,2.7779398467643373,2.8136928733112336,2.7492499999999116
8.156,2.7499499999999113,2.778639846764337,2.8143928733112333,2.7499499999999113
8.158,2.750649999999911,2.779339846764337,2.8150928733112335,2.750649999999911
8.16,2.7513499999999107,2.780039846764337,2.815792873311233,2.7513499999999107
8.162,2.752049999999911,2.7807398467643365,2.816492873311233,2.752049999999911
8.164,2.7527499999999105,2.7814398467643366,2.8171928733112326,2.7527499999999105
8.166,2.7534499999999102,2.7821398467643363,2.8178928733112327,2.7534499999999102
8.168,2.75414999999991,2.782839846764336,2.8185928733112324,2.75414999999991
8.17,2.75484999999991,2.7835398467643357,2.819292873311232,2.75484999999991
8.172,2.75554999999991,2.784239846764336,2.819992873311232,2.75554999999991
8.174,2.7562499999999095,2.7849398467643356,2.820692873311232,2.7562499999999095
8.176,2.756949999999909,2.7856398467643353,2.8213928733112317,2.756949999999909
8.178,2.7576499999999093,2.786339846764335,2.8220928733112314,2.7576499999999093
8.18,2.758349999999909,2.787039846764335,2.822792873311231,2.758349999999909
8.182,2.7590499999999087,2.787739846764335,2.823492873311231,2.7590499999999087
8.184,2.7597499999999084,2.7884398467643345,2.824192873311231,2.7597499999999084
8.186,2.7604499999999086,2.7891398467643342,2.8248928733112306,2.7604499999999086
8.188,2.7611499999999083,2.7898398467643344,2.8255928733112308,2.7611499999999083
8.19,2.761849999999908,2.790539846764334,2.8262928733112305,2.761849999999908
8.192,2.762549999999908,2.791239846764334,2.82699287331123,2.762549999999908
8.194,2.763249999999908,2.7919398467643335,2.82769287331123,2.763249999999908
8.196,2.7639499999999075,2.7926398467643336,2.82839287331123,2.7639499999999075
8.198,2.7646499999999072,2.7933398467643333,2.8290928733112297,2.7646499999999072
8.2,2.7653499999999074,2.794039846764333,2.8297928733112294,2.7653499999999074
8.202,2.766049999999907,2.794739846764333,2.830492873311229,2.766049999999907
8.204,2.766749999999907,2.795439846764333,2.8311928733112293,2.766749999999907
8.206,2.7674499999999065,2.7961398467643326,2.831892873311229,2.7674499999999065
8.208,2.7681499999999066,2.7968398467643323,2.8325928733112287,2.7681499999999066
8.21,2.7688499999999063,2.7975398467643324,2.8332928733112284,2.7688499999999063
8.212,2.769549999999906,2.798239846764332,2.8339928733112285,2.769549999999906
8.214,2.7702499999999057,2.798939846764332,2.834692873311228,2.7702499999999057
8.216,2.770949999999906,2.7996398467643315,2.835392873311228,2.770949999999906
8.218,2.7716499999999056,2.8003398467643317,2.836092873311228,2.7716499999999056
8.22,2.7723499999999053,2.8010398467643314,2.8367928733112278,2.7723499999999053
8.222,2.773049999999905,2.801739846764331,2.8374928733112275,2.773049999999905
8.224,2.773749999999905,2.8024398467643308,2.838192873311227,2.773749999999905
8.226,2.774449999999905,2.803139846764331,2.8388928733112273,2.774449999999905
8.228,2.7751499999999045,2.8038398467643306,2.839592873311227,2.7751499999999045
8.23,2.7758499999999047,2.8045398467643303,2.8402928733112267,2.7758499999999047
8.232,2.7765499999999044,2.8052398467643305,2.8409928733112264,2.7765499999999044
8.234,2.777249999999904,2.80593984676433,2.8416928733112266,2.777249999999904
8.236,2.7779499999999038,2.80663984676433,2.8423928733112263,2.7779499999999038
8.238,2.778649999999904,2.8073398467643296,2.843092873311226,2.778649999999904
8.24,2.7793499999999036,2.8080398467643297,2.8437928733112257,2.7793499999999036
8.242,2.7800499999999033,2.8087398467643294,2.844492873311226,2.7800499999999033
8.244,2.780749999999903,2.809439846764329,2.8451928733112255,2.780749999999903
8.246,2.781449999999903,2.810139846764329,2.845892873311225,2.781449999999903
8.248,2.782149999999903,2.810839846764329,2.846592873311225,2.782149999999903
8.25,2.7828499999999026,2.8115398467643287,2.847292873311225,2.7828499999999026
8.252,2.7835499999999023,2.8122398467643284,2.8479928733112247,2.7835499999999023
8.254,2.7842499999999024,2.812939846764328,2.8486928733112244,2.7842499999999024
8.256,2.784949999999902,2.813639846764328,2.8493928733112246,2.784949999999902
8.258,2.785649999999902,2.814339846764328,2.8500928733112243,2.785649999999902
8.26,2.786349999999902,2.8150398467643276,2.850792873311224,2.786349999999902
8.262,2.7870499999999017,2.8157398467643273,2.8514928733112237,2.7870499999999017
8.264,2.7877499999999014,2.8164398467643275,2.852192873311224,2.7877499999999014
8.266,2.788449999999901,2.817139846764327,2.8528928733112235,2.788449999999901
8.268,2.789149999999901,2.817839846764327,2.8535928733112232,2.789149999999901
8.27,2.789849999999901,2.818539846764327,2.854292873311223,2.789849999999901
8.272,2.7905499999999006,2.8192398467643267,2.854992873311223,2.7905499999999006
8.274,2.7912499999999003,2.8199398467643264,2.855692873311223,2.7912499999999003
8.276,2.7919499999999005,2.820639846764326,2.8563928733112225,2.7919499999999005
8.278,2.7926499999999,2.8213398467643263,2.857092873311222,2.7926499999999
8.28,2.7933499999999,2.822039846764326,2.8577928733112223,2.7933499999999
8.282,2.7940499999998996,2.8227398467643257,2.858492873311222,2.7940499999998996
8.284,2.7947499999998997,2.8234398467643254,2.8591928733112217,2.7947499999998997
8.286,2.7954499999998994,2.8241398467643255,2.8598928733112214,2.7954499999998994
8.288,2.796149999999899,2.824839846764325,2.8605928733112216,2.796149999999899
8.29,2.796849999999899,2.825539846764325,2.8612928733112213,2.796849999999899
8.292,2.797549999999899,2.8262398467643246,2.861992873311221,2.797549999999899
8.294,2.7982499999998987,2.8269398467643247,2.862692873311221,2.7982499999998987
8.296,2.7989499999998984,2.8276398467643244,2.863392873311221,2.7989499999998984
8.298,2.7996499999998985,2.828339846764324,2.8640928733112205,2.7996499999998985
8.3,2.800349999999898,2.829039846764324,2.8647928733112202,2.800349999999898
8.302,2.801049999999898,2.829739846764324,2.8654928733112204,2.801049999999898
8.304,2.8017499999998976,2.8304398467643237,2.86619287331122,2.8017499999998976
8.306,2.8024499999998977,2.8311398467643234,2.86689287331122,2.8024499999998977
8.308,2.8031499999998974,2.8318398467643235,2.8675928733112195,2.8031499999998974
8.31,2.803849999999897,2.8325398467643232,2.8682928733112196,2.803849999999897
8.312,2.804549999999897,2.833239846764323,2.8689928733112193,2.804549999999897
8.314,2.805249999999897,2.8339398467643226,2.869692873311219,2.805249999999897
8.316,2.8059499999998967,2.834639846764323,2.8703928733112187,2.8059499999998967
8.318,2.8066499999998964,2.8353398467643225,2.871092873311219,2.8066499999998964
8.32,2.807349999999896,2.836039846764322,2.8717928733112186,2.807349999999896
8.322,2.8080499999998962,2.836739846764322,2.8724928733112183,2.8080499999998962
8.324,2.808749999999896,2.837439846764322,2.873192873311218,2.808749999999896
8.326,2.8094499999998956,2.8381398467643217,2.873892873311218,2.8094499999998956
8.328,2.8101499999998953,2.8388398467643214,2.874592873311218,2.8101499999998953
8.33,2.8108499999998955,2.839539846764321,2.8752928733112175,2.8108499999998955
8.332,2.811549999999895,2.8402398467643213,2.8759928733112177,2.811549999999895
8.334,2.812249999999895,2.840939846764321,2.8766928733112174,2.812249999999895
8.336,2.812949999999895,2.8416398467643207,2.877392873311217,2.812949999999895
8.338,2.8136499999998947,2.842339846764321,2.8780928733112168,2.8136499999998947
8.34,2.8143499999998944,2.8430398467643205,2.878792873311217,2.8143499999998944
8.342,2.815049999999894,2.8437398467643202,2.8794928733112166,2.815049999999894
8.344,2.8157499999998943,2.84443984676432,2.8801928733112163,2.8157499999998943
8.346,2.816449999999894,2.84513984676432,2.880892873311216,2.816449999999894
8.348,2.8171499999998937,2.84583984676432,2.881592873311216,2.8171499999998937
8.35,2.8178499999998934,2.8465398467643195,2.882292873311216,2.8178499999998934
8.352,2.8185499999998935,2.847239846764319,2.8829928733112156,2.8185499999998935
8.354,2.8192499999998932,2.8479398467643193,2.8836928733112153,2.8192499999998932
8.356,2.819949999999893,2.848639846764319,2.8843928733112154,2.819949999999893
8.358,2.8206499999998926,2.8493398467643187,2.885092873311215,2.8206499999998926
8.36,2.8213499999998928,2.8500398467643184,2.885792873311215,2.8213499999998928
8.362,2.8220499999998925,2.8507398467643186,2.886492873311215,2.8220499999998925
8.364,2.822749999999892,2.8514398467643183,2.8871928733112147,2.822749999999892
8.366,2.8234499999998923,2.852139846764318,2.8878928733112144,2.8234499999998923
8.368,2.824149999999892,2.8528398467643177,2.888592873311214,2.824149999999892
8.37,2.8248499999998917,2.853539846764318,2.889292873311214,2.8248499999998917
8.372,2.8255499999998914,2.8542398467643175,2.889992873311214,2.8255499999998914
8.374,2.8262499999998916,2.8549398467643172,2.8906928733112136,2.8262499999998916
8.376,2.8269499999998913,2.8556398467643174,2.8913928733112133,2.8269499999998913
8.378,2.827649999999891,2.856339846764317,2.8920928733112135,2.827649999999891
8.38,2.8283499999998907,2.8570398467643168,2.892792873311213,2.8283499999998907
8.382,2.829049999999891,2.8577398467643165,2.893492873311213,2.829049999999891
8.384,2.8297499999998905,2.8584398467643166,2.8941928733112126,2.8297499999998905
8.386,2.83044999999989,2.8591398467643163,2.8948928733112127,2.83044999999989
8.388,2.83114999999989,2.859839846764316,2.8955928733112124,2.83114999999989
8.39,2.83184999999989,2.8605398467643157,2.896292873311212,2.83184999999989
8.392,2.8325499999998898,2.861239846764316,2.896992873311212,2.8325499999998898
8.394,2.8332499999998895,2.8619398467643156,2.897692873311212,2.8332499999998895
8.396,2.833949999999889,2.8626398467643153,2.8983928733112116,2.833949999999889
8.398,2.8346499999998893,2.863339846764315,2.8990928733112113,2.8346499999998893
8.4,2.835349999999889,2.864039846764315,2.8997928733112115,2.835349999999889
8.402,2.8360499999998887,2.864739846764315,2.900492873311211,2.8360499999998887
8.404,2.836749999999889,2.8654398467643145,2.901192873311211,2.836749999999889
8.406,2.8374499999998886,2.866139846764314,2.9018928733112106,2.8374499999998886
8.408,2.8381499999998883,2.8668398467643144,2.9025928733112107,2.8381499999998883
8.41,2.838849999999888,2.867539846764314,2.9032928733112104,2.838849999999888
8.412,2.839549999999888,2.8682398467643138,2.90399287331121,2.839549999999888
8.414,2.840249999999888,2.868939846764314,2.90469287331121,2.840249999999888
8.416,2.8409499999998875,2.8696398467643136,2.90539287331121,2.8409499999998875
8.418,2.841649999999887,2.8703398467643133,2.9060928733112097,2.841649999999887
8.42,2.8423499999998874,2.871039846764313,2.9067928733112094,2.8423499999998874
8.422,2.843049999999887,2.871739846764313,2.907492873311209,2.843049999999887
8.424,2.8437499999998868,2.872439846764313,2.9081928733112092,2.8437499999998868
8.426,2.8444499999998865,2.8731398467643126,2.908892873311209,2.8444499999998865
8.428,2.8451499999998866,2.8738398467643123,2.9095928733112086,2.8451499999998866
8.43,2.8458499999998863,2.8745398467643124,2.9102928733112083,2.8458499999998863
8.432,2.846549999999886,2.875239846764312,2.9109928733112085,2.846549999999886
8.434,2.8472499999998857,2.875939846764312,2.911692873311208,2.8472499999998857
8.436,2.847949999999886,2.8766398467643115,2.912392873311208,2.847949999999886
8.438,2.8486499999998856,2.8773398467643116,2.913092873311208,2.8486499999998856
8.44,2.8493499999998853,2.8780398467643113,2.9137928733112077,2.8493499999998853
8.442,2.8500499999998854,2.878739846764311,2.9144928733112074,2.8500499999998854
8.444,2.850749999999885,2.879439846764311,2.915192873311207,2.850749999999885
8.446,2.851449999999885,2.880139846764311,2.9158928733112073,2.851449999999885
8.448,2.8521499999998845,2.8808398467643106,2.916592873311207,2.8521499999998845
8.45,2.8528499999998846,2.8815398467643103,2.9172928733112067,2.8528499999998846
8.452,2.8535499999998843,2.8822398467643104,2.9179928733112064,2.8535499999998843
8.454,2.854249999999884,2.88293984676431,2.9186928733112065,2.854249999999884
8.456,2.8549499999998837,2.88363984676431,2.9193928733112062,2.8549499999998837
8.458,2.855649999999884,2.8843398467643095,2.920092873311206,2.855649999999884
8.46,2.8563499999998836,2.8850398467643097,2.9207928733112056,2.8563499999998836
8.462,2.8570499999998833,2.8857398467643094,2.9214928733112058,2.8570499999998833
8.464,2.857749999999883,2.886439846764309,2.9221928733112055,2.857749999999883
8.466,2.858449999999883,2.887139846764309,2.922892873311205,2.858449999999883
8.468,2.859149999999883,2.887839846764309,2.9235928733112053,2.859149999999883
8.47,2.8598499999998825,2.8885398467643086,2.924292873311205,2.8598499999998825
8.472,2.8605499999998822,2.8892398467643083,2.9249928733112047,2.8605499999998822
8.474,2.8612499999998824,2.889939846764308,2.9256928733112044,2.8612499999998824
8.476,2.861949999999882,2.890639846764308,2.9263928733112046,2.861949999999882
8.478,2.862649999999882,2.891339846764308,2.9270928733112043,2.862649999999882
8.48,2.863349999999882,2.8920398467643076,2.927792873311204,2.863349999999882
8.482,2.8640499999998816,2.8927398467643077,2.9284928733112037,2.8640499999998816
8.484,2.8647499999998813,2.8934398467643074,2.929192873311204,2.8647499999998813
8.486,2.865449999999881,2.894139846764307,2.9298928733112035,2.865449999999881
8.488,2.866149999999881,2.894839846764307,2.930592873311203,2.866149999999881
8.49,2.866849999999881,2.895539846764307,2.931292873311203,2.866849999999881
8.492,2.8675499999998806,2.8962398467643067,2.931992873311203,2.8675499999998806
8.494,2.8682499999998803,2.8969398467643064,2.9326928733112028,2.8682499999998803
8.496,2.8689499999998804,2.897639846764306,2.9333928733112025,2.8689499999998804
8.498,2.86964999999988,2.8983398467643062,2.934092873311202,2.86964999999988
8.5,2.87034999999988,2.899039846764306,2.9347928733112023,2.87034999999988
8.502,2.8710499999998795,2.8997398467643056,2.935492873311202,2.8710499999998795
8.504,2.8717499999998797,2.9004398467643053,2.9361928733112017,2.8717499999998797
8.506,2.8724499999998794,2.9011398467643055,2.936892873311202,2.8724499999998794
8.508,2.873149999999879,2.901839846764305,2.9375928733112016,2.873149999999879
8.51,2.8738499999998792,2.902539846764305,2.9382928733112013,2.8738499999998792
8.512,2.874549999999879,2.9032398467643046,2.938992873311201,2.874549999999879
8.514,2.8752499999998786,2.9039398467643047,2.939692873311201,2.8752499999998786
8.516,2.8759499999998783,2.9046398467643044,2.940392873311201,2.8759499999998783
8.518,2.8766499999998785,2.905339846764304,2.9410928733112005,2.8766499999998785
8.52,2.877349999999878,2.9060398467643043,2.9417928733112,2.877349999999878
8.522,2.878049999999878,2.906739846764304,2.9424928733112004,2.878049999999878
8.524,2.8787499999998776,2.9074398467643037,2.9431928733112,2.8787499999998776
8.526,2.8794499999998777,2.9081398467643034,2.9438928733111998,2.8794499999998777
8.528,2.8801499999998774,2.9088398467643035,2.9445928733111995,2.8801499999998774
8.53,2.880849999999877,2.909539846764303,2.9452928733111996,2.880849999999877
8.532,2.881549999999877,2.910239846764303,2.9459928733111993,2.881549999999877
8.534,2.882249999999877,2.9109398467643026,2.946692873311199,2.882249999999877
8.536,2.8829499999998767,2.9116398467643028,2.9473928733111987,2.8829499999998767
8.538,2.8836499999998764,2.9123398467643025,2.948092873311199,2.8836499999998764
8.54,2.884349999999876,2.913039846764302,2.9487928733111985,2.884349999999876
8.542,2.885049999999876,2.913739846764302,2.9494928733111982,2.885049999999876
8.544,2.885749999999876,2.914439846764302,2.9501928733111984,2.885749999999876
8.546,2.8864499999998756,2.9151398467643017,2.950892873311198,2.8864499999998756
8.548,2.8871499999998758,2.9158398467643014,2.951592873311198,2.8871499999998758
8.55,2.8878499999998755,2.916539846764301,2.9522928733111975,2.8878499999998755
8.552,2.888549999999875,2.9172398467643013,2.9529928733111976,2.888549999999875
8.554,2.889249999999875,2.917939846764301,2.9536928733111973,2.889249999999875
8.556,2.889949999999875,2.9186398467643007,2.954392873311197,2.889949999999875
8.558,2.8906499999998747,2.919339846764301,2.9550928733111967,2.8906499999998747
8.56,2.8913499999998744,2.9200398467643005,2.955792873311197,2.8913499999998744
8.562,2.892049999999874,2.9207398467643,2.9564928733111966,2.892049999999874
8.564,2.8927499999998743,2.9214398467643,2.9571928733111963,2.8927499999998743
8.566,2.893449999999874,2.9221398467643,2.957892873311196,2.893449999999874
8.568,2.8941499999998737,2.9228398467642998,2.958592873311196,2.8941499999998737
8.57,2.8948499999998734,2.9235398467642995,2.959292873311196,2.8948499999998734
8.572,2.8955499999998735,2.924239846764299,2.9599928733111955,2.8955499999998735
8.574,2.896249999999873,2.9249398467642993,2.9606928733111952,2.896249999999873
8.576,2.896949999999873,2.925639846764299,2.9613928733111954,2.896949999999873
8.578,2.8976499999998726,2.9263398467642987,2.962092873311195,2.8976499999998726
8.58,2.8983499999998728,2.9270398467642984,2.962792873311195,2.8983499999998728
8.582,2.8990499999998725,2.9277398467642985,2.963492873311195,2.8990499999998725
8.584,2.899749999999872,2.9284398467642982,2.9641928733111946,2.899749999999872
8.586,2.9004499999998723,2.929139846764298,2.9648928733111943,2.9004499999998723
8.588,2.901149999999872,2.929839846764298,2.965592873311194,2.901149999999872
8.59,2.9018499999998717,2.930539846764298,2.966292873311194,2.9018499999998717
8.592,2.9025499999998714,2.9312398467642975,2.966992873311194,2.9025499999998714
8.594,2.9032499999998715,2.931939846764297,2.9676928733111936,2.9032499999998715
8.596,2.9039499999998712,2.9326398467642973,2.9683928733111933,2.9039499999998712
8.598,2.904649999999871,2.933339846764297,2.9690928733111934,2.904649999999871
8.6,2.9053499999998706,2.9340398467642967,2.969792873311193,2.9053499999998706
8.602,2.906049999999871,2.9347398467642964,2.970492873311193,2.906049999999871
8.604,2.9067499999998705,2.9354398467642966,2.9711928733111925,2.9067499999998705
8.606,2.90744999999987,2.9361398467642963,2.9718928733111927,2.90744999999987
8.608,2.90814999999987,2.936839846764296,2.9725928733111924,2.90814999999987
8.61,2.90884999999987,2.9375398467642957,2.973292873311192,2.90884999999987
8.612,2.9095499999998697,2.938239846764296,2.973992873311192,2.9095499999998697
8.614,2.9102499999998694,2.9389398467642955,2.974692873311192,2.9102499999998694
8.616,2.9109499999998696,2.9396398467642952,2.9753928733111916,2.9109499999998696
8.618,2.9116499999998693,2.940339846764295,2.9760928733111913,2.9116499999998693
8.62,2.912349999999869,2.941039846764295,2.9767928733111915,2.912349999999869
8.622,2.9130499999998687,2.941739846764295,2.977492873311191,2.9130499999998687
8.624,2.913749999999869,2.9424398467642945,2.978192873311191,2.913749999999869
8.626,2.9144499999998685,2.9431398467642946,2.9788928733111906,2.9144499999998685
8.628,2.9151499999998682,2.9438398467642943,2.9795928733111907,2.9151499999998682
8.63,2.915849999999868,2.944539846764294,2.9802928733111904,2.915849999999868
8.632,2.916549999999868,2.9452398467642937,2.98099287331119,2.916549999999868
8.634,2.917249999999868,2.945939846764294,2.98169287331119,2.917249999999868
8.636,2.9179499999998675,2.9466398467642936,2.98239287331119,2.9179499999998675
8.638,2.918649999999867,2.9473398467642933,2.9830928733111897,2.918649999999867
8.64,2.9193499999998673,2.948039846764293,2.9837928733111894,2.9193499999998673
8.642,2.920049999999867,2.948739846764293,2.984492873311189,2.920049999999867
8.644,2.9207499999998667,2.949439846764293,2.985192873311189,2.9207499999998667
8.646,2.9214499999998664,2.9501398467642925,2.985892873311189,2.9214499999998664
8.648,2.9221499999998666,2.9508398467642922,2.9865928733111886,2.9221499999998666
8.65,2.9228499999998663,2.9515398467642924,2.9872928733111888,2.9228499999998663
8.652,2.923549999999866,2.952239846764292,2.9879928733111885,2.923549999999866
8.654,2.924249999999866,2.9529398467642918,2.988692873311188,2.924249999999866
8.656,2.924949999999866,2.9536398467642915,2.989392873311188,2.924949999999866
8.658,2.9256499999998655,2.9543398467642916,2.990092873311188,2.9256499999998655
8.66,2.9263499999998652,2.9550398467642913,2.9907928733111877,2.9263499999998652
8.662,2.9270499999998654,2.955739846764291,2.9914928733111874,2.9270499999998654
8.664,2.927749999999865,2.956439846764291,2.992192873311187,2.927749999999865
8.666,2.9284499999998648,2.957139846764291,2.9928928733111873,2.9284499999998648
8.668,2.9291499999998645,2.9578398467642906,2.993592873311187,2.9291499999998645
8.67,2.9298499999998646,2.9585398467642903,2.9942928733111867,2.9298499999998646
8.672,2.9305499999998643,2.9592398467642904,2.9949928733111864,2.9305499999998643
8.674,2.931249999999864,2.95993984676429,2.9956928733111865,2.931249999999864
8.676,2.9319499999998637,2.96063984676429,2.996392873311186,2.9319499999998637
8.678,2.932649999999864,2.9613398467642895,2.997092873311186,2.932649999999864
8.68,2.9333499999998636,2.9620398467642897,2.9977928733111856,2.9333499999998636
8.682,2.9340499999998633,2.9627398467642894,2.9984928733111857,2.9340499999998633
8.684,2.934749999999863,2.963439846764289,2.9991928733111854,2.934749999999863
8.686,2.935449999999863,2.9641398467642888,2.999892873311185,2.935449999999863
8.688,2.936149999999863,2.964839846764289,3.0005928733111853,2.936149999999863
8.69,2.9368499999998625,2.9655398467642886,3.001292873311185,2.9368499999998625
8.692,2.9375499999998627,2.9662398467642883,3.0019928733111847,2.9375499999998627
8.694,2.9382499999998624,2.9669398467642885,3.0026928733111844,2.9382499999998624
8.696,2.938949999999862,2.967639846764288,3.0033928733111845,2.938949999999862
8.698,2.9396499999998618,2.968339846764288,3.0040928733111842,2.9396499999998618
8.7,2.940349999999862,2.9690398467642876,3.004792873311184,2.940349999999862
8.702,2.9410499999998616,2.9697398467642877,3.0054928733111836,2.9410499999998616
8.704,2.9417499999998613,2.9704398467642874,3.006192873311184,2.9417499999998613
8.706,2.942449999999861,2.971139846764287,3.0068928733111835,2.942449999999861
8.708,2.943149999999861,2.971839846764287,3.007592873311183,2.943149999999861
8.71,2.943849999999861,2.972539846764287,3.008292873311183,2.943849999999861
8.712,2.9445499999998606,2.9732398467642867,3.008992873311183,2.9445499999998606
8.714,2.9452499999998603,2.9739398467642864,3.0096928733111827,2.9452499999998603
8.716,2.9459499999998604,2.974639846764286,3.0103928733111824,2.9459499999998604
8.718,2.94664999999986,2.975339846764286,3.0110928733111826,2.94664999999986
8.72,2.94734999999986,2.976039846764286,3.0117928733111823,2.94734999999986
8.722,2.9480499999998595,2.9767398467642856,3.012492873311182,2.9480499999998595
8.724,2.9487499999998597,2.9774398467642853,3.0131928733111817,2.9487499999998597
8.726,2.9494499999998594,2.9781398467642854,3.013892873311182,2.9494499999998594
8.728,2.950149999999859,2.978839846764285,3.0145928733111815,2.950149999999859
8.73,2.950849999999859,2.979539846764285,3.0152928733111812,2.950849999999859
8.732,2.951549999999859,2.980239846764285,3.015992873311181,2.951549999999859
8.734,2.9522499999998586,2.9809398467642847,3.016692873311181,2.9522499999998586
8.736,2.9529499999998583,2.9816398467642844,3.017392873311181,2.9529499999998583
8.738,2.9536499999998584,2.982339846764284,3.0180928733111805,2.9536499999998584
8.74,2.954349999999858,2.9830398467642842,3.01879287331118,2.954349999999858
8.742,2.955049999999858,2.983739846764284,3.0194928733111803,2.955049999999858
8.744,2.9557499999998575,2.9844398467642836,3.02019287331118,2.9557499999998575
8.746,2.9564499999998577,2.9851398467642833,3.0208928733111797,2.9564499999998577
8.748,2.9571499999998574,2.9858398467642835,3.0215928733111794,2.9571499999998574
8.75,2.957849999999857,2.986539846764283,3.0222928733111796,2.957849999999857
8.752,2.958549999999857,2.987239846764283,3.0229928733111793,2.958549999999857
8.754,2.959249999999857,2.9879398467642826,3.023692873311179,2.959249999999857
8.756,2.9599499999998566,2.9886398467642827,3.024392873311179,2.9599499999998566
8.758,2.9606499999998563,2.9893398467642824,3.025092873311179,2.9606499999998563
8.76,2.9613499999998565,2.990039846764282,3.0257928733111785,2.9613499999998565
8.762,2.962049999999856,2.990739846764282,3.0264928733111782,2.962049999999856
8.764,2.962749999999856,2.991439846764282,3.0271928733111784,2.962749999999856
8.766,2.9634499999998556,2.9921398467642817,3.027892873311178,2.9634499999998556
8.768,2.9641499999998557,2.9928398467642814,3.0285928733111778,2.9641499999998557
8.77,2.9648499999998554,2.9935398467642815,3.0292928733111775,2.9648499999998554
8.772,2.965549999999855,2.9942398467642812,3.0299928733111776,2.965549999999855
8.774,2.966249999999855,2.994939846764281,3.0306928733111773,2.966249999999855
8.776,2.966949999999855,2.9956398467642806,3.031392873311177,2.966949999999855
8.778,2.9676499999998547,2.996339846764281,3.0320928733111767,2.9676499999998547
8.78,2.9683499999998544,2.9970398467642805,3.032792873311177,2.9683499999998544
8.782,2.969049999999854,2.99773984676428,3.0334928733111766,2.969049999999854
8.784,2.9697499999998542,2.99843984676428,3.0341928733111763,2.9697499999998542
8.786,2.970449999999854,2.99913984676428,3.034892873311176,2.970449999999854
8.788,2.9711499999998536,2.9998398467642797,3.035592873311176,2.9711499999998536
8.79,2.9718499999998533,3.0005398467642794,3.036292873311176,2.9718499999998533
8.792,2.9725499999998535,3.001239846764279,3.0369928733111755,2.9725499999998535
8.794,2.973249999999853,3.0019398467642793,3.0376928733111757,2.973249999999853
8.796,2.973949999999853,3.002639846764279,3.0383928733111754,2.973949999999853
8.798,2.974649999999853,3.0033398467642787,3.039092873311175,2.974649999999853
8.8,2.9753499999998527,3.004039846764279,3.0397928733111748,2.9753499999998527
8.802,2.9760499999998524,3.0047398467642785,3.040492873311175,2.9760499999998524
8.804,2.976749999999852,3.0054398467642782,3.0411928733111746,2.976749999999852
8.806,2.9774499999998523,3.006139846764278,3.0418928733111743,2.9774499999998523
8.808,2.978149999999852,3.006839846764278,3.042592873311174,2.978149999999852
8.81,2.9788499999998517,3.0075398467642778,3.043292873311174,2.9788499999998517
8.812,2.9795499999998514,3.0082398467642775,3.043992873311174,2.9795499999998514
8.814,2.9802499999998515,3.008939846764277,3.0446928733111736,2.9802499999998515
8.816,2.980949999999851,3.0096398467642773,3.0453928733111733,2.980949999999851
8.818,2.981649999999851,3.010339846764277,3.0460928733111734,2.981649999999851
8.82,2.9823499999998506,3.0110398467642767,3.046792873311173,2.9823499999998506
8.822,2.9830499999998508,3.0117398467642764,3.047492873311173,2.9830499999998508
8.824,2.9837499999998505,3.0124398467642766,3.048192873311173,2.9837499999998505
8.826,2.98444999999985,3.0131398467642763,3.0488928733111726,2.98444999999985
8.828,2.98514999999985,3.013839846764276,3.0495928733111723,2.98514999999985
8.83,2.98584999999985,3.0145398467642757,3.050292873311172,2.98584999999985
8.832,2.9865499999998497,3.015239846764276,3.050992873311172,2.9865499999998497
8.834,2.9872499999998494,3.0159398467642755,3.051692873311172,2.9872499999998494
8.836,2.9879499999998496,3.016639846764275,3.0523928733111716,2.9879499999998496
8.838,2.9886499999998493,3.0173398467642754,3.0530928733111713,2.9886499999998493
8.84,2.989349999999849,3.018039846764275,3.0537928733111714,2.989349999999849
8.842,2.9900499999998487,3.0187398467642748,3.054492873311171,2.9900499999998487
8.844,2.990749999999849,3.0194398467642745,3.055192873311171,2.990749999999849
8.846,2.9914499999998485,3.0201398467642746,3.0558928733111705,2.9914499999998485
8.848,2.992149999999848,3.0208398467642743,3.0565928733111707,2.992149999999848
8.85,2.992849999999848,3.021539846764274,3.0572928733111704,2.992849999999848
8.852,2.993549999999848,3.0222398467642737,3.05799287331117,2.993549999999848
8.854,2.9942499999998478,3.022939846764274,3.05869287331117,2.9942499999998478
8.856,2.9949499999998475,3.0236398467642736,3.05939287331117,2.9949499999998475
8.858,2.995649999999847,3.0243398467642733,3.0600928733111696,2.995649999999847
8.86,2.9963499999998473,3.025039846764273,3.0607928733111693,2.9963499999998473
8.862,2.997049999999847,3.025739846764273,3.0614928733111695,2.997049999999847
8.864,2.9977499999998467,3.026439846764273,3.062192873311169,2.9977499999998467
8.866,2.998449999999847,3.0271398467642725,3.062892873311169,2.998449999999847
8.868,2.9991499999998465,3.027839846764272,3.0635928733111686,2.9991499999998465
8.87,2.9998499999998463,3.0285398467642723,3.0642928733111687,2.9998499999998463
8.872,3.000549999999846,3.029239846764272,3.0649928733111684,3.000549999999846
8.874,3.001249999999846,3.0299398467642717,3.065692873311168,3.001249999999846
8.876,3.001949999999846,3.030639846764272,3.066392873311168,3.001949999999846
8.878,3.0026499999998455,3.0313398467642716,3.067092873311168,3.0026499999998455
8.88,3.003349999999845,3.0320398467642713,3.0677928733111677,3.003349999999845
8.882,3.0040499999998453,3.032739846764271,3.0684928733111674,3.0040499999998453
8.884,3.004749999999845,3.033439846764271,3.069192873311167,3.004749999999845
8.886,3.0054499999998447,3.034139846764271,3.0698928733111672,3.0054499999998447
8.888,3.0061499999998444,3.0348398467642705,3.070592873311167,3.0061499999998444
8.89,3.0068499999998446,3.0355398467642702,3.0712928733111666,3.0068499999998446
8.892,3.0075499999998443,3.0362398467642704,3.0719928733111663,3.0075499999998443
8.894,3.008249999999844,3.03693984676427,3.0726928733111665,3.008249999999844
8.896,3.0089499999998437,3.03763984676427,3.073392873311166,3.0089499999998437
8.898,3.009649999999844,3.0383398467642695,3.074092873311166,3.009649999999844
8.9,3.0103499999998435,3.0390398467642696,3.074792873311166,3.0103499999998435
8.902,3.0110499999998432,3.0397398467642693,3.0754928733111657,3.0110499999998432
8.904,3.0117499999998434,3.040439846764269,3.0761928733111654,3.0117499999998434
8.906,3.012449999999843,3.0411398467642687,3.076892873311165,3.012449999999843
8.908,3.013149999999843,3.041839846764269,3.0775928733111653,3.013149999999843
8.91,3.0138499999998425,3.0425398467642686,3.078292873311165,3.0138499999998425
8.912,3.0145499999998426,3.0432398467642683,3.0789928733111647,3.0145499999998426
8.914,3.0152499999998423,3.0439398467642684,3.0796928733111644,3.0152499999998423
8.916,3.015949999999842,3.044639846764268,3.0803928733111645,3.015949999999842
8.918,3.0166499999998417,3.045339846764268,3.081092873311164,3.0166499999998417
8.92,3.017349999999842,3.0460398467642675,3.081792873311164,3.017349999999842
8.922,3.0180499999998416,3.0467398467642677,3.0824928733111636,3.0180499999998416
8.924,3.0187499999998413,3.0474398467642674,3.0831928733111638,3.0187499999998413
8.926,3.019449999999841,3.048139846764267,3.0838928733111635,3.019449999999841
8.928,3.020149999999841,3.048839846764267,3.084592873311163,3.020149999999841
8.93,3.020849999999841,3.049539846764267,3.085292873311163,3.020849999999841
8.932,3.0215499999998405,3.0502398467642666,3.085992873311163,3.0215499999998405
8.934,3.0222499999998402,3.0509398467642663,3.0866928733111627,3.0222499999998402
8.936,3.0229499999998404,3.051639846764266,3.0873928733111624,3.0229499999998404
8.938,3.02364999999984,3.052339846764266,3.0880928733111626,3.02364999999984
8.94,3.0243499999998398,3.053039846764266,3.0887928733111623,3.0243499999998398
8.942,3.02504999999984,3.0537398467642656,3.089492873311162,3.02504999999984
8.944,3.0257499999998396,3.0544398467642657,3.0901928733111617,3.0257499999998396
8.946,3.0264499999998393,3.0551398467642654,3.090892873311162,3.0264499999998393
8.948,3.027149999999839,3.055839846764265,3.0915928733111615,3.027149999999839
8.95,3.027849999999839,3.056539846764265,3.092292873311161,3.027849999999839
8.952,3.028549999999839,3.057239846764265,3.092992873311161,3.028549999999839
8.954,3.0292499999998386,3.0579398467642647,3.093692873311161,3.0292499999998386
8.956,3.0299499999998383,3.0586398467642644,3.0943928733111608,3.0299499999998383
8.958,3.0306499999998384,3.059339846764264,3.0950928733111605,3.0306499999998384
8.96,3.031349999999838,3.060039846764264,3.09579287331116,3.031349999999838
8.962,3.032049999999838,3.060739846764264,3.0964928733111603,3.032049999999838
8.964,3.0327499999998375,3.0614398467642636,3.09719287331116,3.0327499999998375
8.966,3.0334499999998377,3.0621398467642633,3.0978928733111597,3.0334499999998377
8.968,3.0341499999998374,3.0628398467642635,3.09859287331116,3.0341499999998374
8.97,3.034849999999837,3.063539846764263,3.0992928733111595,3.034849999999837
8.972,3.035549999999837,3.064239846764263,3.0999928733111592,3.035549999999837
8.974,3.036249999999837,3.0649398467642626,3.100692873311159,3.036249999999837
8.976,3.0369499999998366,3.0656398467642627,3.101392873311159,3.0369499999998366
8.978,3.0376499999998363,3.0663398467642624,3.102092873311159,3.0376499999998363
8.98,3.0383499999998365,3.067039846764262,3.1027928733111585,3.0383499999998365
8.982,3.039049999999836,3.0677398467642623,3.103492873311158,3.039049999999836
8.984,3.039749999999836,3.068439846764262,3.1041928733111583,3.039749999999836
8.986,3.0404499999998356,3.0691398467642617,3.104892873311158,3.0404499999998356
8.988,3.0411499999998357,3.0698398467642614,3.1055928733111577,3.0411499999998357
8.99,3.0418499999998354,3.0705398467642615,3.1062928733111574,3.0418499999998354
8.992,3.042549999999835,3.071239846764261,3.1069928733111576,3.042549999999835
8.994,3.043249999999835,3.071939846764261,3.1076928733111573,3.043249999999835
8.996,3.043949999999835,3.0726398467642606,3.108392873311157,3.043949999999835
8.998,3.0446499999998347,3.0733398467642608,3.1090928733111567,3.0446499999998347
9.0,3.0453499999998344,3.0740398467642605,3.109792873311157,3.0453499999998344
9.002,3.046049999999834,3.07473984676426,3.1104928733111565,3.046049999999834
9.004,3.046749999999834,3.07543984676426,3.1111928733111562,3.046749999999834
9.006,3.047449999999834,3.07613984676426,3.1118928733111564,3.047449999999834
9.008,3.0481499999998336,3.0768398467642597,3.112592873311156,3.0481499999998336
9.01,3.0488499999998337,3.0775398467642594,3.113292873311156,3.0488499999998337
9.012,3.0495499999998334,3.078239846764259,3.1139928733111555,3.0495499999998334
9.014,3.050249999999833,3.0789398467642592,3.1146928733111556,3.050249999999833
9.016,3.050949999999833,3.079639846764259,3.1153928733111553,3.050949999999833
9.018,3.051649999999833,3.0803398467642586,3.116092873311155,3.051649999999833
9.02,3.0523499999998327,3.081039846764259,3.1167928733111547,3.0523499999998327
9.022,3.0530499999998324,3.0817398467642585,3.117492873311155,3.0530499999998324
9.024,3.053749999999832,3.082439846764258,3.1181928733111546,3.053749999999832
9.026,3.0544499999998322,3.083139846764258,3.1188928733111543,3.0544499999998322
9.028,3.055149999999832,3.083839846764258,3.119592873311154,3.055149999999832
9.03,3.0558499999998316,3.0845398467642577,3.120292873311154,3.0558499999998316
9.032,3.0565499999998313,3.0852398467642574,3.120992873311154,3.0565499999998313
9.034,3.0572499999998315,3.085939846764257,3.1216928733111535,3.0572499999998315
9.036,3.057949999999831,3.0866398467642573,3.1223928733111532,3.057949999999831
9.038,3.058649999999831,3.087339846764257,3.1230928733111534,3.058649999999831
9.04,3.0593499999998306,3.0880398467642567,3.123792873311153,3.0593499999998306
9.042,3.0600499999998307,3.0887398467642564,3.1244928733111528,3.0600499999998307
9.044,3.0607499999998304,3.0894398467642565,3.125192873311153,3.0607499999998304
9.046,3.06144999999983,3.0901398467642562,3.1258928733111526,3.06144999999983
9.048,3.0621499999998303,3.090839846764256,3.1265928733111523,3.0621499999998303
9.05,3.06284999999983,3.091539846764256,3.127292873311152,3.06284999999983
9.052,3.0635499999998297,3.092239846764256,3.127992873311152,3.0635499999998297
9.054,3.0642499999998294,3.0929398467642555,3.128692873311152,3.0642499999998294
9.056,3.0649499999998295,3.093639846764255,3.1293928733111516,3.0649499999998295
9.058,3.0656499999998292,3.0943398467642553,3.1300928733111513,3.0656499999998292
9.06,3.066349999999829,3.095039846764255,3.1307928733111514,3.066349999999829
9.062,3.0670499999998286,3.0957398467642547,3.131492873311151,3.0670499999998286
9.064,3.067749999999829,3.0964398467642544,3.132192873311151,3.067749999999829
9.066,3.0684499999998285,3.0971398467642546,3.1328928733111505,3.0684499999998285
9.068,3.069149999999828,3.0978398467642543,3.1335928733111507,3.069149999999828
9.07,3.069849999999828,3.098539846764254,3.1342928733111504,3.069849999999828
9.072,3.070549999999828,3.0992398467642537,3.13499287331115,3.070549999999828
9.074,3.0712499999998277,3.099939846764254,3.13569287331115,3.0712499999998277
9.076,3.0719499999998274,3.1006398467642535,3.13639287331115,3.0719499999998274
9.078,3.072649999999827,3.1013398467642532,3.1370928733111496,3.072649999999827
9.08,3.0733499999998273,3.102039846764253,3.1377928733111493,3.0733499999998273
9.082,3.074049999999827,3.102739846764253,3.1384928733111495,3.074049999999827
9.084,3.0747499999998267,3.1034398467642528,3.139192873311149,3.0747499999998267
9.086,3.075449999999827,3.1041398467642525,3.139892873311149,3.075449999999827
9.088,3.0761499999998265,3.1048398467642526,3.1405928733111486,3.0761499999998265
9.09,3.0768499999998262,3.1055398467642523,3.1412928733111487,3.0768499999998262
9.092,3.077549999999826,3.106239846764252,3.1419928733111484,3.077549999999826
9.094,3.078249999999826,3.1069398467642517,3.142692873311148,3.078249999999826
9.096,3.0789499999998258,3.107639846764252,3.143392873311148,3.0789499999998258
9.098,3.0796499999998255,3.1083398467642516,3.144092873311148,3.0796499999998255
9.1,3.080349999999825,3.1090398467642513,3.1447928733111477,3.080349999999825
9.102,3.0810499999998253,3.109739846764251,3.1454928733111474,3.0810499999998253
9.104,3.081749999999825,3.110439846764251,3.146192873311147,3.081749999999825
9.106,3.0824499999998247,3.111139846764251,3.146892873311147,3.0824499999998247
9.108,3.0831499999998244,3.1118398467642505,3.147592873311147,3.0831499999998244
9.11,3.0838499999998246,3.11253984676425,3.1482928733111466,3.0838499999998246
9.112,3.0845499999998243,3.1132398467642504,3.1489928733111467,3.0845499999998243
9.114,3.085249999999824,3.11393984676425,3.1496928733111464,3.085249999999824
9.116,3.085949999999824,3.1146398467642498,3.150392873311146,3.085949999999824
9.118,3.086649999999824,3.1153398467642495,3.151092873311146,3.086649999999824
9.12,3.0873499999998235,3.1160398467642496,3.151792873311146,3.0873499999998235
9.122,3.088049999999823,3.1167398467642493,3.1524928733111457,3.088049999999823
9.124,3.0887499999998234,3.117439846764249,3.1531928733111454,3.0887499999998234
9.126,3.089449999999823,3.118139846764249,3.153892873311145,3.089449999999823
9.128,3.0901499999998228,3.118839846764249,3.1545928733111452,3.0901499999998228
9.13,3.0908499999998225,3.1195398467642486,3.155292873311145,3.0908499999998225
9.132,3.0915499999998226,3.1202398467642483,3.1559928733111446,3.0915499999998226
9.134,3.0922499999998223,3.1209398467642484,3.1566928733111443,3.0922499999998223
9.136,3.092949999999822,3.121639846764248,3.1573928733111445,3.092949999999822
9.138,3.0936499999998217,3.122339846764248,3.158092873311144,3.0936499999998217
9.14,3.094349999999822,3.1230398467642475,3.158792873311144,3.094349999999822
9.142,3.0950499999998216,3.1237398467642477,3.1594928733111436,3.0950499999998216
9.144,3.0957499999998213,3.1244398467642474,3.1601928733111437,3.0957499999998213
9.146,3.096449999999821,3.125139846764247,3.1608928733111434,3.096449999999821
9.148,3.097149999999821,3.1258398467642468,3.161592873311143,3.097149999999821
9.15,3.097849999999821,3.126539846764247,3.1622928733111433,3.097849999999821
9.152,3.0985499999998205,3.1272398467642466,3.162992873311143,3.0985499999998205
9.154,3.0992499999998206,3.1279398467642463,3.1636928733111427,3.0992499999998206
9.156,3.0999499999998203,3.128639846764246,3.1643928733111424,3.0999499999998203
9.158,3.10064999999982,3.129339846764246,3.1650928733111425,3.10064999999982
9.16,3.1013499999998198,3.130039846764246,3.1657928733111422,3.1013499999998198
9.162,3.10204999999982,3.1307398467642455,3.166492873311142,3.10204999999982
9.164,3.1027499999998196,3.1314398467642457,3.1671928733111416,3.1027499999998196
9.166,3.1034499999998193,3.1321398467642454,3.1678928733111418,3.1034499999998193
9.168,3.104149999999819,3.132839846764245,3.1685928733111415,3.104149999999819
9.17,3.104849999999819,3.133539846764245,3.169292873311141,3.104849999999819
9.172,3.105549999999819,3.134239846764245,3.169992873311141,3.105549999999819
9.174,3.1062499999998185,3.1349398467642446,3.170692873311141,3.1062499999998185
9.176,3.1069499999998182,3.1356398467642443,3.1713928733111407,3.1069499999998182
9.178,3.1076499999998184,3.136339846764244,3.1720928733111404,3.1076499999998184
9.18,3.108349999999818,3.137039846764244,3.1727928733111406,3.108349999999818
9.182,3.109049999999818,3.137739846764244,3.1734928733111403,3.109049999999818
9.184,3.1097499999998175,3.1384398467642436,3.17419287331114,3.1097499999998175
9.186,3.1104499999998176,3.1391398467642433,3.1748928733111397,3.1104499999998176
9.188,3.1111499999998173,3.1398398467642434,3.17559287331114,3.1111499999998173
9.19,3.111849999999817,3.140539846764243,3.1762928733111395,3.111849999999817
9.192,3.112549999999817,3.141239846764243,3.176992873311139,3.112549999999817
9.194,3.113249999999817,3.141939846764243,3.177692873311139,3.113249999999817
9.196,3.1139499999998166,3.1426398467642427,3.178392873311139,3.1139499999998166
9.198,3.1146499999998163,3.1433398467642424,3.1790928733111388,3.1146499999998163
9.2,3.1153499999998164,3.144039846764242,3.1797928733111385,3.1153499999998164
9.202,3.116049999999816,3.1447398467642422,3.180492873311138,3.116049999999816
9.204,3.116749999999816,3.145439846764242,3.1811928733111383,3.116749999999816
9.206,3.1174499999998155,3.1461398467642416,3.181892873311138,3.1174499999998155
9.208,3.1181499999998157,3.1468398467642413,3.1825928733111377,3.1181499999998157
9.21,3.1188499999998154,3.1475398467642415,3.1832928733111374,3.1188499999998154
9.212,3.119549999999815,3.148239846764241,3.1839928733111376,3.119549999999815
9.214,3.120249999999815,3.148939846764241,3.1846928733111373,3.120249999999815
9.216,3.120949999999815,3.1496398467642406,3.185392873311137,3.120949999999815
9.218,3.1216499999998146,3.1503398467642407,3.186092873311137,3.1216499999998146
9.22,3.1223499999998143,3.1510398467642404,3.186792873311137,3.1223499999998143
9.222,3.1230499999998145,3.15173984676424,3.1874928733111365,3.1230499999998145
9.224,3.123749999999814,3.15243984676424,3.188192873311136,3.123749999999814
9.226,3.124449999999814,3.15313984676424,3.1888928733111364,3.124449999999814
9.228,3.1251499999998136,3.1538398467642397,3.189592873311136,3.1251499999998136
9.23,3.1258499999998137,3.1545398467642394,3.1902928733111358,3.1258499999998137
9.232,3.1265499999998134,3.1552398467642395,3.1909928733111355,3.1265499999998134
9.234,3.127249999999813,3.155939846764239,3.1916928733111356,3.127249999999813
9.236,3.127949999999813,3.156639846764239,3.1923928733111353,3.127949999999813
9.238,3.128649999999813,3.1573398467642386,3.193092873311135,3.128649999999813
9.24,3.1293499999998127,3.1580398467642388,3.1937928733111347,3.1293499999998127
9.242,3.1300499999998124,3.1587398467642385,3.194492873311135,3.1300499999998124
9.244,3.130749999999812,3.159439846764238,3.1951928733111346,3.130749999999812
9.246,3.131449999999812,3.160139846764238,3.1958928733111343,3.131449999999812
9.248,3.132149999999812,3.160839846764238,3.196592873311134,3.132149999999812
9.25,3.1328499999998116,3.1615398467642377,3.197292873311134,3.1328499999998116
9.252,3.1335499999998113,3.1622398467642374,3.197992873311134,3.1335499999998113
9.254,3.1342499999998115,3.162939846764237,3.1986928733111335,3.1342499999998115
9.256,3.134949999999811,3.1636398467642373,3.1993928733111336,3.134949999999811
9.258,3.135649999999811,3.164339846764237,3.2000928733111333,3.135649999999811
9.26,3.136349999999811,3.1650398467642367,3.200792873311133,3.136349999999811
9.262,3.1370499999998107,3.1657398467642364,3.2014928733111327,3.1370499999998107
9.264,3.1377499999998104,3.1664398467642365,3.202192873311133,3.1377499999998104
9.266,3.13844999999981,3.167139846764236,3.2028928733111326,3.13844999999981
9.268,3.1391499999998103,3.167839846764236,3.2035928733111323,3.1391499999998103
9.27,3.13984999999981,3.168539846764236,3.204292873311132,3.13984999999981
9.272,3.1405499999998097,3.1692398467642358,3.204992873311132,3.1405499999998097
9.274,3.1412499999998094,3.1699398467642355,3.205692873311132,3.1412499999998094
9.276,3.1419499999998095,3.170639846764235,3.2063928733111315,3.1419499999998095
9.278,3.142649999999809,3.1713398467642353,3.2070928733111312,3.142649999999809
9.28,3.143349999999809,3.172039846764235,3.2077928733111314,3.143349999999809
9.282,3.1440499999998086,3.1727398467642347,3.208492873311131,3.1440499999998086
9.284,3.1447499999998088,3.1734398467642344,3.209192873311131,3.1447499999998088
9.286,3.1454499999998085,3.1741398467642346,3.2098928733111305,3.1454499999998085
9.288,3.146149999999808,3.1748398467642343,3.2105928733111306,3.146149999999808
9.29,3.146849999999808,3.175539846764234,3.2112928733111303,3.146849999999808
9.292,3.147549999999808,3.1762398467642337,3.21199287331113,3.147549999999808
9.294,3.1482499999998077,3.176939846764234,3.21269287331113,3.1482499999998077
9.296,3.1489499999998074,3.1776398467642335,3.21339287331113,3.1489499999998074
9.298,3.1496499999998075,3.178339846764233,3.2140928733111296,3.1496499999998075
9.3,3.1503499999998072,3.1790398467642333,3.2147928733111293,3.1503499999998072
9.302,3.151049999999807,3.179739846764233,3.2154928733111294,3.151049999999807
9.304,3.1517499999998067,3.1804398467642327,3.216192873311129,3.1517499999998067
9.306,3.152449999999807,3.1811398467642324,3.216892873311129,3.152449999999807
9.308,3.1531499999998065,3.1818398467642326,3.2175928733111285,3.1531499999998065
9.31,3.153849999999806,3.1825398467642323,3.2182928733111287,3.153849999999806
9.312,3.154549999999806,3.183239846764232,3.2189928733111284,3.154549999999806
9.314,3.155249999999806,3.1839398467642317,3.219692873311128,3.155249999999806
9.316,3.1559499999998057,3.184639846764232,3.220392873311128,3.1559499999998057
9.318,3.1566499999998054,3.1853398467642315,3.221092873311128,3.1566499999998054
9.32,3.157349999999805,3.1860398467642312,3.2217928733111276,3.157349999999805
9.322,3.1580499999998053,3.186739846764231,3.2224928733111273,3.1580499999998053
9.324,3.158749999999805,3.187439846764231,3.2231928733111275,3.158749999999805
9.326,3.1594499999998047,3.188139846764231,3.223892873311127,3.1594499999998047
9.328,3.160149999999805,3.1888398467642305,3.224592873311127,3.160149999999805
9.33,3.1608499999998045,3.18953984676423,3.2252928733111266,3.1608499999998045
9.332,3.1615499999998042,3.1902398467642303,3.2259928733111267,3.1615499999998042
9.334,3.162249999999804,3.19093984676423,3.2266928733111264,3.162249999999804
9.336,3.162949999999804,3.1916398467642297,3.227392873311126,3.162949999999804
9.338,3.163649999999804,3.19233984676423,3.228092873311126,3.163649999999804
9.34,3.1643499999998035,3.1930398467642296,3.228792873311126,3.1643499999998035
9.342,3.165049999999803,3.1937398467642293,3.2294928733111257,3.165049999999803
9.344,3.1657499999998033,3.194439846764229,3.2301928733111254,3.1657499999998033
9.346,3.166449999999803,3.195139846764229,3.230892873311125,3.166449999999803
9.348,3.1671499999998027,3.195839846764229,3.231592873311125,3.1671499999998027
9.35,3.1678499999998024,3.1965398467642285,3.232292873311125,3.1678499999998024
9.352,3.1685499999998026,3.1972398467642282,3.2329928733111246,3.1685499999998026
9.354,3.1692499999998023,3.1979398467642284,3.2336928733111243,3.1692499999998023
9.356,3.169949999999802,3.198639846764228,3.2343928733111245,3.169949999999802
9.358,3.1706499999998017,3.199339846764228,3.235092873311124,3.1706499999998017
9.36,3.171349999999802,3.2000398467642275,3.235792873311124,3.171349999999802
9.362,3.1720499999998015,3.2007398467642276,3.236492873311124,3.1720499999998015
9.364,3.1727499999998012,3.2014398467642273,3.2371928733111237,3.1727499999998012
9.366,3.1734499999998014,3.202139846764227,3.2378928733111234,3.1734499999998014
9.368,3.174149999999801,3.2028398467642267,3.238592873311123,3.174149999999801
9.37,3.1748499999998008,3.203539846764227,3.2392928733111233,3.1748499999998008
9.372,3.1755499999998005,3.2042398467642266,3.239992873311123,3.1755499999998005
9.374,3.1762499999998006,3.2049398467642263,3.2406928733111227,3.1762499999998006
9.376,3.1769499999998003,3.2056398467642264,3.2413928733111224,3.1769499999998003
9.378,3.1776499999998,3.206339846764226,3.2420928733111225,3.1776499999998
9.38,3.1783499999997997,3.207039846764226,3.242792873311122,3.1783499999997997
9.382,3.1790499999998,3.2077398467642255,3.243492873311122,3.1790499999998
9.384,3.1797499999997996,3.2084398467642257,3.2441928733111216,3.1797499999997996
9.386,3.1804499999997993,3.2091398467642254,3.2448928733111218,3.1804499999997993
9.388,3.181149999999799,3.209839846764225,3.2455928733111215,3.181149999999799
9.39,3.181849999999799,3.2105398467642248,3.246292873311121,3.181849999999799
9.392,3.182549999999799,3.211239846764225,3.246992873311121,3.182549999999799
9.394,3.1832499999997985,3.2119398467642246,3.247692873311121,3.1832499999997985
9.396,3.183949999999798,3.2126398467642243,3.2483928733111207,3.183949999999798
9.398,3.1846499999997984,3.213339846764224,3.2490928733111204,3.1846499999997984
9.4,3.185349999999798,3.214039846764224,3.2497928733111205,3.185349999999798
9.402,3.1860499999997978,3.214739846764224,3.2504928733111202,3.1860499999997978
9.404,3.186749999999798,3.2154398467642236,3.25119287331112,3.186749999999798
9.406,3.1874499999997976,3.2161398467642237,3.2518928733111196,3.1874499999997976
9.408,3.1881499999997973,3.2168398467642234,3.25259287331112,3.1881499999997973
9.41,3.188849999999797,3.217539846764223,3.2532928733111195,3.188849999999797
9.412,3.189549999999797,3.218239846764223,3.253992873311119,3.189549999999797
9.414,3.190249999999797,3.218939846764223,3.254692873311119,3.190249999999797
9.416,3.1909499999997966,3.2196398467642227,3.255392873311119,3.1909499999997966
9.418,3.1916499999997963,3.2203398467642224,3.2560928733111187,3.1916499999997963
9.42,3.1923499999997964,3.221039846764222,3.2567928733111184,3.1923499999997964
9.422,3.193049999999796,3.221739846764222,3.257492873311118,3.193049999999796
9.424,3.193749999999796,3.222439846764222,3.2581928733111183,3.193749999999796
9.426,3.1944499999997955,3.2231398467642216,3.258892873311118,3.1944499999997955
9.428,3.1951499999997957,3.2238398467642213,3.2595928733111177,3.1951499999997957
9.43,3.1958499999997954,3.2245398467642215,3.260292873311118,3.1958499999997954
9.432,3.196549999999795,3.225239846764221,3.2609928733111175,3.196549999999795
9.434,3.1972499999997948,3.225939846764221,3.2616928733111172,3.1972499999997948
9.436,3.197949999999795,3.2266398467642206,3.262392873311117,3.197949999999795
9.438,3.1986499999997946,3.2273398467642207,3.263092873311117,3.1986499999997946
9.44,3.1993499999997943,3.2280398467642204,3.263792873311117,3.1993499999997943
9.442,3.2000499999997944,3.22873984676422,3.2644928733111165,3.2000499999997944
9.444,3.200749999999794,3.2294398467642202,3.265192873311116,3.200749999999794
9.446,3.201449999999794,3.23013984676422,3.2658928733111163,3.201449999999794
9.448,3.2021499999997936,3.2308398467642196,3.266592873311116,3.2021499999997936
9.45,3.2028499999997937,3.2315398467642193,3.2672928733111157,3.2028499999997937
9.452,3.2035499999997934,3.2322398467642195,3.2679928733111154,3.2035499999997934
9.454,3.204249999999793,3.232939846764219,3.2686928733111156,3.204249999999793
9.456,3.204949999999793,3.233639846764219,3.2693928733111153,3.204949999999793
9.458,3.205649999999793,3.2343398467642186,3.270092873311115,3.205649999999793
9.46,3.2063499999997926,3.2350398467642187,3.2707928733111147,3.2063499999997926
9.462,3.2070499999997923,3.2357398467642184,3.271492873311115,3.2070499999997923
9.464,3.207749999999792,3.236439846764218,3.2721928733111145,3.207749999999792
9.466,3.208449999999792,3.237139846764218,3.2728928733111142,3.208449999999792
9.468,3.209149999999792,3.237839846764218,3.2735928733111144,3.209149999999792
9.47,3.2098499999997916,3.2385398467642177,3.274292873311114,3.2098499999997916
9.472,3.2105499999997917,3.2392398467642174,3.2749928733111138,3.2105499999997917
9.474,3.2112499999997914,3.239939846764217,3.2756928733111135,3.2112499999997914
9.476,3.211949999999791,3.2406398467642172,3.2763928733111136,3.211949999999791
9.478,3.212649999999791,3.241339846764217,3.2770928733111133,3.212649999999791
9.48,3.213349999999791,3.2420398467642166,3.277792873311113,3.213349999999791
9.482,3.2140499999997907,3.242739846764217,3.2784928733111127,3.2140499999997907
9.484,3.2147499999997904,3.2434398467642165,3.279192873311113,3.2147499999997904
9.486,3.21544999999979,3.244139846764216,3.2798928733111126,3.21544999999979
9.488,3.2161499999997902,3.244839846764216,3.2805928733111123,3.2161499999997902
9.49,3.21684999999979,3.245539846764216,3.281292873311112,3.21684999999979
9.492,3.2175499999997896,3.2462398467642157,3.281992873311112,3.2175499999997896
9.494,3.2182499999997893,3.2469398467642154,3.282692873311112,3.2182499999997893
9.496,3.2189499999997895,3.247639846764215,3.2833928733111115,3.2189499999997895
9.498,3.219649999999789,3.2483398467642153,3.284092873311111,3.219649999999789
9.5,3.220349999999789,3.249039846764215,3.2847928733111114,3.220349999999789
9.502,3.2210499999997886,3.2497398467642147,3.285492873311111,3.2210499999997886
9.504,3.2217499999997887,3.2504398467642144,3.2861928733111108,3.2217499999997887
9.506,3.2224499999997884,3.2511398467642145,3.286892873311111,3.2224499999997884
9.508,3.223149999999788,3.2518398467642142,3.2875928733111106,3.223149999999788
9.51,3.2238499999997883,3.252539846764214,3.2882928733111103,3.2238499999997883
9.512,3.224549999999788,3.2532398467642136,3.28899287331111,3.224549999999788
9.514,3.2252499999997877,3.2539398467642138,3.28969287331111,3.2252499999997877
9.516,3.2259499999997874,3.2546398467642135,3.29039287331111,3.2259499999997874
9.518,3.2266499999997875,3.255339846764213,3.2910928733111096,3.2266499999997875
9.52,3.2273499999997872,3.2560398467642133,3.2917928733111093,3.2273499999997872
9.522,3.228049999999787,3.256739846764213,3.2924928733111094,3.228049999999787
9.524,3.2287499999997866,3.2574398467642127,3.293192873311109,3.2287499999997866
9.526,3.2294499999997868,3.2581398467642124,3.293892873311109,3.2294499999997868
9.528,3.2301499999997865,3.2588398467642126,3.2945928733111085,3.2301499999997865
9.53,3.230849999999786,3.2595398467642123,3.2952928733111087,3.230849999999786
9.532,3.231549999999786,3.260239846764212,3.2959928733111084,3.231549999999786
9.534,3.232249999999786,3.2609398467642117,3.296692873311108,3.232249999999786
9.536,3.2329499999997857,3.261639846764212,3.2973928733111078,3.2329499999997857
9.538,3.2336499999997854,3.2623398467642115,3.298092873311108,3.2336499999997854
9.54,3.234349999999785,3.263039846764211,3.2987928733111076,3.234349999999785
9.542,3.2350499999997853,3.263739846764211,3.2994928733111073,3.2350499999997853
9.544,3.235749999999785,3.264439846764211,3.3001928733111074,3.235749999999785
9.546,3.2364499999997847,3.2651398467642108,3.300892873311107,3.2364499999997847
9.548,3.237149999999785,3.2658398467642105,3.301592873311107,3.237149999999785
9.55,3.2378499999997845,3.2665398467642106,3.3022928733111065,3.2378499999997845
9.552,3.238549999999784,3.2672398467642103,3.3029928733111067,3.238549999999784
9.554,3.239249999999784,3.26793984676421,3.3036928733111064,3.239249999999784
9.556,3.239949999999784,3.2686398467642097,3.304392873311106,3.239949999999784
9.558,3.2406499999997838,3.26933984676421,3.305092873311106,3.2406499999997838
9.56,3.2413499999997835,3.2700398467642096,3.305792873311106,3.2413499999997835
9.562,3.242049999999783,3.2707398467642093,3.3064928733111056,3.242049999999783
9.564,3.2427499999997833,3.271439846764209,3.3071928733111053,3.2427499999997833
9.566,3.243449999999783,3.272139846764209,3.307892873311105,3.243449999999783
9.568,3.2441499999997827,3.272839846764209,3.308592873311105,3.2441499999997827
9.57,3.2448499999997824,3.2735398467642085,3.309292873311105,3.2448499999997824
9.572,3.2455499999997826,3.274239846764208,3.3099928733111046,3.2455499999997826
9.574,3.2462499999997823,3.2749398467642084,3.3106928733111047,3.2462499999997823
9.576,3.246949999999782,3.275639846764208,3.3113928733111044,3.246949999999782
9.578,3.247649999999782,3.2763398467642078,3.312092873311104,3.247649999999782
9.58,3.248349999999782,3.2770398467642075,3.312792873311104,3.248349999999782
9.582,3.2490499999997815,3.2777398467642076,3.313492873311104,3.2490499999997815
9.584,3.249749999999781,3.2784398467642073,3.3141928733111037,3.249749999999781
9.586,3.2504499999997813,3.279139846764207,3.3148928733111034,3.2504499999997813
9.588,3.251149999999781,3.279839846764207,3.315592873311103,3.251149999999781
9.59,3.2518499999997807,3.280539846764207,3.3162928733111032,3.2518499999997807
9.592,3.2525499999997805,3.2812398467642065,3.316992873311103,3.2525499999997805
9.594,3.2532499999997806,3.2819398467642062,3.3176928733111026,3.2532499999997806
9.596,3.2539499999997803,3.2826398467642064,3.3183928733111023,3.2539499999997803
9.598,3.25464999999978,3.283339846764206,3.3190928733111025,3.25464999999978
9.6,3.2553499999997797,3.284039846764206,3.319792873311102,3.2553499999997797
9.602,3.25604999999978,3.2847398467642055,3.320492873311102,3.25604999999978
9.604,3.2567499999997795,3.2854398467642056,3.3211928733111016,3.2567499999997795
9.606,3.2574499999997792,3.2861398467642053,3.3218928733111017,3.2574499999997792
9.608,3.258149999999779,3.286839846764205,3.3225928733111014,3.258149999999779
9.61,3.258849999999779,3.2875398467642047,3.323292873311101,3.258849999999779
9.612,3.259549999999779,3.288239846764205,3.3239928733111013,3.259549999999779
9.614,3.2602499999997785,3.2889398467642046,3.324692873311101,3.2602499999997785
9.616,3.2609499999997786,3.2896398467642043,3.3253928733111007,3.2609499999997786
9.618,3.2616499999997783,3.290339846764204,3.3260928733111004,3.2616499999997783
9.62,3.262349999999778,3.291039846764204,3.3267928733111005,3.262349999999778
9.622,3.2630499999997777,3.291739846764204,3.3274928733111,3.2630499999997777
9.624,3.263749999999778,3.2924398467642035,3.3281928733111,3.263749999999778
9.626,3.2644499999997776,3.2931398467642037,3.3288928733110996,3.2644499999997776
9.628,3.2651499999997773,3.2938398467642034,3.3295928733110998,3.2651499999997773
9.63,3.265849999999777,3.294539846764203,3.3302928733110995,3.265849999999777
9.632,3.266549999999777,3.295239846764203,3.330992873311099,3.266549999999777
9.634,3.267249999999777,3.295939846764203,3.331692873311099,3.267249999999777
9.636,3.2679499999997765,3.2966398467642026,3.332392873311099,3.2679499999997765
9.638,3.2686499999997762,3.2973398467642023,3.3330928733110987,3.2686499999997762
9.64,3.2693499999997764,3.298039846764202,3.3337928733110984,3.2693499999997764
9.642,3.270049999999776,3.298739846764202,3.334492873311098,3.270049999999776
9.644,3.270749999999776,3.299439846764202,3.3351928733110983,3.270749999999776
9.646,3.2714499999997755,3.3001398467642016,3.335892873311098,3.2714499999997755
9.648,3.2721499999997756,3.3008398467642013,3.3365928733110977,3.2721499999997756
9.65,3.2728499999997753,3.3015398467642014,3.337292873311098,3.2728499999997753
9.652,3.273549999999775,3.302239846764201,3.3379928733110975,3.273549999999775
9.654,3.274249999999775,3.302939846764201,3.338692873311097,3.274249999999775
9.656,3.274949999999775,3.303639846764201,3.339392873311097,3.274949999999775
9.658,3.2756499999997746,3.3043398467642007,3.340092873311097,3.2756499999997746
9.66,3.2763499999997743,3.3050398467642004,3.3407928733110968,3.2763499999997743
9.662,3.2770499999997744,3.3057398467642,3.3414928733110965,3.2770499999997744
9.664,3.277749999999774,3.3064398467642,3.342192873311096,3.277749999999774
9.666,3.278449999999774,3.3071398467642,3.3428928733110963,3.278449999999774
9.668,3.2791499999997735,3.3078398467641996,3.343592873311096,3.2791499999997735
9.67,3.2798499999997737,3.3085398467641993,3.3442928733110957,3.2798499999997737
9.672,3.2805499999997734,3.3092398467641995,3.3449928733110954,3.2805499999997734
9.674,3.281249999999773,3.309939846764199,3.3456928733110955,3.281249999999773
9.676,3.2819499999997728,3.310639846764199,3.3463928733110953,3.2819499999997728
9.678,3.282649999999773,3.3113398467641986,3.347092873311095,3.282649999999773
9.68,3.2833499999997726,3.3120398467641987,3.347792873311095,3.2833499999997726
9.682,3.2840499999997723,3.3127398467641984,3.348492873311095,3.2840499999997723
9.684,3.284749999999772,3.313439846764198,3.3491928733110945,3.284749999999772
9.686,3.285449999999772,3.314139846764198,3.349892873311094,3.285449999999772
9.688,3.286149999999772,3.314839846764198,3.3505928733110943,3.286149999999772
9.69,3.2868499999997716,3.3155398467641977,3.351292873311094,3.2868499999997716
9.692,3.2875499999997717,3.3162398467641974,3.3519928733110937,3.2875499999997717
9.694,3.2882499999997714,3.3169398467641975,3.3526928733110934,3.2882499999997714
9.696,3.288949999999771,3.317639846764197,3.3533928733110936,3.288949999999771
9.698,3.289649999999771,3.318339846764197,3.3540928733110933,3.289649999999771
9.7,3.290349999999771,3.3190398467641966,3.354792873311093,3.290349999999771
9.702,3.2910499999997707,3.3197398467641968,3.3554928733110927,3.2910499999997707
9.704,3.2917499999997704,3.3204398467641965,3.356192873311093,3.2917499999997704
9.706,3.29244999999977,3.321139846764196,3.3568928733110925,3.29244999999977
9.708,3.29314999999977,3.321839846764196,3.3575928733110922,3.29314999999977
9.71,3.29384999999977,3.322539846764196,3.358292873311092,3.29384999999977
9.712,3.2945499999997696,3.3232398467641957,3.358992873311092,3.2945499999997696
9.714,3.2952499999997693,3.3239398467641954,3.359692873311092,3.2952499999997693
9.716,3.2959499999997695,3.324639846764195,3.3603928733110915,3.2959499999997695
9.718,3.296649999999769,3.3253398467641953,3.3610928733110916,3.296649999999769
9.72,3.297349999999769,3.326039846764195,3.3617928733110913,3.297349999999769
9.722,3.298049999999769,3.3267398467641947,3.362492873311091,3.298049999999769
9.724,3.2987499999997687,3.3274398467641944,3.3631928733110907,3.2987499999997687
9.726,3.2994499999997684,3.3281398467641945,3.363892873311091,3.2994499999997684
9.728,3.300149999999768,3.328839846764194,3.3645928733110906,3.300149999999768
9.73,3.3008499999997682,3.329539846764194,3.3652928733110903,3.3008499999997682
9.732,3.301549999999768,3.330239846764194,3.36599287331109,3.301549999999768
9.734,3.3022499999997676,3.3309398467641937,3.36669287331109,3.3022499999997676
9.736,3.3029499999997673,3.3316398467641934,3.36739287331109,3.3029499999997673
9.738,3.3036499999997675,3.332339846764193,3.3680928733110895,3.3036499999997675
9.74,3.304349999999767,3.3330398467641933,3.3687928733110892,3.304349999999767
9.742,3.305049999999767,3.333739846764193,3.3694928733110894,3.305049999999767
9.744,3.3057499999997666,3.3344398467641927,3.370192873311089,3.3057499999997666
9.746,3.3064499999997667,3.3351398467641924,3.3708928733110888,3.3064499999997667
9.748,3.3071499999997664,3.3358398467641925,3.3715928733110885,3.3071499999997664
9.75,3.307849999999766,3.3365398467641922,3.3722928733110886,3.307849999999766
9.752,3.308549999999766,3.337239846764192,3.3729928733110883,3.308549999999766
9.754,3.309249999999766,3.3379398467641916,3.373692873311088,3.309249999999766
9.756,3.3099499999997657,3.338639846764192,3.374392873311088,3.3099499999997657
9.758,3.3106499999997654,3.3393398467641915,3.375092873311088,3.3106499999997654
9.76,3.3113499999997655,3.340039846764191,3.3757928733110876,3.3113499999997655
9.762,3.3120499999997652,3.3407398467641913,3.3764928733110873,3.3120499999997652
9.764,3.312749999999765,3.341439846764191,3.3771928733110874,3.312749999999765
9.766,3.3134499999997646,3.3421398467641907,3.377892873311087,3.3134499999997646
9.768,3.314149999999765,3.3428398467641904,3.378592873311087,3.314149999999765
9.77,3.3148499999997645,3.3435398467641906,3.3792928733110865,3.3148499999997645
9.772,3.315549999999764,3.3442398467641903,3.3799928733110867,3.315549999999764
9.774,3.316249999999764,3.34493984676419,3.3806928733110864,3.316249999999764
9.776,3.316949999999764,3.3456398467641897,3.381392873311086,3.316949999999764
9.778,3.3176499999997637,3.34633984676419,3.3820928733110858,3.3176499999997637
9.78,3.3183499999997634,3.3470398467641895,3.382792873311086,3.3183499999997634
9.782,3.319049999999763,3.3477398467641892,3.3834928733110856,3.319049999999763
9.784,3.3197499999997633,3.348439846764189,3.3841928733110853,3.3197499999997633
9.786,3.320449999999763,3.349139846764189,3.3848928733110855,3.320449999999763
9.788,3.3211499999997627,3.3498398467641888,3.385592873311085,3.3211499999997627
9.79,3.3218499999997624,3.3505398467641885,3.386292873311085,3.3218499999997624
9.792,3.3225499999997625,3.351239846764188,3.3869928733110846,3.3225499999997625
9.794,3.3232499999997622,3.3519398467641883,3.3876928733110847,3.3232499999997622
9.796,3.323949999999762,3.352639846764188,3.3883928733110844,3.323949999999762
9.798,3.324649999999762,3.3533398467641877,3.389092873311084,3.324649999999762
9.8,3.3253499999997618,3.354039846764188,3.389792873311084,3.3253499999997618
9.802,3.3260499999997615,3.3547398467641876,3.390492873311084,3.3260499999997615
9.804,3.326749999999761,3.3554398467641873,3.3911928733110837,3.326749999999761
9.806,3.3274499999997613,3.356139846764187,3.3918928733110834,3.3274499999997613
9.808,3.328149999999761,3.356839846764187,3.392592873311083,3.328149999999761
9.81,3.3288499999997607,3.357539846764187,3.393292873311083,3.3288499999997607
9.812,3.3295499999997604,3.3582398467641865,3.393992873311083,3.3295499999997604
9.814,3.3302499999997606,3.358939846764186,3.3946928733110826,3.3302499999997606
9.816,3.3309499999997603,3.3596398467641864,3.3953928733110823,3.3309499999997603
9.818,3.33164999999976,3.360339846764186,3.3960928733110824,3.33164999999976
9.82,3.3323499999997597,3.3610398467641858,3.396792873311082,3.3323499999997597
9.822,3.33304999999976,3.3617398467641855,3.397492873311082,3.33304999999976
9.824,3.3337499999997595,3.3624398467641856,3.398192873311082,3.3337499999997595
9.826,3.334449999999759,3.3631398467641853,3.3988928733110817,3.334449999999759
9.828,3.3351499999997594,3.363839846764185,3.3995928733110814,3.3351499999997594
9.83,3.335849999999759,3.3645398467641847,3.400292873311081,3.335849999999759
9.832,3.3365499999997588,3.365239846764185,3.4009928733110812,3.3365499999997588
9.834,3.3372499999997585,3.3659398467641846,3.401692873311081,3.3372499999997585
9.836,3.3379499999997586,3.3666398467641843,3.4023928733110806,3.3379499999997586
9.838,3.3386499999997583,3.3673398467641844,3.4030928733110803,3.3386499999997583
9.84,3.339349999999758,3.368039846764184,3.4037928733110805,3.339349999999758
9.842,3.3400499999997577,3.368739846764184,3.40449287331108,3.3400499999997577
9.844,3.340749999999758,3.3694398467641835,3.40519287331108,3.340749999999758
9.846,3.3414499999997576,3.3701398467641837,3.4058928733110796,3.3414499999997576
9.848,3.3421499999997573,3.3708398467641834,3.4065928733110797,3.3421499999997573
9.85,3.342849999999757,3.371539846764183,3.4072928733110794,3.342849999999757
9.852,3.343549999999757,3.3722398467641828,3.407992873311079,3.343549999999757
9.854,3.344249999999757,3.372939846764183,3.408692873311079,3.344249999999757
9.856,3.3449499999997565,3.3736398467641826,3.409392873311079,3.3449499999997565
9.858,3.345649999999756,3.3743398467641823,3.4100928733110787,3.345649999999756
9.86,3.3463499999997564,3.375039846764182,3.4107928733110784,3.3463499999997564
9.862,3.347049999999756,3.375739846764182,3.4114928733110785,3.347049999999756
9.864,3.3477499999997558,3.376439846764182,3.4121928733110782,3.3477499999997558
9.866,3.348449999999756,3.3771398467641816,3.412892873311078,3.348449999999756
9.868,3.3491499999997556,3.3778398467641813,3.4135928733110776,3.3491499999997556
9.87,3.3498499999997553,3.3785398467641814,3.414292873311078,3.3498499999997553
9.872,3.350549999999755,3.379239846764181,3.4149928733110775,3.350549999999755
9.874,3.351249999999755,3.379939846764181,3.415692873311077,3.351249999999755
9.876,3.351949999999755,3.380639846764181,3.416392873311077,3.351949999999755
9.878,3.3526499999997545,3.3813398467641806,3.417092873311077,3.3526499999997545
9.88,3.3533499999997542,3.3820398467641803,3.4177928733110767,3.3533499999997542
9.882,3.3540499999997544,3.38273984676418,3.4184928733110764,3.3540499999997544
9.884,3.354749999999754,3.38343984676418,3.419192873311076,3.354749999999754
9.886,3.355449999999754,3.38413984676418,3.4198928733110763,3.355449999999754
9.888,3.3561499999997535,3.3848398467641796,3.420592873311076,3.3561499999997535
9.89,3.3568499999997536,3.3855398467641793,3.4212928733110757,3.3568499999997536
9.892,3.3575499999997533,3.3862398467641794,3.4219928733110754,3.3575499999997533
9.894,3.358249999999753,3.386939846764179,3.4226928733110755,3.358249999999753
9.896,3.3589499999997527,3.387639846764179,3.4233928733110752,3.3589499999997527
9.898,3.359649999999753,3.3883398467641785,3.424092873311075,3.359649999999753
9.9,3.3603499999997526,3.3890398467641787,3.424792873311075,3.3603499999997526
9.902,3.3610499999997523,3.3897398467641784,3.4254928733110748,3.3610499999997523
9.904,3.3617499999997524,3.390439846764178,3.4261928733110745,3.3617499999997524
9.906,3.362449999999752,3.3911398467641782,3.426892873311074,3.362449999999752
9.908,3.363149999999752,3.391839846764178,3.4275928733110743,3.363149999999752
9.91,3.3638499999997515,3.3925398467641776,3.428292873311074,3.3638499999997515
9.912,3.3645499999997517,3.3932398467641773,3.4289928733110737,3.3645499999997517
9.914,3.3652499999997514,3.3939398467641775,3.4296928733110734,3.3652499999997514
9.916,3.365949999999751,3.394639846764177,3.4303928733110736,3.365949999999751
9.918,3.366649999999751,3.395339846764177,3.4310928733110733,3.366649999999751
9.92,3.367349999999751,3.3960398467641766,3.431792873311073,3.367349999999751
9.922,3.3680499999997506,3.3967398467641767,3.4324928733110727,3.3680499999997506
9.924,3.3687499999997503,3.3974398467641764,3.433192873311073,3.3687499999997503
9.926,3.36944999999975,3.398139846764176,3.4338928733110725,3.36944999999975
9.928,3.37014999999975,3.398839846764176,3.434592873311072,3.37014999999975
9.93,3.37084999999975,3.399539846764176,3.4352928733110724,3.37084999999975
9.932,3.3715499999997496,3.4002398467641757,3.435992873311072,3.3715499999997496
9.934,3.3722499999997497,3.4009398467641754,3.4366928733110718,3.3722499999997497
9.936,3.3729499999997494,3.401639846764175,3.4373928733110715,3.3729499999997494
9.938,3.373649999999749,3.4023398467641752,3.4380928733110716,3.373649999999749
9.94,3.374349999999749,3.403039846764175,3.4387928733110713,3.374349999999749
9.942,3.375049999999749,3.4037398467641746,3.439492873311071,3.375049999999749
9.944,3.3757499999997487,3.4044398467641748,3.4401928733110707,3.3757499999997487
9.946,3.3764499999997484,3.4051398467641745,3.440892873311071,3.3764499999997484
9.948,3.377149999999748,3.405839846764174,3.4415928733110706,3.377149999999748
9.95,3.377849999999748,3.406539846764174,3.4422928733110703,3.377849999999748
9.952,3.378549999999748,3.407239846764174,3.44299287331107,3.378549999999748
9.954,3.3792499999997476,3.4079398467641737,3.44369287331107,3.3792499999997476
9.956,3.3799499999997473,3.4086398467641734,3.44439287331107,3.3799499999997473
9.958,3.3806499999997475,3.409339846764173,3.4450928733110695,3.3806499999997475
9.96,3.381349999999747,3.4100398467641733,3.445792873311069,3.381349999999747
9.962,3.382049999999747,3.410739846764173,3.4464928733110693,3.382049999999747
9.964,3.3827499999997466,3.4114398467641727,3.447192873311069,3.3827499999997466
9.966,3.3834499999997467,3.4121398467641724,3.4478928733110688,3.3834499999997467
9.968,3.3841499999997464,3.4128398467641725,3.448592873311069,3.3841499999997464
9.97,3.384849999999746,3.413539846764172,3.4492928733110686,3.384849999999746
9.972,3.3855499999997463,3.414239846764172,3.4499928733110683,3.3855499999997463
9.974,3.386249999999746,3.4149398467641716,3.450692873311068,3.386249999999746
9.976,3.3869499999997457,3.4156398467641718,3.451392873311068,3.3869499999997457
9.978,3.3876499999997454,3.4163398467641715,3.452092873311068,3.3876499999997454
9.98,3.3883499999997455,3.417039846764171,3.4527928733110675,3.3883499999997455
9.982,3.389049999999745,3.4177398467641713,3.4534928733110672,3.389049999999745
9.984,3.389749999999745,3.418439846764171,3.4541928733110674,3.389749999999745
9.986,3.3904499999997446,3.4191398467641707,3.454892873311067,3.3904499999997446
9.988,3.3911499999997448,3.4198398467641704,3.455592873311067,3.3911499999997448
9.99,3.3918499999997445,3.4205398467641706,3.4562928733110665,3.3918499999997445
9.992,3.392549999999744,3.4212398467641703,3.4569928733110666,3.392549999999744
9.994,3.393249999999744,3.42193984676417,3.4576928733110663,3.393249999999744
9.996,3.393949999999744,3.4226398467641697,3.458392873311066,3.393949999999744
9.998,3.3946499999997437,3.42333984676417,3.4590928733110657,3.3946499999997437
10.0,3.3953499999997434,3.4240398467641695,3.459792873311066,3.3953499999997434
10.002,3.396049999999743,3.424739846764169,3.4604928733110656,3.396049999999743
10.004,3.3967499999997433,3.425439846764169,3.4611928733110653,3.3967499999997433
10.006,3.397449999999743,3.426139846764169,3.4618928733110654,3.397449999999743
10.008,3.3981499999997427,3.4268398467641688,3.462592873311065,3.3981499999997427
10.01,3.398849999999743,3.4275398467641685,3.463292873311065,3.398849999999743
10.012,3.3995499999997425,3.4282398467641686,3.4639928733110645,3.3995499999997425
10.014,3.400249999999742,3.4289398467641683,3.4646928733110647,3.400249999999742
10.016,3.400949999999742,3.429639846764168,3.4653928733110644,3.400949999999742
10.018,3.401649999999742,3.4303398467641677,3.466092873311064,3.401649999999742
10.02,3.4023499999997417,3.431039846764168,3.466792873311064,3.4023499999997417
10.022,3.4030499999997414,3.4317398467641675,3.467492873311064,3.4030499999997414
10.024,3.403749999999741,3.4324398467641672,3.4681928733110636,3.403749999999741
10.026,3.4044499999997413,3.433139846764167,3.4688928733110633,3.4044499999997413
10.028,3.405149999999741,3.433839846764167,3.469592873311063,3.405149999999741
10.03,3.4058499999997407,3.434539846764167,3.470292873311063,3.4058499999997407
10.032,3.4065499999997404,3.4352398467641665,3.470992873311063,3.4065499999997404
10.034,3.4072499999997405,3.435939846764166,3.4716928733110626,3.4072499999997405
10.036,3.4079499999997402,3.4366398467641663,3.4723928733110627,3.4079499999997402
10.038,3.40864999999974,3.437339846764166,3.4730928733110624,3.40864999999974
10.04,3.4093499999997396,3.4380398467641657,3.473792873311062,3.4093499999997396
10.042,3.41004999999974,3.4387398467641654,3.474492873311062,3.41004999999974
10.044,3.4107499999997395,3.4394398467641656,3.475192873311062,3.4107499999997395
10.046,3.411449999999739,3.4401398467641653,3.4758928733110617,3.411449999999739
10.048,3.4121499999997393,3.440839846764165,3.4765928733110614,3.4121499999997393
10.05,3.412849999999739,3.441539846764165,3.477292873311061,3.412849999999739
10.052,3.4135499999997387,3.442239846764165,3.477992873311061,3.4135499999997387
10.054,3.4142499999997384,3.4429398467641645,3.478692873311061,3.4142499999997384
10.056,3.4149499999997386,3.4436398467641642,3.4793928733110606,3.4149499999997386
10.058,3.4156499999997383,3.4443398467641644,3.4800928733110603,3.4156499999997383
10.06,3.416349999999738,3.445039846764164,3.4807928733110605,3.416349999999738
10.062,3.4170499999997377,3.445739846764164,3.48149287331106,3.4170499999997377
10.064,3.417749999999738,3.4464398467641635,3.48219287331106,3.417749999999738
10.066,3.4184499999997375,3.4471398467641636,3.4828928733110596,3.4184499999997375
10.068,3.4191499999997372,3.4478398467641633,3.4835928733110597,3.4191499999997372
10.07,3.419849999999737,3.448539846764163,3.4842928733110594,3.419849999999737
10.072,3.420549999999737,3.4492398467641627,3.484992873311059,3.420549999999737
10.074,3.421249999999737,3.449939846764163,3.4856928733110593,3.421249999999737
10.076,3.4219499999997365,3.4506398467641626,3.486392873311059,3.4219499999997365
10.078,3.4226499999997366,3.4513398467641623,3.4870928733110587,3.4226499999997366
10.08,3.4233499999997363,3.452039846764162,3.4877928733110584,3.4233499999997363
10.082,3.424049999999736,3.452739846764162,3.4884928733110585,3.424049999999736
10.084,3.4247499999997357,3.453439846764162,3.489192873311058,3.4247499999997357
10.086,3.425449999999736,3.4541398467641615,3.489892873311058,3.425449999999736
10.088,3.4261499999997356,3.4548398467641617,3.4905928733110576,3.4261499999997356
10.09,3.4268499999997353,3.4555398467641614,3.4912928733110578,3.4268499999997353
10.092,3.427549999999735,3.456239846764161,3.4919928733110575,3.427549999999735
10.094,3.428249999999735,3.4569398467641608,3.492692873311057,3.428249999999735
10.096,3.428949999999735,3.457639846764161,3.493392873311057,3.428949999999735
10.098,3.4296499999997345,3.4583398467641606,3.494092873311057,3.4296499999997345
10.1,3.4303499999997342,3.4590398467641603,3.4947928733110567,3.4303499999997342
10.102,3.4310499999997344,3.45973984676416,3.4954928733110564,3.4310499999997344
10.104,3.431749999999734,3.46043984676416,3.496192873311056,3.431749999999734
10.106,3.4324499999997338,3.46113984676416,3.4968928733110562,3.4324499999997338
10.108,3.4331499999997335,3.4618398467641596,3.497592873311056,3.4331499999997335
10.11,3.4338499999997336,3.4625398467641593,3.4982928733110557,3.4338499999997336
10.112,3.4345499999997333,3.4632398467641594,3.498992873311056,3.4345499999997333
10.114,3.435249999999733,3.463939846764159,3.4996928733110555,3.435249999999733
10.116,3.435949999999733,3.464639846764159,3.500392873311055,3.435949999999733
10.118,3.436649999999733,3.4653398467641585,3.501092873311055,3.436649999999733
10.12,3.4373499999997326,3.4660398467641587,3.501792873311055,3.4373499999997326
10.122,3.4380499999997323,3.4667398467641584,3.5024928733110547,3.4380499999997323
10.124,3.4387499999997324,3.467439846764158,3.5031928733110544,3.4387499999997324
10.126,3.439449999999732,3.468139846764158,3.503892873311054,3.439449999999732
10.128,3.440149999999732,3.468839846764158,3.5045928733110543,3.440149999999732
10.13,3.4408499999997315,3.4695398467641576,3.505292873311054,3.4408499999997315
10.132,3.4415499999997317,3.4702398467641573,3.5059928733110537,3.4415499999997317
10.134,3.4422499999997314,3.4709398467641575,3.5066928733110534,3.4422499999997314
10.136,3.442949999999731,3.471639846764157,3.5073928733110535,3.442949999999731
10.138,3.4436499999997308,3.472339846764157,3.5080928733110532,3.4436499999997308
10.14,3.444349999999731,3.4730398467641566,3.508792873311053,3.444349999999731
10.142,3.4450499999997306,3.4737398467641567,3.509492873311053,3.4450499999997306
10.144,3.4457499999997303,3.4744398467641564,3.510192873311053,3.4457499999997303
10.146,3.44644999999973,3.475139846764156,3.5108928733110525,3.44644999999973
10.148,3.44714999999973,3.475839846764156,3.511592873311052,3.44714999999973
10.15,3.44784999999973,3.476539846764156,3.5122928733110523,3.44784999999973
10.152,3.4485499999997296,3.4772398467641557,3.512992873311052,3.4485499999997296
10.154,3.4492499999997297,3.4779398467641554,3.5136928733110517,3.4492499999997297
10.156,3.4499499999997294,3.4786398467641555,3.5143928733110514,3.4499499999997294
10.158,3.450649999999729,3.479339846764155,3.5150928733110516,3.450649999999729
10.16,3.451349999999729,3.480039846764155,3.5157928733110513,3.451349999999729
10.162,3.452049999999729,3.4807398467641546,3.516492873311051,3.452049999999729
10.164,3.4527499999997286,3.4814398467641547,3.5171928733110507,3.4527499999997286
10.166,3.4534499999997283,3.4821398467641544,3.517892873311051,3.4534499999997283
10.168,3.454149999999728,3.482839846764154,3.5185928733110505,3.454149999999728
10.17,3.454849999999728,3.483539846764154,3.5192928733110502,3.454849999999728
10.172,3.455549999999728,3.484239846764154,3.51999287331105,3.455549999999728
10.174,3.4562499999997276,3.4849398467641537,3.52069287331105,3.4562499999997276
10.176,3.4569499999997273,3.4856398467641534,3.5213928733110498,3.4569499999997273
10.178,3.4576499999997274,3.486339846764153,3.5220928733110495,3.4576499999997274
10.18,3.458349999999727,3.4870398467641532,3.5227928733110496,3.458349999999727
10.182,3.459049999999727,3.487739846764153,3.5234928733110493,3.459049999999727
10.184,3.459749999999727,3.4884398467641526,3.524192873311049,3.459749999999727
10.186,3.4604499999997267,3.4891398467641523,3.5248928733110487,3.4604499999997267
10.188,3.4611499999997264,3.4898398467641525,3.525592873311049,3.4611499999997264
10.19,3.461849999999726,3.490539846764152,3.5262928733110486,3.461849999999726
10.192,3.4625499999997262,3.491239846764152,3.5269928733110483,3.4625499999997262
10.194,3.463249999999726,3.491939846764152,3.527692873311048,3.463249999999726
10.196,3.4639499999997256,3.4926398467641517,3.528392873311048,3.4639499999997256
10.198,3.4646499999997253,3.4933398467641514,3.529092873311048,3.4646499999997253
10.2,3.4653499999997255,3.494039846764151,3.5297928733110475,3.4653499999997255
10.202,3.466049999999725,3.4947398467641513,3.530492873311047,3.466049999999725
10.204,3.466749999999725,3.495439846764151,3.5311928733110474,3.466749999999725
10.206,3.4674499999997246,3.4961398467641507,3.531892873311047,3.4674499999997246
10.208,3.4681499999997247,3.4968398467641504,3.5325928733110468,3.4681499999997247
10.21,3.4688499999997244,3.4975398467641505,3.5332928733110465,3.4688499999997244
10.212,3.469549999999724,3.4982398467641502,3.5339928733110466,3.469549999999724
10.214,3.470249999999724,3.49893984676415,3.5346928733110463,3.470249999999724
10.216,3.470949999999724,3.4996398467641496,3.535392873311046,3.470949999999724
10.218,3.4716499999997237,3.5003398467641498,3.536092873311046,3.4716499999997237
10.22,3.4723499999997234,3.5010398467641495,3.536792873311046,3.4723499999997234
10.222,3.4730499999997235,3.501739846764149,3.5374928733110456,3.4730499999997235
10.224,3.4737499999997232,3.502439846764149,3.5381928733110453,3.4737499999997232
10.226,3.474449999999723,3.503139846764149,3.5388928733110454,3.474449999999723
10.228,3.4751499999997226,3.5038398467641487,3.539592873311045,3.4751499999997226
10.23,3.4758499999997228,3.5045398467641484,3.540292873311045,3.4758499999997228
10.232,3.4765499999997225,3.5052398467641486,3.5409928733110445,3.4765499999997225
10.234,3.477249999999722,3.5059398467641483,3.5416928733110447,3.477249999999722
10.236,3.477949999999722,3.506639846764148,3.5423928733110444,3.477949999999722
10.238,3.478649999999722,3.5073398467641477,3.543092873311044,3.478649999999722
10.24,3.4793499999997217,3.508039846764148,3.5437928733110438,3.4793499999997217
10.242,3.4800499999997214,3.5087398467641475,3.544492873311044,3.4800499999997214
10.244,3.480749999999721,3.509439846764147,3.5451928733110436,3.480749999999721
10.246,3.4814499999997213,3.510139846764147,3.5458928733110433,3.4814499999997213
10.248,3.482149999999721,3.510839846764147,3.546592873311043,3.482149999999721
10.25,3.4828499999997207,3.5115398467641468,3.547292873311043,3.4828499999997207
10.252,3.4835499999997204,3.5122398467641465,3.547992873311043,3.4835499999997204
10.254,3.4842499999997205,3.512939846764146,3.5486928733110426,3.4842499999997205
10.256,3.48494999999972,3.5136398467641463,3.5493928733110427,3.48494999999972
10.258,3.48564999999972,3.514339846764146,3.5500928733110424,3.48564999999972
10.26,3.48634999999972,3.5150398467641457,3.550792873311042,3.48634999999972
10.262,3.4870499999997198,3.515739846764146,3.551492873311042,3.4870499999997198
10.264,3.4877499999997195,3.5164398467641456,3.552192873311042,3.4877499999997195
10.266,3.488449999999719,3.5171398467641453,3.5528928733110416,3.488449999999719
10.268,3.4891499999997193,3.517839846764145,3.5535928733110413,3.4891499999997193
10.27,3.489849999999719,3.518539846764145,3.554292873311041,3.489849999999719
10.272,3.4905499999997187,3.519239846764145,3.554992873311041,3.4905499999997187
10.274,3.4912499999997184,3.5199398467641445,3.555692873311041,3.4912499999997184
10.276,3.4919499999997186,3.520639846764144,3.5563928733110406,3.4919499999997186
10.278,3.4926499999997183,3.5213398467641444,3.5570928733110403,3.4926499999997183
10.28,3.493349999999718,3.522039846764144,3.5577928733110404,3.493349999999718
10.282,3.4940499999997177,3.5227398467641438,3.55849287331104,3.4940499999997177
10.284,3.494749999999718,3.5234398467641435,3.55919287331104,3.494749999999718
10.286,3.4954499999997175,3.5241398467641436,3.55989287331104,3.4954499999997175
10.288,3.496149999999717,3.5248398467641433,3.5605928733110397,3.496149999999717
10.29,3.496849999999717,3.525539846764143,3.5612928733110394,3.496849999999717
10.292,3.497549999999717,3.5262398467641427,3.561992873311039,3.497549999999717
10.294,3.4982499999997168,3.526939846764143,3.5626928733110392,3.4982499999997168
10.296,3.4989499999997165,3.5276398467641426,3.563392873311039,3.4989499999997165
10.298,3.4996499999997166,3.5283398467641423,3.5640928733110386,3.4996499999997166
10.3,3.5003499999997163,3.5290398467641424,3.5647928733110383,3.5003499999997163
10.302,3.501049999999716,3.529739846764142,3.5654928733110385,3.501049999999716
10.304,3.5017499999997157,3.530439846764142,3.566192873311038,3.5017499999997157
10.306,3.502449999999716,3.5311398467641415,3.566892873311038,3.502449999999716
10.308,3.5031499999997155,3.5318398467641416,3.5675928733110376,3.5031499999997155
10.31,3.5038499999997152,3.5325398467641413,3.5682928733110377,3.5038499999997152
10.312,3.504549999999715,3.533239846764141,3.5689928733110374,3.504549999999715
10.314,3.505249999999715,3.5339398467641407,3.569692873311037,3.505249999999715
10.316,3.505949999999715,3.534639846764141,3.570392873311037,3.505949999999715
10.318,3.5066499999997145,3.5353398467641406,3.571092873311037,3.5066499999997145
10.32,3.507349999999714,3.5360398467641403,3.5717928733110367,3.507349999999714
10.322,3.5080499999997143,3.53673984676414,3.5724928733110364,3.5080499999997143
10.324,3.508749999999714,3.53743984676414,3.5731928733110365,3.508749999999714
10.326,3.5094499999997137,3.53813984676414,3.5738928733110362,3.5094499999997137
10.328,3.510149999999714,3.5388398467641395,3.574592873311036,3.510149999999714
10.33,3.5108499999997136,3.5395398467641392,3.5752928733110356,3.5108499999997136
10.332,3.5115499999997133,3.5402398467641394,3.5759928733110358,3.5115499999997133
10.334,3.512249999999713,3.540939846764139,3.5766928733110355,3.512249999999713
10.336,3.512949999999713,3.541639846764139,3.577392873311035,3.512949999999713
10.338,3.513649999999713,3.542339846764139,3.578092873311035,3.513649999999713
10.34,3.5143499999997125,3.5430398467641386,3.578792873311035,3.5143499999997125
10.342,3.5150499999997122,3.5437398467641383,3.5794928733110347,3.5150499999997122
10.344,3.5157499999997124,3.544439846764138,3.5801928733110344,3.5157499999997124
10.346,3.516449999999712,3.545139846764138,3.580892873311034,3.516449999999712
10.348,3.517149999999712,3.545839846764138,3.5815928733110343,3.517149999999712
10.35,3.5178499999997115,3.5465398467641376,3.582292873311034,3.5178499999997115
10.352,3.5185499999997116,3.5472398467641373,3.5829928733110337,3.5185499999997116
10.354,3.5192499999997113,3.5479398467641374,3.5836928733110334,3.5192499999997113
10.356,3.519949999999711,3.548639846764137,3.5843928733110335,3.519949999999711
10.358,3.5206499999997107,3.549339846764137,3.585092873311033,3.5206499999997107
10.36,3.521349999999711,3.5500398467641365,3.585792873311033,3.521349999999711
10.362,3.5220499999997106,3.5507398467641367,3.586492873311033,3.5220499999997106
10.364,3.5227499999997103,3.5514398467641364,3.5871928733110328,3.5227499999997103
10.366,3.5234499999997104,3.552139846764136,3.5878928733110325,3.5234499999997104
10.368,3.52414999999971,3.5528398467641362,3.588592873311032,3.52414999999971
10.37,3.52484999999971,3.553539846764136,3.5892928733110323,3.52484999999971
10.372,3.5255499999997095,3.5542398467641356,3.589992873311032,3.5255499999997095
10.374,3.5262499999997097,3.5549398467641353,3.5906928733110317,3.5262499999997097
10.376,3.5269499999997094,3.5556398467641355,3.5913928733110314,3.5269499999997094
10.378,3.527649999999709,3.556339846764135,3.5920928733110316,3.527649999999709
10.38,3.5283499999997088,3.557039846764135,3.5927928733110313,3.5283499999997088
10.382,3.529049999999709,3.5577398467641346,3.593492873311031,3.529049999999709
10.384,3.5297499999997086,3.5584398467641347,3.5941928733110307,3.5297499999997086
10.386,3.5304499999997083,3.5591398467641344,3.594892873311031,3.5304499999997083
10.388,3.531149999999708,3.559839846764134,3.5955928733110305,3.531149999999708
10.39,3.531849999999708,3.560539846764134,3.59629287331103,3.531849999999708
10.392,3.532549999999708,3.561239846764134,3.5969928733110303,3.532549999999708
10.394,3.5332499999997076,3.5619398467641337,3.59769287331103,3.5332499999997076
10.396,3.5339499999997073,3.5626398467641334,3.5983928733110297,3.5339499999997073
10.398,3.5346499999997074,3.563339846764133,3.5990928733110295,3.5346499999997074
10.4,3.535349999999707,3.564039846764133,3.5997928733110296,3.535349999999707
10.402,3.536049999999707,3.564739846764133,3.6004928733110293,3.536049999999707
10.404,3.536749999999707,3.5654398467641326,3.601192873311029,3.536749999999707
10.406,3.5374499999997067,3.5661398467641328,3.6018928733110287,3.5374499999997067
10.408,3.5381499999997064,3.5668398467641325,3.602592873311029,3.5381499999997064
10.41,3.538849999999706,3.567539846764132,3.603292873311029,3.538849999999706
10.412,3.539549999999706,3.568239846764132,3.603992873311028,3.539549999999706
10.414,3.540249999999706,3.568939846764132,3.604692873311028,3.540249999999706
10.416,3.5409499999997056,3.5696398467641317,3.605392873311028,3.5409499999997056
10.418,3.5416499999997053,3.5703398467641314,3.606092873311028,3.5416499999997053
10.42,3.5423499999997055,3.571039846764131,3.606792873311027,3.5423499999997055
10.422,3.543049999999705,3.5717398467641313,3.607492873311027,3.543049999999705
10.424,3.543749999999705,3.572439846764131,3.6081928733110273,3.543749999999705
10.426,3.5444499999997046,3.5731398467641307,3.608892873311027,3.5444499999997046
10.428,3.5451499999997047,3.5738398467641304,3.6095928733110263,3.5451499999997047
10.43,3.5458499999997044,3.5745398467641305,3.6102928733110273,3.5458499999997044
10.432,3.546549999999704,3.57523984676413,3.6109928733110266,3.546549999999704
10.434,3.5472499999997043,3.57593984676413,3.6116928733110263,3.5472499999997043
10.436,3.547949999999704,3.5766398467641296,3.6123928733110255,3.547949999999704
10.438,3.5486499999997037,3.5773398467641297,3.6130928733110266,3.5486499999997037
10.44,3.5493499999997034,3.5780398467641295,3.6137928733110254,3.5493499999997034
10.442,3.5500499999997035,3.578739846764129,3.6144928733110255,3.5500499999997035
10.444,3.550749999999703,3.5794398467641293,3.6151928733110257,3.550749999999703
10.446,3.551449999999703,3.580139846764129,3.6158928733110254,3.551449999999703
10.448,3.5521499999997026,3.5808398467641287,3.6165928733110246,3.5521499999997026
10.45,3.5528499999997027,3.5815398467641284,3.617292873311025,3.5528499999997027
10.452,3.5535499999997024,3.5822398467641285,3.617992873311025,3.5535499999997024
10.454,3.554249999999702,3.5829398467641282,3.6186928733110246,3.554249999999702
10.456,3.554949999999702,3.583639846764128,3.619392873311024,3.554949999999702
10.458,3.555649999999702,3.5843398467641276,3.620092873311024,3.555649999999702
10.46,3.5563499999997017,3.585039846764128,3.620792873311024,3.5563499999997017
10.462,3.5570499999997014,3.5857398467641275,3.621492873311024,3.5570499999997014
10.464,3.557749999999701,3.586439846764127,3.622192873311023,3.557749999999701
10.466,3.5584499999997012,3.587139846764127,3.6228928733110233,3.5584499999997012
10.468,3.559149999999701,3.587839846764127,3.6235928733110234,3.559149999999701
10.47,3.5598499999997006,3.5885398467641267,3.624292873311023,3.5598499999997006
10.472,3.560549999999701,3.5892398467641264,3.6249928733110233,3.560549999999701
10.474,3.5612499999997005,3.589939846764126,3.6256928733110225,3.5612499999997005
10.476,3.5619499999997,3.5906398467641263,3.6263928733110222,3.5619499999997
10.478,3.5626499999997,3.591339846764126,3.6270928733110224,3.5626499999997
10.48,3.5633499999997,3.5920398467641257,3.6277928733110225,3.5633499999997
10.482,3.5640499999996997,3.592739846764126,3.6284928733110218,3.5640499999996997
10.484,3.5647499999996994,3.5934398467641255,3.6291928733110215,3.5647499999996994
10.486,3.565449999999699,3.5941398467641252,3.6298928733110216,3.565449999999699
10.488,3.5661499999996993,3.594839846764125,3.6305928733110218,3.5661499999996993
10.49,3.566849999999699,3.595539846764125,3.631292873311021,3.566849999999699
10.492,3.5675499999996987,3.596239846764125,3.6319928733110207,3.5675499999996987
10.494,3.5682499999996984,3.5969398467641245,3.632692873311021,3.5682499999996984
10.496,3.5689499999996985,3.597639846764124,3.633392873311021,3.5689499999996985
10.498,3.5696499999996982,3.5983398467641243,3.63409287331102,3.5696499999996982
10.5,3.570349999999698,3.599039846764124,3.634792873311021,3.570349999999698
10.502,3.5710499999996976,3.5997398467641237,3.63549287331102,3.5710499999996976
10.504,3.5717499999996978,3.6004398467641234,3.63619287331102,3.5717499999996978
10.506,3.5724499999996975,3.6011398467641236,3.63689287331102,3.5724499999996975
10.508,3.573149999999697,3.6018398467641233,3.63759287331102,3.573149999999697
10.51,3.5738499999996973,3.602539846764123,3.6382928733110194,3.5738499999996973
10.512,3.574549999999697,3.603239846764123,3.638992873311019,3.574549999999697
10.514,3.5752499999996967,3.6039398467641233,3.639692873311019,3.5752499999996967
10.516,3.5759499999996964,3.6046398467641225,3.6403928733110194,3.5759499999996964
10.518,3.5766499999996966,3.6053398467641222,3.6410928733110186,3.5766499999996966
10.52,3.5773499999996963,3.6060398467641224,3.6417928733110183,3.5773499999996963
10.522,3.578049999999696,3.6067398467641225,3.6424928733110185,3.578049999999696
10.524,3.5787499999996957,3.6074398467641218,3.6431928733110186,3.5787499999996957
10.526,3.579449999999696,3.6081398467641215,3.6438928733110174,3.579449999999696
10.528,3.5801499999996955,3.6088398467641216,3.6445928733110176,3.5801499999996955
10.53,3.580849999999695,3.6095398467641218,3.6452928733110177,3.580849999999695
10.532,3.581549999999695,3.610239846764121,3.6459928733110174,3.581549999999695
10.534,3.582249999999695,3.6109398467641207,3.6466928733110167,3.582249999999695
10.536,3.5829499999996948,3.611639846764121,3.6473928733110177,3.5829499999996948
10.538,3.5836499999996945,3.612339846764121,3.648092873311017,3.5836499999996945
10.54,3.5843499999996946,3.61303984676412,3.6487928733110166,3.5843499999996946
10.542,3.5850499999996943,3.61373984676412,3.649492873311016,3.5850499999996943
10.544,3.585749999999694,3.61443984676412,3.650192873311017,3.585749999999694
10.546,3.5864499999996937,3.61513984676412,3.650892873311016,3.5864499999996937
10.548,3.587149999999694,3.615839846764119,3.651592873311016,3.587149999999694
10.55,3.5878499999996936,3.61653984676412,3.652292873311015,3.5878499999996936
10.552,3.5885499999996933,3.6172398467641194,3.652992873311016,3.5885499999996933
10.554,3.589249999999693,3.617939846764119,3.653692873311015,3.589249999999693
10.556,3.589949999999693,3.6186398467641183,3.654392873311015,3.589949999999693
10.558,3.590649999999693,3.6193398467641194,3.6550928733110153,3.590649999999693
10.56,3.5913499999996925,3.6200398467641186,3.655792873311015,3.5913499999996925
10.562,3.592049999999692,3.6207398467641183,3.6564928733110142,3.592049999999692
10.564,3.5927499999996924,3.6214398467641185,3.6571928733110144,3.5927499999996924
10.566,3.593449999999692,3.6221398467641186,3.6578928733110145,3.593449999999692
10.568,3.5941499999996918,3.6228398467641174,3.6585928733110142,3.5941499999996918
10.57,3.5948499999996915,3.6235398467641176,3.6592928733110135,3.5948499999996915
10.572,3.5955499999996916,3.6242398467641177,3.6599928733110136,3.5955499999996916
10.574,3.5962499999996913,3.6249398467641174,3.660692873311014,3.5962499999996913
10.576,3.596949999999691,3.6256398467641167,3.6613928733110135,3.596949999999691
10.578,3.597649999999691,3.626339846764117,3.6620928733110127,3.597649999999691
10.58,3.598349999999691,3.627039846764117,3.662792873311013,3.598349999999691
10.582,3.5990499999996906,3.6277398467641166,3.6634928733110126,3.5990499999996906
10.584,3.5997499999996903,3.628439846764116,3.6641928733110127,3.5997499999996903
10.586,3.6004499999996904,3.629139846764116,3.664892873311013,3.6004499999996904
10.588,3.60114999999969,3.629839846764116,3.665592873311012,3.60114999999969
10.59,3.60184999999969,3.630539846764116,3.666292873311012,3.60184999999969
10.592,3.6025499999996895,3.631239846764115,3.666992873311012,3.6025499999996895
10.594,3.6032499999996896,3.6319398467641153,3.667692873311012,3.6032499999996896
10.596,3.60394999999969,3.632639846764115,3.6683928733110114,3.60394999999969
10.598,3.6046499999996886,3.633339846764115,3.669092873311011,3.6046499999996886
10.6,3.6053499999996887,3.6340398467641153,3.6697928733110112,3.6053499999996887
10.602,3.606049999999689,3.6347398467641145,3.6704928733110114,3.606049999999689
10.604,3.6067499999996886,3.6354398467641142,3.67119287331101,3.6067499999996886
10.606,3.607449999999688,3.6361398467641144,3.6718928733110103,3.607449999999688
10.608,3.608149999999688,3.6368398467641145,3.6725928733110105,3.608149999999688
10.61,3.608849999999688,3.637539846764114,3.6732928733110106,3.608849999999688
10.612,3.609549999999688,3.6382398467641135,3.6739928733110103,3.609549999999688
10.614,3.610249999999687,3.6389398467641136,3.6746928733110105,3.610249999999687
10.616,3.610949999999688,3.639639846764114,3.6753928733110097,3.610949999999688
10.618,3.6116499999996874,3.6403398467641135,3.6760928733110094,3.6116499999996874
10.62,3.612349999999687,3.6410398467641127,3.6767928733110096,3.612349999999687
10.622,3.6130499999996863,3.641739846764113,3.6774928733110097,3.6130499999996863
10.624,3.6137499999996874,3.6424398467641126,3.678192873311009,3.6137499999996874
10.626,3.614449999999686,3.6431398467641127,3.6788928733110087,3.614449999999686
10.628,3.6151499999996863,3.643839846764113,3.679592873311009,3.6151499999996863
10.63,3.6158499999996865,3.644539846764112,3.680292873311009,3.6158499999996865
10.632,3.616549999999686,3.645239846764112,3.680992873311008,3.616549999999686
10.634,3.6172499999996854,3.645939846764112,3.681692873311008,3.6172499999996854
10.636,3.6179499999996856,3.646639846764112,3.682392873311008,3.6179499999996856
10.638,3.6186499999996857,3.6473398467641114,3.683092873311008,3.6186499999996857
10.64,3.6193499999996854,3.648039846764111,3.683792873311007,3.6193499999996854
10.642,3.6200499999996847,3.6487398467641112,3.684492873311008,3.6200499999996847
10.644,3.620749999999685,3.6494398467641114,3.6851928733110073,3.620749999999685
10.646,3.621449999999685,3.65013984676411,3.685892873311007,3.621449999999685
10.648,3.6221499999996847,3.6508398467641103,3.6865928733110063,3.6221499999996847
10.65,3.622849999999684,3.6515398467641105,3.6872928733110073,3.622849999999684
10.652,3.623549999999684,3.6522398467641106,3.6879928733110066,3.623549999999684
10.654,3.624249999999684,3.6529398467641094,3.6886928733110063,3.624249999999684
10.656,3.624949999999684,3.6536398467641105,3.6893928733110055,3.624949999999684
10.658,3.625649999999684,3.6543398467641097,3.6900928733110065,3.625649999999684
10.66,3.6263499999996833,3.6550398467641094,3.690792873311006,3.6263499999996833
10.662,3.627049999999683,3.6557398467641087,3.6914928733110055,3.627049999999683
10.664,3.627749999999683,3.6564398467641097,3.6921928733110057,3.627749999999683
10.666,3.6284499999996833,3.657139846764109,3.692892873311006,3.6284499999996833
10.668,3.6291499999996826,3.6578398467641087,3.6935928733110046,3.6291499999996826
10.67,3.6298499999996823,3.658539846764108,3.6942928733110048,3.6298499999996823
10.672,3.6305499999996824,3.659239846764109,3.694992873311005,3.6305499999996824
10.674,3.6312499999996826,3.659939846764108,3.6956928733110046,3.6312499999996826
10.676,3.631949999999682,3.660639846764108,3.696392873311004,3.631949999999682
10.678,3.6326499999996815,3.661339846764108,3.697092873311004,3.6326499999996815
10.68,3.6333499999996817,3.662039846764108,3.697792873311004,3.6333499999996817
10.682,3.634049999999682,3.662739846764107,3.698492873311004,3.634049999999682
10.684,3.6347499999996815,3.663439846764107,3.699192873311003,3.6347499999996815
10.686,3.6354499999996817,3.6641398467641073,3.6998928733110032,3.6354499999996817
10.688,3.636149999999681,3.664839846764107,3.7005928733110034,3.636149999999681
10.69,3.6368499999996806,3.6655398467641063,3.701292873311003,3.6368499999996806
10.692,3.6375499999996808,3.6662398467641064,3.7019928733110024,3.6375499999996808
10.694,3.638249999999681,3.6669398467641066,3.7026928733110025,3.638249999999681
10.696,3.63894999999968,3.6676398467641063,3.703392873311002,3.63894999999968
10.698,3.63964999999968,3.6683398467641055,3.7040928733110023,3.63964999999968
10.7,3.64034999999968,3.6690398467641057,3.7047928733110025,3.64034999999968
10.702,3.64104999999968,3.669739846764106,3.7054928733110017,3.64104999999968
10.704,3.6417499999996794,3.6704398467641055,3.7061928733110014,3.6417499999996794
10.706,3.642449999999679,3.6711398467641057,3.7068928733110016,3.642449999999679
10.708,3.6431499999996793,3.671839846764105,3.7075928733110017,3.6431499999996793
10.71,3.6438499999996794,3.6725398467641046,3.708292873311001,3.6438499999996794
10.712,3.644549999999678,3.6732398467641048,3.7089928733110007,3.644549999999678
10.714,3.6452499999996784,3.673939846764105,3.709692873311001,3.6452499999996784
10.716,3.6459499999996785,3.674639846764104,3.710392873311001,3.6459499999996785
10.718,3.646649999999678,3.675339846764104,3.7110928733110007,3.646649999999678
10.72,3.6473499999996775,3.676039846764104,3.711792873311,3.6473499999996775
10.722,3.6480499999996785,3.676739846764104,3.712492873311,3.6480499999996785
10.724,3.6487499999996778,3.677439846764104,3.713192873311,3.6487499999996778
10.726,3.6494499999996775,3.678139846764103,3.713892873311,3.6494499999996775
10.728,3.6501499999996767,3.6788398467641032,3.714592873311,3.6501499999996767
10.73,3.6508499999996777,3.6795398467641034,3.7152928733109993,3.6508499999996777
10.732,3.651549999999677,3.680239846764103,3.715992873310999,3.651549999999677
10.734,3.6522499999996767,3.6809398467641024,3.716692873310999,3.6522499999996767
10.736,3.652949999999677,3.6816398467641025,3.7173928733109993,3.652949999999677
10.738,3.653649999999677,3.682339846764102,3.7180928733109986,3.653649999999677
10.74,3.654349999999676,3.6830398467641023,3.7187928733109983,3.654349999999676
10.742,3.655049999999676,3.6837398467641025,3.7194928733109984,3.655049999999676
10.744,3.655749999999676,3.6844398467641017,3.7201928733109986,3.655749999999676
10.746,3.656449999999676,3.6851398467641014,3.7208928733109974,3.656449999999676
10.748,3.657149999999675,3.6858398467641016,3.7215928733109975,3.657149999999675
10.75,3.657849999999675,3.6865398467641017,3.7222928733109977,3.657849999999675
10.752,3.6585499999996753,3.687239846764101,3.722992873310998,3.6585499999996753
10.754,3.659249999999675,3.6879398467641007,3.7236928733109966,3.659249999999675
10.756,3.6599499999996743,3.688639846764101,3.7243928733109977,3.6599499999996743
10.758,3.6606499999996744,3.689339846764101,3.725092873310997,3.6606499999996744
10.76,3.6613499999996746,3.6900398467641,3.7257928733109966,3.6613499999996746
10.762,3.6620499999996743,3.6907398467641,3.726492873310996,3.6620499999996743
10.764,3.6627499999996735,3.6914398467641,3.727192873310997,3.6627499999996735
10.766,3.6634499999996737,3.6921398467641,3.727892873310996,3.6634499999996737
10.768,3.6641499999996734,3.692839846764099,3.728592873310996,3.6641499999996734
10.77,3.6648499999996735,3.6935398467641,3.729292873310995,3.6648499999996735
10.772,3.6655499999996737,3.6942398467640993,3.729992873310996,3.6655499999996737
10.774,3.666249999999673,3.694939846764099,3.7306928733109954,3.666249999999673
10.776,3.6669499999996726,3.6956398467640983,3.731392873310995,3.6669499999996726
10.778,3.667649999999673,3.6963398467640993,3.7320928733109953,3.667649999999673
10.78,3.668349999999673,3.6970398467640986,3.7327928733109954,3.668349999999673
10.782,3.669049999999672,3.6977398467640983,3.733492873310994,3.669049999999672
10.784,3.669749999999672,3.6984398467640975,3.7341928733109944,3.669749999999672
10.786,3.670449999999672,3.6991398467640986,3.7348928733109945,3.670449999999672
10.788,3.671149999999672,3.6998398467640974,3.735592873310994,3.671149999999672
10.79,3.671849999999672,3.7005398467640975,3.7362928733109935,3.671849999999672
10.792,3.672549999999671,3.7012398467640977,3.7369928733109936,3.672549999999671
10.794,3.6732499999996713,3.701939846764098,3.7376928733109938,3.6732499999996713
10.796,3.673949999999671,3.7026398467640966,3.7383928733109935,3.673949999999671
10.798,3.674649999999671,3.7033398467640968,3.7390928733109927,3.674649999999671
10.8,3.6753499999996713,3.704039846764097,3.739792873310993,3.6753499999996713
10.802,3.6760499999996705,3.7047398467640966,3.740492873310993,3.6760499999996705
10.804,3.6767499999996702,3.705439846764096,3.7411928733109927,3.6767499999996702
10.806,3.6774499999996704,3.706139846764096,3.741892873310993,3.6774499999996704
10.808,3.6781499999996705,3.706839846764096,3.742592873310992,3.6781499999996705
10.81,3.6788499999996698,3.707539846764096,3.743292873310992,3.6788499999996698
10.812,3.6795499999996695,3.708239846764095,3.743992873310992,3.6795499999996695
10.814,3.6802499999996696,3.7089398467640953,3.744692873310992,3.6802499999996696
10.816,3.6809499999996698,3.7096398467640954,3.7453928733109914,3.6809499999996698
10.818,3.681649999999669,3.710339846764095,3.746092873310991,3.681649999999669
10.82,3.6823499999996687,3.7110398467640953,3.746792873310991,3.6823499999996687
10.822,3.683049999999669,3.7117398467640945,3.7474928733109913,3.683049999999669
10.824,3.683749999999669,3.712439846764094,3.748192873310991,3.683749999999669
10.826,3.684449999999668,3.7131398467640944,3.7488928733109903,3.684449999999668
10.828,3.685149999999669,3.7138398467640945,3.7495928733109904,3.685149999999669
10.83,3.685849999999668,3.7145398467640938,3.7502928733109906,3.685849999999668
10.832,3.686549999999668,3.7152398467640935,3.7509928733109903,3.686549999999668
10.834,3.687249999999667,3.7159398467640936,3.7516928733109896,3.687249999999667
10.836,3.687949999999668,3.7166398467640938,3.7523928733109897,3.687949999999668
10.838,3.6886499999996674,3.7173398467640935,3.7530928733109894,3.6886499999996674
10.84,3.689349999999667,3.7180398467640927,3.7537928733109895,3.689349999999667
10.842,3.6900499999996663,3.718739846764093,3.7544928733109897,3.6900499999996663
10.844,3.6907499999996674,3.719439846764093,3.755192873310989,3.6907499999996674
10.846,3.6914499999996666,3.7201398467640927,3.7558928733109886,3.6914499999996666
10.848,3.6921499999996663,3.720839846764093,3.756592873310989,3.6921499999996663
10.85,3.6928499999996665,3.721539846764092,3.757292873310989,3.6928499999996665
10.852,3.6935499999996666,3.722239846764092,3.757992873310988,3.6935499999996666
10.854,3.6942499999996654,3.722939846764092,3.758692873310988,3.6942499999996654
10.856,3.6949499999996656,3.723639846764092,3.759392873310988,3.6949499999996656
10.858,3.6956499999996657,3.7243398467640914,3.760092873310988,3.6956499999996657
10.86,3.6963499999996654,3.725039846764091,3.760792873310987,3.6963499999996654
10.862,3.6970499999996647,3.725739846764091,3.761492873310987,3.6970499999996647
10.864,3.697749999999665,3.7264398467640913,3.7621928733109873,3.697749999999665
10.866,3.698449999999665,3.7271398467640906,3.762892873310987,3.698449999999665
10.868,3.6991499999996647,3.7278398467640903,3.7635928733109862,3.6991499999996647
10.87,3.699849999999664,3.7285398467640904,3.7642928733109873,3.699849999999664
10.872,3.700549999999664,3.7292398467640906,3.7649928733109865,3.700549999999664
10.874,3.701249999999664,3.7299398467640894,3.7656928733109862,3.701249999999664
10.876,3.701949999999664,3.7306398467640896,3.7663928733109855,3.701949999999664
10.878,3.702649999999663,3.7313398467640897,3.7670928733109865,3.702649999999663
10.88,3.7033499999996633,3.7320398467640894,3.767792873310986,3.7033499999996633
10.882,3.704049999999663,3.7327398467640887,3.7684928733109855,3.704049999999663
10.884,3.704749999999663,3.7334398467640897,3.7691928733109847,3.704749999999663
10.886,3.7054499999996633,3.734139846764089,3.7698928733109858,3.7054499999996633
10.888,3.7061499999996625,3.7348398467640886,3.7705928733109846,3.7061499999996625
10.89,3.7068499999996622,3.735539846764088,3.7712928733109847,3.7068499999996622
10.892,3.7075499999996624,3.736239846764089,3.771992873310985,3.7075499999996624
10.894,3.7082499999996625,3.736939846764088,3.772692873310985,3.7082499999996625
10.896,3.7089499999996622,3.737639846764088,3.773392873310984,3.7089499999996622
10.898,3.7096499999996615,3.738339846764087,3.774092873310984,3.7096499999996615
10.9,3.7103499999996616,3.739039846764088,3.774792873310984,3.7103499999996616
10.902,3.711049999999662,3.739739846764087,3.775492873310984,3.711049999999662
10.904,3.7117499999996615,3.740439846764087,3.776192873310983,3.7117499999996615
10.906,3.7124499999996607,3.7411398467640873,3.7768928733109832,3.7124499999996607
10.908,3.713149999999661,3.741839846764087,3.7775928733109834,3.713149999999661
10.91,3.7138499999996606,3.7425398467640862,3.778292873310983,3.7138499999996606
10.912,3.7145499999996607,3.7432398467640864,3.7789928733109823,3.7145499999996607
10.914,3.715249999999661,3.7439398467640865,3.7796928733109825,3.715249999999661
10.916,3.71594999999966,3.7446398467640862,3.7803928733109826,3.71594999999966
10.918,3.71664999999966,3.7453398467640855,3.7810928733109823,3.71664999999966
10.92,3.71734999999966,3.7460398467640856,3.7817928733109825,3.71734999999966
10.922,3.71804999999966,3.746739846764086,3.7824928733109817,3.71804999999966
10.924,3.7187499999996594,3.7474398467640855,3.7831928733109814,3.7187499999996594
10.926,3.719449999999659,3.7481398467640847,3.7838928733109816,3.719449999999659
10.928,3.7201499999996592,3.748839846764085,3.7845928733109817,3.7201499999996592
10.93,3.7208499999996594,3.7495398467640846,3.7852928733109814,3.7208499999996594
10.932,3.721549999999658,3.7502398467640847,3.7859928733109807,3.721549999999658
10.934,3.7222499999996583,3.750939846764085,3.786692873310981,3.7222499999996583
10.936,3.7229499999996585,3.751639846764084,3.787392873310981,3.7229499999996585
10.938,3.7236499999996586,3.752339846764084,3.7880928733109807,3.7236499999996586
10.94,3.7243499999996574,3.753039846764084,3.78879287331098,3.7243499999996574
10.942,3.7250499999996585,3.753739846764084,3.78949287331098,3.7250499999996585
10.944,3.7257499999996577,3.754439846764084,3.79019287331098,3.7257499999996577
10.946,3.7264499999996574,3.755139846764083,3.79089287331098,3.7264499999996574
10.948,3.7271499999996567,3.7558398467640832,3.79159287331098,3.7271499999996567
10.95,3.7278499999996577,3.7565398467640834,3.7922928733109793,3.7278499999996577
10.952,3.728549999999657,3.757239846764083,3.792992873310979,3.728549999999657
10.954,3.7292499999996567,3.7579398467640823,3.793692873310979,3.7292499999996567
10.956,3.729949999999656,3.7586398467640825,3.7943928733109793,3.729949999999656
10.958,3.730649999999657,3.7593398467640826,3.7950928733109786,3.730649999999657
10.96,3.731349999999656,3.7600398467640823,3.7957928733109783,3.731349999999656
10.962,3.732049999999656,3.7607398467640825,3.7964928733109784,3.732049999999656
10.964,3.732749999999656,3.7614398467640817,3.7971928733109785,3.732749999999656
10.966,3.733449999999656,3.7621398467640814,3.797892873310978,3.733449999999656
10.968,3.734149999999655,3.7628398467640816,3.7985928733109775,3.734149999999655
10.97,3.734849999999655,3.7635398467640817,3.7992928733109776,3.734849999999655
10.972,3.7355499999996553,3.764239846764081,3.799992873310978,3.7355499999996553
10.974,3.736249999999655,3.7649398467640807,3.8006928733109766,3.736249999999655
10.976,3.7369499999996543,3.765639846764081,3.8013928733109767,3.7369499999996543
10.978,3.7376499999996544,3.766339846764081,3.802092873310977,3.7376499999996544
10.98,3.7383499999996546,3.76703984676408,3.8027928733109766,3.7383499999996546
10.982,3.7390499999996543,3.76773984676408,3.803492873310976,3.7390499999996543
10.984,3.7397499999996535,3.76843984676408,3.804192873310977,3.7397499999996535
10.986,3.7404499999996537,3.76913984676408,3.804892873310976,3.7404499999996537
10.988,3.741149999999654,3.769839846764079,3.805592873310976,3.741149999999654
10.99,3.7418499999996535,3.77053984676408,3.806292873310975,3.7418499999996535
10.992,3.7425499999996537,3.7712398467640793,3.806992873310976,3.7425499999996537
10.994,3.743249999999653,3.771939846764079,3.8076928733109754,3.743249999999653
10.996,3.7439499999996526,3.7726398467640783,3.808392873310975,3.7439499999996526
10.998,3.7446499999996528,3.7733398467640793,3.8090928733109752,3.7446499999996528
11.0,3.745349999999653,3.7740398467640786,3.8097928733109754,3.745349999999653
11.002,3.746049999999652,3.7747398467640783,3.810492873310974,3.746049999999652
11.004,3.746749999999652,3.7754398467640775,3.8111928733109743,3.746749999999652
11.006,3.747449999999652,3.7761398467640785,3.8118928733109745,3.747449999999652
11.008,3.748149999999652,3.776839846764078,3.812592873310974,3.748149999999652
11.01,3.748849999999652,3.7775398467640775,3.8132928733109734,3.748849999999652
11.012,3.749549999999651,3.7782398467640776,3.8139928733109736,3.749549999999651
11.014,3.7502499999996513,3.778939846764078,3.8146928733109737,3.7502499999996513
11.016,3.7509499999996514,3.7796398467640766,3.8153928733109734,3.7509499999996514
11.018,3.751649999999651,3.7803398467640767,3.8160928733109727,3.751649999999651
11.02,3.7523499999996504,3.781039846764077,3.816792873310973,3.7523499999996504
11.022,3.7530499999996505,3.7817398467640766,3.817492873310973,3.7530499999996505
11.024,3.75374999999965,3.782439846764076,3.8181928733109727,3.75374999999965
11.026,3.7544499999996503,3.783139846764076,3.818892873310972,3.7544499999996503
11.028,3.7551499999996505,3.783839846764076,3.819592873310972,3.7551499999996505
11.03,3.7558499999996497,3.784539846764076,3.820292873310972,3.7558499999996497
11.032,3.7565499999996494,3.785239846764075,3.820992873310972,3.7565499999996494
11.034,3.7572499999996496,3.7859398467640752,3.821692873310972,3.7572499999996496
11.036,3.7579499999996497,3.7866398467640754,3.822392873310972,3.7579499999996497
11.038,3.758649999999649,3.787339846764075,3.823092873310971,3.758649999999649
11.04,3.7593499999996487,3.7880398467640743,3.823792873310971,3.7593499999996487
11.042,3.760049999999649,3.7887398467640745,3.8244928733109713,3.760049999999649
11.044,3.760749999999649,3.789439846764074,3.825192873310971,3.760749999999649
11.046,3.761449999999648,3.7901398467640743,3.8258928733109703,3.761449999999648
11.048,3.762149999999648,3.7908398467640745,3.8265928733109704,3.762149999999648
11.05,3.762849999999648,3.791539846764074,3.8272928733109706,3.762849999999648
11.052,3.763549999999648,3.7922398467640734,3.8279928733109703,3.763549999999648
11.054,3.764249999999647,3.7929398467640736,3.8286928733109695,3.764249999999647
11.056,3.764949999999648,3.7936398467640737,3.8293928733109697,3.764949999999648
11.058,3.7656499999996473,3.7943398467640734,3.83009287331097,3.7656499999996473
11.06,3.766349999999647,3.7950398467640727,3.8307928733109695,3.766349999999647
11.062,3.7670499999996463,3.795739846764073,3.8314928733109697,3.7670499999996463
11.064,3.7677499999996473,3.796439846764073,3.832192873310969,3.7677499999996473
11.066,3.7684499999996466,3.7971398467640727,3.8328928733109686,3.7684499999996466
11.068,3.7691499999996463,3.797839846764072,3.8335928733109688,3.7691499999996463
11.07,3.7698499999996455,3.798539846764072,3.834292873310969,3.7698499999996455
11.072,3.7705499999996466,3.799239846764072,3.834992873310968,3.7705499999996466
11.074,3.7712499999996454,3.799939846764072,3.835692873310968,3.7712499999996454
11.076,3.7719499999996455,3.800639846764072,3.836392873310968,3.7719499999996455
11.078,3.7726499999996457,3.8013398467640713,3.837092873310968,3.7726499999996457
11.08,3.773349999999646,3.802039846764071,3.8377928733109674,3.773349999999646
11.082,3.7740499999996446,3.802739846764071,3.838492873310967,3.7740499999996446
11.084,3.774749999999645,3.8034398467640713,3.8391928733109673,3.774749999999645
11.086,3.775449999999645,3.8041398467640706,3.8398928733109674,3.775449999999645
11.088,3.7761499999996446,3.8048398467640703,3.840592873310966,3.7761499999996446
11.09,3.776849999999644,3.8055398467640704,3.8412928733109672,3.776849999999644
11.092,3.777549999999644,3.8062398467640706,3.8419928733109665,3.777549999999644
11.094,3.778249999999644,3.8069398467640694,3.842692873310966,3.778249999999644
11.096,3.778949999999644,3.8076398467640695,3.8433928733109655,3.778949999999644
11.098,3.779649999999643,3.8083398467640697,3.8440928733109665,3.779649999999643
11.1,3.7803499999996433,3.80903984676407,3.8447928733109658,3.7803499999996433
11.102,3.7810499999996434,3.8097398467640686,3.8454928733109655,3.7810499999996434
11.104,3.781749999999643,3.8104398467640697,3.8461928733109656,3.781749999999643
11.106,3.7824499999996433,3.811139846764069,3.8468928733109657,3.7824499999996433
11.108,3.7831499999996425,3.8118398467640686,3.847592873310965,3.7831499999996425
11.11,3.783849999999642,3.812539846764068,3.8482928733109647,3.783849999999642
11.112,3.7845499999996424,3.813239846764069,3.848992873310965,3.7845499999996424
11.114,3.7852499999996425,3.813939846764068,3.849692873310965,3.7852499999996425
11.116,3.785949999999642,3.814639846764068,3.850392873310964,3.785949999999642
11.118,3.7866499999996415,3.815339846764068,3.851092873310964,3.7866499999996415
11.12,3.7873499999996416,3.816039846764068,3.851792873310964,3.7873499999996416
11.122,3.7880499999996418,3.8167398467640674,3.852492873310964,3.7880499999996418
11.124,3.7887499999996415,3.817439846764067,3.853192873310963,3.7887499999996415
11.126,3.7894499999996407,3.8181398467640673,3.853892873310963,3.7894499999996407
11.128,3.790149999999641,3.8188398467640674,3.8545928733109633,3.790149999999641
11.13,3.790849999999641,3.819539846764066,3.855292873310963,3.790849999999641
11.132,3.7915499999996407,3.8202398467640664,3.8559928733109623,3.7915499999996407
11.134,3.792249999999641,3.8209398467640665,3.8566928733109624,3.792249999999641
11.136,3.79294999999964,3.821639846764066,3.8573928733109626,3.79294999999964
11.138,3.79364999999964,3.8223398467640655,3.8580928733109623,3.79364999999964
11.14,3.79434999999964,3.8230398467640656,3.8587928733109615,3.79434999999964
11.142,3.79504999999964,3.8237398467640658,3.8594928733109626,3.79504999999964
11.144,3.7957499999996394,3.8244398467640655,3.8601928733109614,3.7957499999996394
11.146,3.796449999999639,3.8251398467640647,3.8608928733109615,3.796449999999639
11.148,3.797149999999639,3.825839846764065,3.8615928733109617,3.797149999999639
11.15,3.7978499999996393,3.826539846764065,3.8622928733109614,3.7978499999996393
11.152,3.7985499999996386,3.8272398467640647,3.8629928733109606,3.7985499999996386
11.154,3.7992499999996383,3.827939846764065,3.863692873310961,3.7992499999996383
11.156,3.7999499999996385,3.828639846764065,3.864392873310961,3.7999499999996385
11.158,3.8006499999996386,3.829339846764064,3.8650928733109606,3.8006499999996386
11.16,3.8013499999996374,3.830039846764064,3.86579287331096,3.8013499999996374
11.162,3.8020499999996376,3.830739846764064,3.86649287331096,3.8020499999996376
11.164,3.8027499999996377,3.831439846764064,3.86719287331096,3.8027499999996377
11.166,3.8034499999996374,3.832139846764063,3.86789287331096,3.8034499999996374
11.168,3.8041499999996367,3.832839846764063,3.868592873310959,3.8041499999996367
11.17,3.8048499999996377,3.8335398467640633,3.8692928733109593,3.8048499999996377
11.172,3.805549999999637,3.834239846764063,3.869992873310959,3.805549999999637
11.174,3.8062499999996366,3.8349398467640623,3.870692873310959,3.8062499999996366
11.176,3.806949999999636,3.8356398467640624,3.8713928733109593,3.806949999999636
11.178,3.807649999999637,3.8363398467640626,3.8720928733109585,3.807649999999637
11.18,3.808349999999636,3.8370398467640623,3.8727928733109582,3.808349999999636
11.182,3.809049999999636,3.8377398467640615,3.8734928733109584,3.809049999999636
11.184,3.809749999999636,3.8384398467640617,3.8741928733109585,3.809749999999636
11.186,3.810449999999636,3.8391398467640614,3.8748928733109578,3.810449999999636
11.188,3.811149999999635,3.8398398467640615,3.8755928733109575,3.811149999999635
11.19,3.811849999999635,3.8405398467640617,3.8762928733109576,3.811849999999635
11.192,3.8125499999996353,3.841239846764061,3.8769928733109578,3.8125499999996353
11.194,3.813249999999635,3.8419398467640606,3.8776928733109566,3.813249999999635
11.196,3.8139499999996342,3.842639846764061,3.8783928733109567,3.8139499999996342
11.198,3.8146499999996344,3.843339846764061,3.879092873310957,3.8146499999996344
11.2,3.8153499999996345,3.84403984676406,3.879792873310957,3.8153499999996345
11.202,3.8160499999996342,3.84473984676406,3.880492873310956,3.8160499999996342
11.204,3.8167499999996335,3.84543984676406,3.881192873310957,3.8167499999996335
11.206,3.8174499999996336,3.84613984676406,3.881892873310956,3.8174499999996336
11.208,3.818149999999634,3.846839846764059,3.882592873310956,3.818149999999634
11.21,3.8188499999996335,3.847539846764059,3.883292873310955,3.8188499999996335
11.212,3.8195499999996327,3.8482398467640593,3.883992873310956,3.8195499999996327
11.214,3.820249999999633,3.848939846764059,3.8846928733109554,3.820249999999633
11.216,3.8209499999996326,3.8496398467640582,3.885392873310955,3.8209499999996326
11.218,3.8216499999996327,3.8503398467640593,3.886092873310955,3.8216499999996327
11.22,3.822349999999633,3.8510398467640585,3.8867928733109554,3.822349999999633
11.222,3.823049999999633,3.8517398467640582,3.8874928733109546,3.823049999999633
11.224,3.823749999999632,3.8524398467640584,3.8881928733109543,3.823749999999632
11.226,3.824449999999632,3.8531398467640585,3.8888928733109545,3.824449999999632
11.228,3.825149999999632,3.8538398467640578,3.8895928733109546,3.825149999999632
11.23,3.825849999999632,3.8545398467640575,3.8902928733109534,3.825849999999632
11.232,3.826549999999631,3.8552398467640576,3.8909928733109536,3.826549999999631
11.234,3.8272499999996312,3.8559398467640578,3.8916928733109537,3.8272499999996312
11.236,3.8279499999996314,3.8566398467640566,3.8923928733109534,3.8279499999996314
11.238,3.828649999999631,3.8573398467640567,3.8930928733109527,3.828649999999631
11.24,3.8293499999996303,3.858039846764057,3.893792873310953,3.8293499999996303
11.242,3.8300499999996305,3.858739846764057,3.894492873310953,3.8300499999996305
11.244,3.8307499999996306,3.859439846764056,3.8951928733109527,3.8307499999996306
11.246,3.8314499999996303,3.860139846764056,3.895892873310952,3.8314499999996303
11.248,3.8321499999996305,3.860839846764056,3.896592873310953,3.8321499999996305
11.25,3.8328499999996297,3.861539846764056,3.897292873310952,3.8328499999996297
11.252,3.8335499999996294,3.862239846764055,3.897992873310952,3.8335499999996294
11.254,3.8342499999996296,3.862939846764055,3.898692873310952,3.8342499999996296
11.256,3.8349499999996297,3.8636398467640554,3.899392873310952,3.8349499999996297
11.258,3.835649999999629,3.864339846764055,3.900092873310951,3.835649999999629
11.26,3.8363499999996287,3.8650398467640543,3.900792873310951,3.8363499999996287
11.262,3.837049999999629,3.8657398467640554,3.9014928733109513,3.837049999999629
11.264,3.837749999999629,3.8664398467640546,3.902192873310951,3.837749999999629
11.266,3.838449999999628,3.8671398467640543,3.9028928733109503,3.838449999999628
11.268,3.839149999999628,3.8678398467640545,3.9035928733109504,3.839149999999628
11.27,3.839849999999628,3.8685398467640546,3.9042928733109505,3.839849999999628
11.272,3.840549999999628,3.8692398467640534,3.9049928733109502,3.840549999999628
11.274,3.841249999999627,3.8699398467640536,3.9056928733109495,3.841249999999627
11.276,3.841949999999628,3.8706398467640537,3.9063928733109496,3.841949999999628
11.278,3.8426499999996273,3.8713398467640534,3.90709287331095,3.8426499999996273
11.28,3.843349999999627,3.8720398467640527,3.9077928733109495,3.843349999999627
11.282,3.8440499999996263,3.872739846764053,3.9084928733109487,3.8440499999996263
11.284,3.8447499999996273,3.873439846764053,3.909192873310949,3.8447499999996273
11.286,3.8454499999996266,3.8741398467640527,3.9098928733109486,3.8454499999996266
11.288,3.8461499999996263,3.874839846764052,3.9105928733109487,3.8461499999996263
11.29,3.8468499999996264,3.875539846764052,3.911292873310949,3.8468499999996264
11.292,3.8475499999996265,3.876239846764052,3.911992873310948,3.8475499999996265
11.294,3.848249999999626,3.876939846764052,3.912692873310948,3.848249999999626
11.296,3.8489499999996255,3.877639846764052,3.913392873310948,3.8489499999996255
11.298,3.8496499999996256,3.8783398467640513,3.914092873310948,3.8496499999996256
11.3,3.850349999999626,3.879039846764051,3.9147928733109474,3.850349999999626
11.302,3.8510499999996246,3.879739846764051,3.915492873310947,3.8510499999996246
11.304,3.8517499999996248,3.8804398467640513,3.9161928733109472,3.8517499999996248
11.306,3.852449999999625,3.8811398467640505,3.9168928733109474,3.852449999999625
11.308,3.8531499999996246,3.8818398467640503,3.917592873310946,3.8531499999996246
11.31,3.853849999999624,3.8825398467640504,3.9182928733109463,3.853849999999624
11.312,3.854549999999624,3.8832398467640505,3.9189928733109465,3.854549999999624
11.314,3.855249999999624,3.88393984676405,3.919692873310946,3.855249999999624
11.316,3.855949999999624,3.8846398467640495,3.9203928733109454,3.855949999999624
11.318,3.856649999999623,3.8853398467640496,3.9210928733109465,3.856649999999623
11.32,3.8573499999996232,3.88603984676405,3.9217928733109457,3.8573499999996232
11.322,3.8580499999996234,3.8867398467640486,3.9224928733109454,3.8580499999996234
11.324,3.858749999999623,3.8874398467640487,3.9231928733109456,3.858749999999623
11.326,3.8594499999996223,3.888139846764049,3.9238928733109457,3.8594499999996223
11.328,3.8601499999996234,3.8888398467640486,3.924592873310945,3.8601499999996234
11.33,3.860849999999622,3.8895398467640487,3.9252928733109447,3.860849999999622
11.332,3.8615499999996223,3.890239846764049,3.925992873310945,3.8615499999996223
11.334,3.8622499999996225,3.890939846764048,3.926692873310945,3.8622499999996225
11.336,3.862949999999622,3.891639846764048,3.927392873310944,3.862949999999622
11.338,3.8636499999996214,3.892339846764048,3.928092873310944,3.8636499999996214
11.34,3.8643499999996216,3.893039846764048,3.928792873310944,3.8643499999996216
11.342,3.8650499999996217,3.8937398467640474,3.929492873310944,3.8650499999996217
11.344,3.8657499999996214,3.894439846764047,3.930192873310943,3.8657499999996214
11.346,3.8664499999996207,3.8951398467640472,3.930892873310943,3.8664499999996207
11.348,3.867149999999621,3.8958398467640474,3.9315928733109433,3.867149999999621
11.35,3.867849999999621,3.896539846764046,3.932292873310943,3.867849999999621
11.352,3.8685499999996207,3.8972398467640463,3.9329928733109423,3.8685499999996207
11.354,3.86924999999962,3.8979398467640465,3.9336928733109433,3.86924999999962
11.356,3.86994999999962,3.898639846764046,3.9343928733109426,3.86994999999962
11.358,3.87064999999962,3.8993398467640454,3.9350928733109423,3.87064999999962
11.36,3.87134999999962,3.9000398467640456,3.9357928733109415,3.87134999999962
11.362,3.87204999999962,3.9007398467640457,3.9364928733109426,3.87204999999962
11.364,3.8727499999996193,3.9014398467640454,3.937192873310942,3.8727499999996193
11.366,3.873449999999619,3.9021398467640447,3.9378928733109415,3.873449999999619
11.368,3.874149999999619,3.9028398467640457,3.9385928733109417,3.874149999999619
11.37,3.8748499999996193,3.903539846764045,3.939292873310942,3.8748499999996193
11.372,3.8755499999996186,3.9042398467640447,3.9399928733109406,3.8755499999996186
11.374,3.8762499999996183,3.904939846764044,3.9406928733109408,3.8762499999996183
11.376,3.8769499999996184,3.905639846764045,3.941392873310941,3.8769499999996184
11.378,3.8776499999996186,3.906339846764044,3.9420928733109406,3.8776499999996186
11.38,3.8783499999996174,3.907039846764044,3.94279287331094,3.8783499999996174
11.382,3.8790499999996175,3.907739846764044,3.94349287331094,3.8790499999996175
11.384,3.8797499999996177,3.908439846764044,3.94419287331094,3.8797499999996177
11.386,3.880449999999618,3.909139846764043,3.94489287331094,3.880449999999618
11.388,3.8811499999996166,3.909839846764043,3.945592873310939,3.8811499999996166
11.39,3.8818499999996177,3.9105398467640433,3.9462928733109393,3.8818499999996177
11.392,3.882549999999617,3.911239846764043,3.9469928733109394,3.882549999999617
11.394,3.8832499999996166,3.9119398467640423,3.947692873310939,3.8832499999996166
11.396,3.8839499999996168,3.9126398467640424,3.9483928733109384,3.8839499999996168
11.398,3.884649999999617,3.9133398467640426,3.9490928733109385,3.884649999999617
11.4,3.885349999999616,3.9140398467640423,3.949792873310938,3.885349999999616
11.402,3.886049999999616,3.9147398467640415,3.9504928733109383,3.886049999999616
11.404,3.886749999999616,3.9154398467640417,3.9511928733109385,3.886749999999616
11.406,3.887449999999616,3.916139846764042,3.9518928733109377,3.887449999999616
11.408,3.8881499999996154,3.9168398467640415,3.9525928733109374,3.8881499999996154
11.41,3.888849999999615,3.9175398467640417,3.9532928733109376,3.888849999999615
11.412,3.8895499999996153,3.918239846764041,3.9539928733109377,3.8895499999996153
11.414,3.8902499999996154,3.9189398467640406,3.954692873310937,3.8902499999996154
11.416,3.890949999999614,3.9196398467640408,3.9553928733109367,3.890949999999614
11.418,3.8916499999996144,3.920339846764041,3.956092873310937,3.8916499999996144
11.42,3.8923499999996145,3.92103984676404,3.956792873310937,3.8923499999996145
11.422,3.893049999999614,3.92173984676404,3.957492873310936,3.893049999999614
11.424,3.8937499999996135,3.92243984676404,3.958192873310936,3.8937499999996135
11.426,3.8944499999996136,3.92313984676404,3.958892873310936,3.8944499999996136
11.428,3.8951499999996138,3.9238398467640394,3.959592873310936,3.8951499999996138
11.43,3.8958499999996135,3.924539846764039,3.960292873310936,3.8958499999996135
11.432,3.8965499999996127,3.9252398467640393,3.960992873310936,3.8965499999996127
11.434,3.8972499999996137,3.9259398467640394,3.9616928733109353,3.8972499999996137
11.436,3.897949999999613,3.926639846764038,3.962392873310935,3.897949999999613
11.438,3.8986499999996127,3.9273398467640384,3.963092873310935,3.8986499999996127
11.44,3.899349999999613,3.9280398467640385,3.9637928733109353,3.899349999999613
11.442,3.900049999999613,3.928739846764038,3.9644928733109346,3.900049999999613
11.444,3.900749999999612,3.9294398467640383,3.9651928733109343,3.900749999999612
11.446,3.901449999999612,3.9301398467640385,3.9658928733109344,3.901449999999612
11.448,3.902149999999612,3.9308398467640377,3.9665928733109346,3.902149999999612
11.45,3.902849999999612,3.9315398467640374,3.9672928733109334,3.902849999999612
11.452,3.903549999999611,3.9322398467640376,3.9679928733109335,3.903549999999611
11.454,3.904249999999611,3.9329398467640377,3.9686928733109337,3.904249999999611
11.456,3.9049499999996113,3.933639846764037,3.9693928733109334,3.9049499999996113
11.458,3.905649999999611,3.9343398467640367,3.9700928733109326,3.905649999999611
11.46,3.9063499999996103,3.935039846764037,3.970792873310933,3.9063499999996103
11.462,3.9070499999996104,3.935739846764037,3.971492873310933,3.9070499999996104
11.464,3.9077499999996106,3.936439846764036,3.9721928733109326,3.9077499999996106
11.466,3.9084499999996103,3.937139846764036,3.972892873310932,3.9084499999996103
11.468,3.9091499999996095,3.937839846764036,3.973592873310933,3.9091499999996095
11.47,3.9098499999996097,3.938539846764036,3.974292873310932,3.9098499999996097
11.472,3.9105499999996094,3.939239846764035,3.974992873310932,3.9105499999996094
11.474,3.9112499999996095,3.939939846764036,3.975692873310931,3.9112499999996095
11.476,3.9119499999996097,3.9406398467640353,3.976392873310932,3.9119499999996097
11.478,3.912649999999609,3.941339846764035,3.9770928733109314,3.912649999999609
11.48,3.9133499999996086,3.9420398467640343,3.977792873310931,3.9133499999996086
11.482,3.914049999999609,3.9427398467640353,3.9784928733109313,3.914049999999609
11.484,3.914749999999609,3.9434398467640346,3.9791928733109314,3.914749999999609
11.486,3.915449999999608,3.9441398467640343,3.9798928733109302,3.915449999999608
11.488,3.916149999999608,3.9448398467640335,3.9805928733109304,3.916149999999608
11.49,3.916849999999608,3.9455398467640346,3.9812928733109305,3.916849999999608
11.492,3.917549999999608,3.9462398467640334,3.98199287331093,3.917549999999608
11.494,3.918249999999607,3.9469398467640335,3.9826928733109295,3.918249999999607
11.496,3.918949999999607,3.9476398467640337,3.9833928733109296,3.918949999999607
11.498,3.9196499999996073,3.9483398467640334,3.9840928733109298,3.9196499999996073
11.5,3.920349999999607,3.9490398467640326,3.9847928733109295,3.920349999999607
11.502,3.921049999999607,3.949739846764033,3.9854928733109287,3.921049999999607
11.504,3.9217499999996073,3.950439846764033,3.986192873310929,3.9217499999996073
11.506,3.9224499999996065,3.9511398467640326,3.986892873310929,3.9224499999996065
11.508,3.9231499999996062,3.951839846764032,3.9875928733109287,3.9231499999996062
11.51,3.9238499999996064,3.952539846764032,3.988292873310929,3.9238499999996064
11.512,3.9245499999996065,3.953239846764032,3.988992873310928,3.9245499999996065
11.514,3.9252499999996058,3.953939846764032,3.989692873310928,3.9252499999996058
11.516,3.9259499999996055,3.954639846764031,3.990392873310928,3.9259499999996055
11.518,3.9266499999996056,3.9553398467640313,3.991092873310928,3.9266499999996056
11.52,3.9273499999996058,3.9560398467640314,3.9917928733109274,3.9273499999996058
11.522,3.9280499999996046,3.956739846764031,3.992492873310927,3.9280499999996046
11.524,3.9287499999996047,3.9574398467640313,3.993192873310927,3.9287499999996047
11.526,3.929449999999605,3.9581398467640305,3.9938928733109273,3.929449999999605
11.528,3.930149999999605,3.9588398467640302,3.9945928733109266,3.930149999999605
11.53,3.930849999999604,3.9595398467640304,3.9952928733109263,3.930849999999604
11.532,3.931549999999604,3.9602398467640305,3.9959928733109265,3.931549999999604
11.534,3.932249999999604,3.9609398467640298,3.9966928733109266,3.932249999999604
11.536,3.932949999999604,3.9616398467640295,3.9973928733109263,3.932949999999604
11.538,3.933649999999603,3.9623398467640296,3.9980928733109256,3.933649999999603
11.54,3.934349999999604,3.9630398467640298,3.9987928733109257,3.934349999999604
11.542,3.9350499999996034,3.963739846764029,3.9994928733109254,3.9350499999996034
11.544,3.935749999999603,3.9644398467640287,4.000192873310925,3.935749999999603
11.546,3.9364499999996023,3.965139846764029,4.000892873310925,3.9364499999996023
11.548,3.9371499999996034,3.965839846764029,4.001592873310925,3.9371499999996034
11.55,3.9378499999996026,3.9665398467640287,4.002292873310925,3.9378499999996026
11.552,3.9385499999996023,3.967239846764029,4.002992873310925,3.9385499999996023
11.554,3.9392499999996025,3.967939846764028,4.003692873310924,3.9392499999996025
11.556,3.9399499999996026,3.968639846764028,4.004392873310924,3.9399499999996026
11.558,3.9406499999996014,3.969339846764028,4.005092873310924,3.9406499999996014
11.56,3.9413499999996016,3.970039846764028,4.005792873310924,3.9413499999996016
11.562,3.9420499999996017,3.9707398467640274,4.006492873310924,3.9420499999996017
11.564,3.9427499999996014,3.971439846764027,4.007192873310924,3.9427499999996014
11.566,3.9434499999996007,3.972139846764027,4.007892873310923,3.9434499999996007
11.568,3.944149999999601,3.9728398467640273,4.008592873310923,3.944149999999601
11.57,3.944849999999601,3.9735398467640266,4.009292873310923,3.944849999999601
11.572,3.9455499999996007,3.9742398467640263,4.009992873310923,3.9455499999996007
11.574,3.9462499999996,3.9749398467640265,4.010692873310923,3.9462499999996
11.576,3.9469499999996,3.9756398467640266,4.011392873310922,3.9469499999996
11.578,3.9476499999996,3.9763398467640254,4.012092873310922,3.9476499999996
11.58,3.9483499999996,3.9770398467640256,4.012792873310922,3.9483499999996
11.582,3.9490499999996,3.9777398467640257,4.013492873310922,3.9490499999996
11.584,3.9497499999995993,3.9784398467640254,4.014192873310922,3.9497499999995993
11.586,3.950449999999599,3.9791398467640247,4.014892873310922,3.950449999999599
11.588,3.951149999999599,3.9798398467640257,4.015592873310921,3.951149999999599
11.59,3.9518499999995993,3.980539846764025,4.016292873310921,3.9518499999995993
11.592,3.9525499999995986,3.9812398467640246,4.016992873310921,3.9525499999995986
11.594,3.9532499999995983,3.981939846764024,4.017692873310921,3.9532499999995983
11.596,3.9539499999995984,3.982639846764025,4.018392873310921,3.9539499999995984
11.598,3.9546499999995985,3.983339846764024,4.01909287331092,3.9546499999995985
11.6,3.955349999999598,3.984039846764024,4.01979287331092,3.955349999999598
11.602,3.9560499999995975,3.984739846764023,4.02049287331092,3.9560499999995975
11.604,3.9567499999995976,3.985439846764024,4.02119287331092,3.9567499999995976
11.606,3.957449999999598,3.986139846764023,4.02189287331092,3.957449999999598
11.608,3.9581499999995966,3.986839846764023,4.02259287331092,3.9581499999995966
11.61,3.9588499999995967,3.9875398467640233,4.023292873310919,3.9588499999995967
11.612,3.959549999999597,3.988239846764023,4.023992873310919,3.959549999999597
11.614,3.9602499999995966,3.9889398467640222,4.024692873310919,3.9602499999995966
11.616,3.9609499999995967,3.9896398467640224,4.025392873310919,3.9609499999995967
11.618,3.961649999999597,3.9903398467640225,4.026092873310919,3.961649999999597
11.62,3.962349999999596,3.9910398467640222,4.026792873310918,3.962349999999596
11.622,3.963049999999596,3.9917398467640215,4.027492873310918,3.963049999999596
11.624,3.963749999999596,3.9924398467640216,4.0281928733109185,3.963749999999596
11.626,3.964449999999596,3.993139846764022,4.028892873310918,3.964449999999596
11.628,3.9651499999995954,3.9938398467640215,4.029592873310918,3.9651499999995954
11.63,3.965849999999595,3.9945398467640207,4.030292873310917,3.965849999999595
11.632,3.9665499999995952,3.995239846764021,4.030992873310917,3.9665499999995952
11.634,3.9672499999995954,3.9959398467640206,4.031692873310917,3.9672499999995954
11.636,3.967949999999594,3.9966398467640207,4.032392873310917,3.967949999999594
11.638,3.9686499999995943,3.997339846764021,4.033092873310917,3.9686499999995943
11.64,3.9693499999995945,3.99803984676402,4.033792873310917,3.9693499999995945
11.642,3.970049999999594,3.99873984676402,4.034492873310916,3.970049999999594
11.644,3.9707499999995934,3.99943984676402,4.035192873310916,3.9707499999995934
11.646,3.9714499999995945,4.00013984676402,4.0358928733109165,3.9714499999995945
11.648,3.9721499999995937,4.00083984676402,4.036592873310916,3.9721499999995937
11.65,3.9728499999995934,4.001539846764019,4.037292873310916,3.9728499999995934
11.652,3.9735499999995927,4.002239846764019,4.037992873310915,3.9735499999995927
11.654,3.9742499999995937,4.002939846764019,4.038692873310915,3.9742499999995937
11.656,3.974949999999593,4.003639846764019,4.0393928733109155,3.974949999999593
11.658,3.9756499999995927,4.004339846764019,4.040092873310915,3.9756499999995927
11.66,3.976349999999592,4.005039846764019,4.040792873310915,3.976349999999592
11.662,3.977049999999593,4.005739846764018,4.041492873310915,3.977049999999593
11.664,3.977749999999592,4.006439846764018,4.042192873310914,3.977749999999592
11.666,3.978449999999592,4.007139846764018,4.042892873310914,3.978449999999592
11.668,3.979149999999592,4.007839846764018,4.043592873310914,3.979149999999592
11.67,3.979849999999592,4.008539846764018,4.044292873310914,3.979849999999592
11.672,3.980549999999591,4.009239846764017,4.044992873310914,3.980549999999591
11.674,3.981249999999591,4.009939846764017,4.045692873310913,3.981249999999591
11.676,3.9819499999995913,4.010639846764017,4.046392873310913,3.9819499999995913
11.678,3.982649999999591,4.011339846764017,4.0470928733109135,3.982649999999591
11.68,3.9833499999995903,4.012039846764017,4.047792873310913,3.9833499999995903
11.682,3.9840499999995904,4.012739846764016,4.048492873310913,3.9840499999995904
11.684,3.9847499999995906,4.013439846764016,4.049192873310913,3.9847499999995906
11.686,3.9854499999995903,4.014139846764016,4.049892873310912,3.9854499999995903
11.688,3.9861499999995895,4.014839846764016,4.0505928733109124,3.9861499999995895
11.69,3.9868499999995897,4.015539846764016,4.051292873310912,3.9868499999995897
11.692,3.98754999999959,4.016239846764016,4.051992873310912,3.98754999999959
11.694,3.9882499999995895,4.016939846764015,4.052692873310912,3.9882499999995895
11.696,3.9889499999995897,4.017639846764015,4.053392873310911,3.9889499999995897
11.698,3.989649999999589,4.0183398467640155,4.054092873310911,3.989649999999589
11.7,3.9903499999995886,4.019039846764015,4.0547928733109115,3.9903499999995886
11.702,3.9910499999995888,4.019739846764015,4.055492873310911,3.9910499999995888
11.704,3.991749999999589,4.020439846764014,4.056192873310911,3.991749999999589
11.706,3.992449999999588,4.021139846764014,4.05689287331091,3.992449999999588
11.708,3.993149999999588,4.021839846764014,4.05759287331091,3.993149999999588
11.71,3.993849999999588,4.022539846764014,4.0582928733109105,3.993849999999588
11.712,3.994549999999588,4.023239846764014,4.05899287331091,3.994549999999588
11.714,3.9952499999995874,4.023939846764014,4.05969287331091,3.9952499999995874
11.716,3.995949999999587,4.024639846764013,4.06039287331091,3.995949999999587
11.718,3.9966499999995873,4.025339846764013,4.061092873310909,3.9966499999995873
11.72,3.9973499999995874,4.026039846764013,4.061792873310909,3.9973499999995874
11.722,3.998049999999587,4.026739846764013,4.06249287331091,3.998049999999587
11.724,3.9987499999995872,4.027439846764013,4.063192873310909,3.9987499999995872
11.726,3.9994499999995865,4.028139846764012,4.063892873310909,3.9994499999995865
11.728,4.000149999999587,4.028839846764012,4.064592873310908,4.000149999999587
11.73,4.000849999999586,4.0295398467640124,4.065292873310908,4.000849999999586
11.732,4.001549999999586,4.030239846764012,4.0659928733109085,4.001549999999586
11.734,4.002249999999586,4.030939846764012,4.066692873310908,4.002249999999586
11.736,4.0029499999995855,4.031639846764012,4.067392873310908,4.0029499999995855
11.738,4.003649999999586,4.032339846764011,4.068092873310908,4.003649999999586
11.74,4.004349999999585,4.033039846764011,4.068792873310907,4.004349999999585
11.742,4.005049999999585,4.033739846764011,4.0694928733109075,4.005049999999585
11.744,4.005749999999585,4.034439846764011,4.070192873310907,4.005749999999585
11.746,4.006449999999584,4.035139846764011,4.070892873310907,4.006449999999584
11.748,4.0071499999995845,4.03583984676401,4.071592873310907,4.0071499999995845
11.75,4.007849999999585,4.03653984676401,4.072292873310906,4.007849999999585
11.752,4.008549999999584,4.0372398467640105,4.072992873310906,4.008549999999584
11.754,4.009249999999584,4.03793984676401,4.073692873310907,4.009249999999584
11.756,4.009949999999584,4.03863984676401,4.074392873310906,4.009949999999584
11.758,4.0106499999995835,4.03933984676401,4.075092873310906,4.0106499999995835
11.76,4.011349999999584,4.040039846764009,4.075792873310906,4.011349999999584
11.762,4.012049999999583,4.040739846764009,4.076492873310905,4.012049999999583
11.764,4.012749999999583,4.041439846764009,4.0771928733109055,4.012749999999583
11.766,4.013449999999583,4.042139846764009,4.077892873310905,4.013449999999583
11.768,4.014149999999582,4.042839846764009,4.078592873310905,4.014149999999582
11.77,4.014849999999583,4.043539846764008,4.079292873310905,4.014849999999583
11.772,4.015549999999583,4.044239846764008,4.079992873310904,4.015549999999583
11.774,4.016249999999582,4.0449398467640085,4.0806928733109045,4.016249999999582
11.776,4.016949999999582,4.045639846764008,4.081392873310905,4.016949999999582
11.778,4.017649999999581,4.046339846764008,4.082092873310904,4.017649999999581
11.78,4.0183499999995815,4.047039846764007,4.082792873310904,4.0183499999995815
11.782,4.019049999999582,4.047739846764007,4.083492873310904,4.019049999999582
11.784,4.019749999999581,4.0484398467640075,4.084192873310903,4.019749999999581
11.786,4.020449999999581,4.049139846764007,4.084892873310904,4.020449999999581
11.788,4.021149999999581,4.049839846764007,4.085592873310903,4.021149999999581
11.79,4.0218499999995805,4.050539846764007,4.086292873310903,4.0218499999995805
11.792,4.022549999999581,4.051239846764006,4.086992873310903,4.022549999999581
11.794,4.023249999999581,4.051939846764006,4.087692873310902,4.023249999999581
11.796,4.02394999999958,4.052639846764007,4.0883928733109025,4.02394999999958
11.798,4.02464999999958,4.053339846764006,4.089092873310903,4.02464999999958
11.8,4.025349999999579,4.054039846764006,4.089792873310902,4.025349999999579
11.802,4.02604999999958,4.054739846764005,4.090492873310902,4.02604999999958
11.804,4.02674999999958,4.055439846764005,4.091192873310901,4.02674999999958
11.806,4.027449999999579,4.0561398467640055,4.0918928733109015,4.027449999999579
11.808,4.028149999999579,4.056839846764005,4.092592873310902,4.028149999999579
11.81,4.028849999999579,4.057539846764005,4.093292873310901,4.028849999999579
11.812,4.0295499999995785,4.058239846764005,4.093992873310901,4.0295499999995785
11.814,4.030249999999579,4.058939846764004,4.094692873310901,4.030249999999579
11.816,4.030949999999578,4.0596398467640045,4.0953928733109,4.030949999999578
11.818,4.031649999999578,4.060339846764004,4.0960928733109006,4.031649999999578
11.82,4.032349999999578,4.061039846764004,4.096792873310901,4.032349999999578
11.822,4.0330499999995775,4.061739846764004,4.0974928733109,4.0330499999995775
11.824,4.033749999999578,4.062439846764003,4.0981928733109,4.033749999999578
11.826,4.034449999999578,4.063139846764003,4.098892873310899,4.034449999999578
11.828,4.035149999999577,4.063839846764004,4.0995928733108995,4.035149999999577
11.83,4.035849999999577,4.064539846764003,4.1002928733109,4.035849999999577
11.832,4.036549999999577,4.065239846764003,4.100992873310899,4.036549999999577
11.834,4.037249999999577,4.065939846764003,4.101692873310899,4.037249999999577
11.836,4.037949999999577,4.066639846764002,4.102392873310899,4.037949999999577
11.838,4.038649999999576,4.0673398467640025,4.1030928733108984,4.038649999999576
11.84,4.039349999999576,4.068039846764002,4.103792873310899,4.039349999999576
11.842,4.040049999999576,4.068739846764002,4.104492873310898,4.040049999999576
11.844,4.0407499999995755,4.069439846764002,4.105192873310898,4.0407499999995755
11.846,4.041449999999576,4.070139846764001,4.105892873310898,4.041449999999576
11.848,4.042149999999576,4.0708398467640015,4.106592873310897,4.042149999999576
11.85,4.042849999999575,4.071539846764002,4.1072928733108975,4.042849999999575
11.852,4.043549999999575,4.072239846764001,4.107992873310898,4.043549999999575
11.854,4.0442499999995745,4.072939846764001,4.108692873310897,4.0442499999995745
11.856,4.044949999999575,4.073639846764,4.109392873310897,4.044949999999575
11.858,4.045649999999575,4.074339846764,4.110092873310897,4.045649999999575
11.86,4.046349999999574,4.0750398467640006,4.1107928733108965,4.046349999999574
11.862,4.047049999999574,4.075739846764,4.111492873310897,4.047049999999574
11.864,4.047749999999574,4.076439846764,4.112192873310896,4.047749999999574
11.866,4.048449999999574,4.077139846764,4.112892873310896,4.048449999999574
11.868,4.049149999999574,4.077839846763999,4.113592873310896,4.049149999999574
11.87,4.049849999999574,4.0785398467639995,4.114292873310895,4.049849999999574
11.872,4.050549999999573,4.079239846764,4.114992873310896,4.050549999999573
11.874,4.051249999999573,4.079939846763999,4.115692873310896,4.051249999999573
11.876,4.0519499999995725,4.080639846763999,4.116392873310895,4.0519499999995725
11.878,4.052649999999573,4.081339846763998,4.117092873310895,4.052649999999573
11.88,4.053349999999573,4.0820398467639984,4.117792873310894,4.053349999999573
11.882,4.054049999999572,4.082739846763999,4.1184928733108945,4.054049999999572
11.884,4.054749999999572,4.083439846763998,4.119192873310895,4.054749999999572
11.886,4.055449999999572,4.084139846763998,4.119892873310894,4.055449999999572
11.888,4.056149999999572,4.084839846763998,4.120592873310894,4.056149999999572
11.89,4.056849999999572,4.085539846763997,4.121292873310894,4.056849999999572
11.892,4.057549999999571,4.0862398467639975,4.1219928733108935,4.057549999999571
11.894,4.058249999999571,4.086939846763997,4.122692873310894,4.058249999999571
11.896,4.058949999999571,4.087639846763997,4.123392873310894,4.058949999999571
11.898,4.0596499999995705,4.088339846763997,4.124092873310893,4.0596499999995705
11.9,4.060349999999571,4.089039846763996,4.124792873310893,4.060349999999571
11.902,4.061049999999571,4.0897398467639965,4.125492873310892,4.061049999999571
11.904,4.06174999999957,4.090439846763997,4.126192873310893,4.06174999999957
11.906,4.06244999999957,4.091139846763996,4.126892873310893,4.06244999999957
11.908,4.06314999999957,4.091839846763996,4.127592873310892,4.06314999999957
11.91,4.06384999999957,4.092539846763996,4.128292873310892,4.06384999999957
11.912,4.06454999999957,4.093239846763995,4.128992873310892,4.06454999999957
11.914,4.065249999999569,4.093939846763996,4.1296928733108915,4.065249999999569
11.916,4.065949999999569,4.094639846763995,4.130392873310892,4.065949999999569
11.918,4.066649999999569,4.095339846763995,4.131092873310891,4.066649999999569
11.92,4.067349999999569,4.096039846763995,4.131792873310891,4.067349999999569
11.922,4.068049999999569,4.096739846763995,4.132492873310891,4.068049999999569
11.924,4.068749999999569,4.0974398467639945,4.1331928733108905,4.068749999999569
11.926,4.069449999999568,4.098139846763995,4.133892873310891,4.069449999999568
11.928,4.070149999999568,4.098839846763995,4.134592873310891,4.070149999999568
11.93,4.070849999999568,4.099539846763994,4.13529287331089,4.070849999999568
11.932,4.071549999999568,4.100239846763994,4.13599287331089,4.071549999999568
11.934,4.072249999999568,4.100939846763994,4.13669287331089,4.072249999999568
11.936,4.072949999999567,4.101639846763994,4.13739287331089,4.072949999999567
11.938,4.073649999999567,4.102339846763994,4.13809287331089,4.073649999999567
11.94,4.074349999999567,4.103039846763994,4.138792873310889,4.074349999999567
11.942,4.075049999999567,4.103739846763993,4.139492873310889,4.075049999999567
11.944,4.075749999999567,4.104439846763993,4.140192873310889,4.075749999999567
11.946,4.076449999999567,4.105139846763993,4.1408928733108885,4.076449999999567
11.948,4.077149999999566,4.105839846763993,4.141592873310889,4.077149999999566
11.95,4.077849999999566,4.106539846763993,4.142292873310889,4.077849999999566
11.952,4.078549999999566,4.107239846763992,4.142992873310888,4.078549999999566
11.954,4.079249999999566,4.107939846763992,4.143692873310888,4.079249999999566
11.956,4.079949999999566,4.108639846763992,4.1443928733108875,4.079949999999566
11.958,4.080649999999565,4.109339846763992,4.145092873310888,4.080649999999565
11.96,4.081349999999565,4.110039846763992,4.145792873310888,4.081349999999565
11.962,4.082049999999565,4.110739846763991,4.146492873310887,4.082049999999565
11.964,4.082749999999565,4.111439846763991,4.147192873310887,4.082749999999565
11.966,4.083449999999565,4.112139846763991,4.147892873310887,4.083449999999565
11.968,4.084149999999565,4.112839846763991,4.1485928733108866,4.084149999999565
11.97,4.084849999999564,4.113539846763991,4.149292873310887,4.084849999999564
11.972,4.085549999999564,4.114239846763991,4.149992873310887,4.085549999999564
11.974,4.086249999999564,4.11493984676399,4.150692873310886,4.086249999999564
11.976,4.086949999999564,4.11563984676399,4.151392873310886,4.086949999999564
11.978,4.087649999999564,4.1163398467639905,4.1520928733108855,4.087649999999564
11.98,4.088349999999563,4.11703984676399,4.152792873310886,4.088349999999563
11.982,4.089049999999563,4.11773984676399,4.153492873310886,4.089049999999563
11.984,4.0897499999995635,4.118439846763989,4.154192873310885,4.0897499999995635
11.986,4.090449999999563,4.119139846763989,4.154892873310885,4.090449999999563
11.988,4.091149999999563,4.119839846763989,4.155592873310885,4.091149999999563
11.99,4.091849999999562,4.120539846763989,4.156292873310885,4.091849999999562
11.992,4.092549999999562,4.121239846763989,4.156992873310885,4.092549999999562
11.994,4.093249999999562,4.121939846763989,4.157692873310884,4.093249999999562
11.996,4.093949999999562,4.122639846763988,4.158392873310884,4.093949999999562
11.998,4.094649999999562,4.123339846763988,4.159092873310884,4.094649999999562
12.0,4.095349999999562,4.124039846763988,4.1597928733108835,4.095349999999562
12.002,4.096049999999562,4.124739846763988,4.160492873310884,4.096049999999562
12.004,4.096749999999561,4.125439846763988,4.161192873310884,4.096749999999561
12.006,4.0974499999995615,4.126139846763987,4.161892873310883,4.0974499999995615
12.008,4.098149999999562,4.126839846763987,4.162592873310883,4.098149999999562
12.01,4.098849999999561,4.127539846763987,4.163292873310883,4.098849999999561
12.012,4.099549999999561,4.128239846763987,4.163992873310883,4.099549999999561
12.014,4.100249999999561,4.128939846763987,4.164692873310883,4.100249999999561
12.016,4.1009499999995604,4.129639846763987,4.165392873310882,4.1009499999995604
12.018,4.101649999999561,4.130339846763986,4.166092873310882,4.101649999999561
12.02,4.10234999999956,4.131039846763986,4.166792873310882,4.10234999999956
12.022,4.10304999999956,4.131739846763986,4.167492873310882,4.10304999999956
12.024,4.10374999999956,4.132439846763986,4.168192873310882,4.10374999999956
12.026,4.104449999999559,4.133139846763986,4.168892873310882,4.104449999999559
12.028,4.1051499999995595,4.133839846763985,4.169592873310881,4.1051499999995595
12.03,4.10584999999956,4.134539846763985,4.170292873310881,4.10584999999956
12.032,4.106549999999559,4.1352398467639855,4.170992873310881,4.106549999999559
12.034,4.107249999999559,4.135939846763985,4.171692873310881,4.107249999999559
12.036,4.107949999999559,4.136639846763985,4.172392873310881,4.107949999999559
12.038,4.1086499999995585,4.137339846763984,4.17309287331088,4.1086499999995585
12.04,4.109349999999559,4.138039846763984,4.17379287331088,4.109349999999559
12.042,4.110049999999558,4.138739846763984,4.17449287331088,4.110049999999558
12.044,4.110749999999558,4.139439846763984,4.17519287331088,4.110749999999558
12.046,4.111449999999558,4.140139846763984,4.17589287331088,4.111449999999558
12.048,4.112149999999557,4.140839846763984,4.17659287331088,4.112149999999557
12.05,4.112849999999558,4.141539846763983,4.177292873310879,4.112849999999558
12.052,4.113549999999558,4.142239846763983,4.177992873310879,4.113549999999558
12.054,4.114249999999557,4.1429398467639835,4.178692873310879,4.114249999999557
12.056,4.114949999999557,4.143639846763983,4.179392873310879,4.114949999999557
12.058,4.115649999999556,4.144339846763983,4.180092873310879,4.115649999999556
12.06,4.1163499999995565,4.145039846763982,4.180792873310878,4.1163499999995565
12.062,4.117049999999557,4.145739846763982,4.181492873310878,4.117049999999557
12.064,4.117749999999556,4.1464398467639825,4.182192873310878,4.117749999999556
12.066,4.118449999999556,4.147139846763982,4.182892873310878,4.118449999999556
12.068,4.119149999999556,4.147839846763982,4.183592873310878,4.119149999999556
12.07,4.1198499999995555,4.148539846763982,4.184292873310878,4.1198499999995555
12.072,4.120549999999556,4.149239846763981,4.184992873310877,4.120549999999556
12.074,4.121249999999556,4.149939846763981,4.185692873310877,4.121249999999556
12.076,4.121949999999555,4.150639846763982,4.186392873310877,4.121949999999555
12.078,4.122649999999555,4.151339846763981,4.187092873310877,4.122649999999555
12.08,4.123349999999554,4.152039846763981,4.187792873310877,4.123349999999554
12.082,4.124049999999555,4.15273984676398,4.188492873310876,4.124049999999555
12.084,4.124749999999555,4.15343984676398,4.189192873310876,4.124749999999555
12.086,4.125449999999554,4.1541398467639805,4.1898928733108765,4.125449999999554
12.088,4.126149999999554,4.15483984676398,4.190592873310876,4.126149999999554
12.09,4.126849999999554,4.15553984676398,4.191292873310876,4.126849999999554
12.092,4.1275499999995535,4.15623984676398,4.191992873310875,4.1275499999995535
12.094,4.128249999999554,4.156939846763979,4.192692873310875,4.128249999999554
12.096,4.128949999999553,4.1576398467639795,4.193392873310875,4.128949999999553
12.098,4.129649999999553,4.158339846763979,4.194092873310875,4.129649999999553
12.1,4.130349999999553,4.159039846763979,4.194792873310875,4.130349999999553
12.102,4.1310499999995525,4.159739846763979,4.195492873310875,4.1310499999995525
12.104,4.131749999999553,4.160439846763978,4.196192873310874,4.131749999999553
12.106,4.132449999999553,4.161139846763978,4.196892873310874,4.132449999999553
12.108,4.133149999999552,4.161839846763979,4.1975928733108745,4.133149999999552
12.11,4.133849999999552,4.162539846763978,4.198292873310874,4.133849999999552
12.112,4.134549999999552,4.163239846763978,4.198992873310874,4.134549999999552
12.114,4.135249999999552,4.163939846763978,4.199692873310873,4.135249999999552
12.116,4.135949999999552,4.164639846763977,4.200392873310873,4.135949999999552
12.118,4.136649999999551,4.1653398467639775,4.201092873310873,4.136649999999551
12.12,4.137349999999551,4.166039846763977,4.201792873310873,4.137349999999551
12.122,4.138049999999551,4.166739846763977,4.202492873310873,4.138049999999551
12.124,4.1387499999995505,4.167439846763977,4.203192873310873,4.1387499999995505
12.126,4.139449999999551,4.168139846763976,4.203892873310872,4.139449999999551
12.128,4.140149999999551,4.1688398467639765,4.204592873310872,4.140149999999551
12.13,4.14084999999955,4.169539846763977,4.205292873310872,4.14084999999955
12.132,4.14154999999955,4.170239846763976,4.205992873310872,4.14154999999955
12.134,4.1422499999995495,4.170939846763976,4.206692873310872,4.1422499999995495
12.136,4.14294999999955,4.171639846763975,4.207392873310871,4.14294999999955
12.138,4.14364999999955,4.172339846763975,4.208092873310871,4.14364999999955
12.14,4.144349999999549,4.1730398467639755,4.2087928733108715,4.144349999999549
12.142,4.145049999999549,4.173739846763975,4.209492873310871,4.145049999999549
12.144,4.145749999999549,4.174439846763975,4.210192873310871,4.145749999999549
12.146,4.1464499999995486,4.175139846763975,4.210892873310871,4.1464499999995486
12.148,4.147149999999549,4.175839846763974,4.21159287331087,4.147149999999549
12.15,4.147849999999549,4.1765398467639745,4.21229287331087,4.147849999999549
12.152,4.148549999999548,4.177239846763975,4.21299287331087,4.148549999999548
12.154,4.149249999999548,4.177939846763974,4.21369287331087,4.149249999999548
12.156,4.1499499999995475,4.178639846763974,4.21439287331087,4.1499499999995475
12.158,4.150649999999548,4.179339846763973,4.215092873310869,4.150649999999548
12.16,4.151349999999548,4.180039846763973,4.215792873310869,4.151349999999548
12.162,4.152049999999547,4.180739846763974,4.2164928733108695,4.152049999999547
12.164,4.152749999999547,4.181439846763973,4.217192873310869,4.152749999999547
12.166,4.153449999999547,4.182139846763973,4.217892873310869,4.153449999999547
12.168,4.154149999999547,4.182839846763973,4.218592873310868,4.154149999999547
12.17,4.154849999999547,4.183539846763972,4.219292873310868,4.154849999999547
12.172,4.155549999999546,4.1842398467639725,4.2199928733108685,4.155549999999546
12.174,4.156249999999546,4.184939846763972,4.220692873310868,4.156249999999546
12.176,4.156949999999546,4.185639846763972,4.221392873310868,4.156949999999546
12.178,4.1576499999995455,4.186339846763972,4.222092873310868,4.1576499999995455
12.18,4.158349999999546,4.187039846763971,4.222792873310867,4.158349999999546
12.182,4.159049999999546,4.1877398467639715,4.223492873310867,4.159049999999546
12.184,4.159749999999545,4.188439846763972,4.224192873310868,4.159749999999545
12.186,4.160449999999545,4.189139846763971,4.224892873310867,4.160449999999545
12.188,4.161149999999545,4.189839846763971,4.225592873310867,4.161149999999545
12.19,4.161849999999545,4.190539846763971,4.226292873310866,4.161849999999545
12.192,4.162549999999545,4.19123984676397,4.226992873310866,4.162549999999545
12.194,4.163249999999544,4.191939846763971,4.2276928733108665,4.163249999999544
12.196,4.163949999999544,4.19263984676397,4.228392873310866,4.163949999999544
12.198,4.164649999999544,4.19333984676397,4.229092873310866,4.164649999999544
12.2,4.165349999999544,4.19403984676397,4.229792873310866,4.165349999999544
12.202,4.166049999999544,4.194739846763969,4.230492873310865,4.166049999999544
12.204,4.166749999999544,4.1954398467639695,4.2311928733108655,4.166749999999544
12.206,4.167449999999543,4.19613984676397,4.231892873310865,4.167449999999543
12.208,4.168149999999543,4.196839846763969,4.232592873310865,4.168149999999543
12.21,4.1688499999995425,4.197539846763969,4.233292873310865,4.1688499999995425
12.212,4.169549999999543,4.198239846763968,4.233992873310864,4.169549999999543
12.214,4.170249999999543,4.1989398467639685,4.234692873310864,4.170249999999543
12.216,4.170949999999542,4.199639846763969,4.235392873310865,4.170949999999542
12.218,4.171649999999542,4.200339846763968,4.236092873310864,4.171649999999542
12.22,4.172349999999542,4.201039846763968,4.236792873310864,4.172349999999542
12.222,4.173049999999542,4.201739846763968,4.237492873310864,4.173049999999542
12.224,4.173749999999542,4.202439846763967,4.238192873310863,4.173749999999542
12.226,4.174449999999542,4.203139846763968,4.2388928733108635,4.174449999999542
12.228,4.175149999999541,4.203839846763968,4.239592873310863,4.175149999999541
12.23,4.175849999999541,4.204539846763967,4.240292873310863,4.175849999999541
12.232,4.176549999999541,4.205239846763967,4.240992873310863,4.176549999999541
12.234,4.177249999999541,4.205939846763966,4.241692873310862,4.177249999999541
12.236,4.177949999999541,4.2066398467639665,4.2423928733108625,4.177949999999541
12.238,4.17864999999954,4.207339846763967,4.243092873310863,4.17864999999954
12.24,4.17934999999954,4.208039846763966,4.243792873310862,4.17934999999954
12.242,4.18004999999954,4.208739846763966,4.244492873310862,4.18004999999954
12.244,4.18074999999954,4.209439846763966,4.245192873310861,4.18074999999954
12.246,4.18144999999954,4.2101398467639655,4.245892873310861,4.18144999999954
12.248,4.18214999999954,4.210839846763966,4.2465928733108615,4.18214999999954
12.25,4.182849999999539,4.211539846763965,4.247292873310861,4.182849999999539
12.252,4.183549999999539,4.212239846763965,4.247992873310861,4.183549999999539
12.254,4.184249999999539,4.212939846763965,4.248692873310861,4.184249999999539
12.256,4.184949999999539,4.213639846763964,4.24939287331086,4.184949999999539
12.258,4.185649999999539,4.214339846763965,4.2500928733108605,4.185649999999539
12.26,4.186349999999538,4.215039846763965,4.250792873310861,4.186349999999538
12.262,4.187049999999538,4.215739846763964,4.25149287331086,4.187049999999538
12.264,4.1877499999995385,4.216439846763964,4.25219287331086,4.1877499999995385
12.266,4.188449999999538,4.217139846763964,4.252892873310859,4.188449999999538
12.268,4.189149999999538,4.2178398467639635,4.2535928733108594,4.189149999999538
12.27,4.189849999999537,4.218539846763964,4.25429287331086,4.189849999999537
12.272,4.190549999999537,4.219239846763963,4.254992873310859,4.190549999999537
12.274,4.191249999999537,4.219939846763963,4.255692873310859,4.191249999999537
12.276,4.191949999999537,4.220639846763963,4.256392873310859,4.191949999999537
12.278,4.192649999999537,4.2213398467639625,4.257092873310858,4.192649999999537
12.28,4.193349999999537,4.222039846763963,4.2577928733108585,4.193349999999537
12.282,4.194049999999536,4.222739846763963,4.258492873310859,4.194049999999536
12.284,4.194749999999536,4.223439846763962,4.259192873310858,4.194749999999536
12.286,4.1954499999995365,4.224139846763962,4.259892873310858,4.1954499999995365
12.288,4.196149999999536,4.224839846763961,4.260592873310857,4.196149999999536
12.29,4.196849999999536,4.2255398467639615,4.2612928733108575,4.196849999999536
12.292,4.197549999999535,4.226239846763962,4.261992873310858,4.197549999999535
12.294,4.198249999999535,4.226939846763961,4.262692873310857,4.198249999999535
12.296,4.198949999999535,4.227639846763961,4.263392873310857,4.198949999999535
12.298,4.199649999999535,4.228339846763961,4.264092873310857,4.199649999999535
12.3,4.200349999999535,4.2290398467639605,4.264792873310856,4.200349999999535
12.302,4.201049999999535,4.229739846763961,4.265492873310857,4.201049999999535
12.304,4.201749999999534,4.230439846763961,4.266192873310856,4.201749999999534
12.306,4.202449999999534,4.23113984676396,4.266892873310856,4.202449999999534
12.308,4.203149999999534,4.23183984676396,4.267592873310856,4.203149999999534
12.31,4.203849999999534,4.2325398467639594,4.268292873310855,4.203849999999534
12.312,4.204549999999534,4.23323984676396,4.2689928733108555,4.204549999999534
12.314,4.205249999999533,4.23393984676396,4.269692873310856,4.205249999999533
12.316,4.205949999999533,4.234639846763959,4.270392873310855,4.205949999999533
12.318,4.2066499999995335,4.235339846763959,4.271092873310855,4.2066499999995335
12.32,4.207349999999533,4.236039846763959,4.271792873310855,4.207349999999533
12.322,4.208049999999533,4.2367398467639585,4.2724928733108545,4.208049999999533
12.324,4.208749999999533,4.237439846763959,4.273192873310855,4.208749999999533
12.326,4.209449999999532,4.238139846763959,4.273892873310854,4.209449999999532
12.328,4.210149999999532,4.238839846763958,4.274592873310854,4.210149999999532
12.33,4.210849999999532,4.239539846763958,4.275292873310854,4.210849999999532
12.332,4.211549999999532,4.2402398467639575,4.275992873310853,4.211549999999532
12.334,4.212249999999532,4.240939846763958,4.276692873310854,4.212249999999532
12.336,4.212949999999531,4.241639846763958,4.277392873310854,4.212949999999531
12.338,4.213649999999531,4.242339846763957,4.278092873310853,4.213649999999531
12.34,4.2143499999995315,4.243039846763957,4.278792873310853,4.2143499999995315
12.342,4.215049999999531,4.243739846763957,4.279492873310852,4.215049999999531
12.344,4.215749999999531,4.244439846763957,4.2801928733108525,4.215749999999531
12.346,4.21644999999953,4.245139846763957,4.280892873310853,4.21644999999953
12.348,4.21714999999953,4.245839846763956,4.281592873310852,4.21714999999953
12.35,4.2178499999995305,4.246539846763956,4.282292873310852,4.2178499999995305
12.352,4.21854999999953,4.247239846763956,4.282992873310852,4.21854999999953
12.354,4.21924999999953,4.2479398467639555,4.2836928733108515,4.21924999999953
12.356,4.21994999999953,4.248639846763956,4.284392873310852,4.21994999999953
12.358,4.220649999999529,4.249339846763956,4.285092873310852,4.220649999999529
12.36,4.221349999999529,4.250039846763955,4.285792873310851,4.221349999999529
12.362,4.22204999999953,4.250739846763955,4.286492873310851,4.22204999999953
12.364,4.222749999999529,4.251439846763955,4.28719287331085,4.222749999999529
12.366,4.223449999999529,4.252139846763955,4.287892873310851,4.223449999999529
12.368,4.224149999999528,4.252839846763955,4.288592873310851,4.224149999999528
12.37,4.224849999999528,4.253539846763954,4.28929287331085,4.224849999999528
12.372,4.2255499999995285,4.254239846763954,4.28999287331085,4.2255499999995285
12.374,4.226249999999528,4.254939846763954,4.29069287331085,4.226249999999528
12.376,4.226949999999528,4.255639846763954,4.2913928733108495,4.226949999999528
12.378,4.227649999999528,4.256339846763954,4.29209287331085,4.227649999999528
12.38,4.228349999999527,4.257039846763954,4.292792873310849,4.228349999999527
12.382,4.2290499999995275,4.257739846763953,4.293492873310849,4.2290499999995275
12.384,4.229749999999527,4.258439846763953,4.294192873310849,4.229749999999527
12.386,4.230449999999527,4.2591398467639525,4.2948928733108485,4.230449999999527
12.388,4.231149999999527,4.259839846763953,4.295592873310849,4.231149999999527
12.39,4.231849999999526,4.260539846763953,4.296292873310849,4.231849999999526
12.392,4.232549999999526,4.261239846763952,4.296992873310848,4.232549999999526
12.394,4.233249999999527,4.261939846763952,4.297692873310848,4.233249999999527
12.396,4.233949999999526,4.262639846763952,4.298392873310848,4.233949999999526
12.398,4.234649999999526,4.263339846763952,4.2990928733108476,4.234649999999526
12.4,4.235349999999526,4.264039846763952,4.299792873310848,4.235349999999526
12.402,4.236049999999525,4.264739846763952,4.300492873310847,4.236049999999525
12.404,4.2367499999995255,4.265439846763951,4.301192873310847,4.2367499999995255
12.406,4.237449999999525,4.266139846763951,4.301892873310847,4.237449999999525
12.408,4.238149999999525,4.266839846763951,4.3025928733108465,4.238149999999525
12.41,4.238849999999525,4.267539846763951,4.303292873310847,4.238849999999525
12.412,4.239549999999524,4.268239846763951,4.303992873310847,4.239549999999524
12.414,4.2402499999995245,4.26893984676395,4.304692873310846,4.2402499999995245
12.416,4.240949999999525,4.26963984676395,4.305392873310846,4.240949999999525
12.418,4.241649999999524,4.27033984676395,4.3060928733108454,4.241649999999524
12.42,4.242349999999524,4.27103984676395,4.306792873310846,4.242349999999524
12.422,4.243049999999523,4.27173984676395,4.307492873310846,4.243049999999523
12.424,4.243749999999523,4.272439846763949,4.308192873310845,4.243749999999523
12.426,4.2444499999995235,4.273139846763949,4.308892873310845,4.2444499999995235
12.428,4.245149999999523,4.273839846763949,4.309592873310845,4.245149999999523
12.43,4.245849999999523,4.274539846763949,4.3102928733108445,4.245849999999523
12.432,4.246549999999523,4.275239846763949,4.310992873310845,4.246549999999523
12.434,4.247249999999522,4.275939846763949,4.311692873310845,4.247249999999522
12.436,4.2479499999995225,4.276639846763948,4.312392873310844,4.2479499999995225
12.438,4.248649999999523,4.277339846763948,4.313092873310844,4.248649999999523
12.44,4.249349999999522,4.278039846763948,4.3137928733108435,4.249349999999522
12.442,4.250049999999522,4.278739846763948,4.314492873310844,4.250049999999522
12.444,4.250749999999521,4.279439846763948,4.315192873310844,4.250749999999521
12.446,4.2514499999995214,4.280139846763947,4.315892873310843,4.2514499999995214
12.448,4.252149999999522,4.280839846763947,4.316592873310843,4.252149999999522
12.45,4.252849999999521,4.281539846763947,4.317292873310843,4.252849999999521
12.452,4.253549999999521,4.282239846763947,4.317992873310843,4.253549999999521
12.454,4.254249999999521,4.282939846763947,4.318692873310843,4.254249999999521
12.456,4.25494999999952,4.283639846763947,4.319392873310842,4.25494999999952
12.458,4.2556499999995205,4.284339846763946,4.320092873310842,4.2556499999995205
12.46,4.25634999999952,4.285039846763946,4.320792873310842,4.25634999999952
12.462,4.25704999999952,4.285739846763946,4.3214928733108415,4.25704999999952
12.464,4.25774999999952,4.286439846763946,4.322192873310842,4.25774999999952
12.466,4.258449999999519,4.287139846763946,4.322892873310842,4.258449999999519
12.468,4.2591499999995195,4.287839846763945,4.323592873310841,4.2591499999995195
12.47,4.25984999999952,4.288539846763945,4.324292873310841,4.25984999999952
12.472,4.260549999999519,4.289239846763945,4.324992873310841,4.260549999999519
12.474,4.261249999999519,4.289939846763945,4.325692873310841,4.261249999999519
12.476,4.261949999999519,4.290639846763945,4.326392873310841,4.261949999999519
12.478,4.262649999999518,4.291339846763945,4.32709287331084,4.262649999999518
12.48,4.263349999999519,4.292039846763944,4.32779287331084,4.263349999999519
12.482,4.264049999999518,4.292739846763944,4.32849287331084,4.264049999999518
12.484,4.264749999999518,4.293439846763944,4.32919287331084,4.264749999999518
12.486,4.265449999999518,4.294139846763944,4.32989287331084,4.265449999999518
12.488,4.266149999999517,4.294839846763944,4.33059287331084,4.266149999999517
12.49,4.2668499999995175,4.295539846763943,4.331292873310839,4.2668499999995175
12.492,4.267549999999518,4.296239846763943,4.331992873310839,4.267549999999518
12.494,4.268249999999517,4.2969398467639435,4.332692873310839,4.268249999999517
12.496,4.268949999999517,4.297639846763943,4.333392873310839,4.268949999999517
12.498,4.269649999999517,4.298339846763943,4.334092873310839,4.269649999999517
12.5,4.2703499999995165,4.299039846763942,4.334792873310838,4.2703499999995165
12.502,4.271049999999517,4.299739846763942,4.335492873310838,4.271049999999517
12.504,4.271749999999516,4.300439846763942,4.336192873310838,4.271749999999516
12.506,4.272449999999516,4.301139846763942,4.336892873310838,4.272449999999516
12.508,4.273149999999516,4.301839846763942,4.337592873310838,4.273149999999516
12.51,4.273849999999515,4.302539846763942,4.338292873310838,4.273849999999515
12.512,4.274549999999516,4.303239846763941,4.338992873310837,4.274549999999516
12.514,4.275249999999516,4.303939846763941,4.339692873310837,4.275249999999516
12.516,4.275949999999515,4.3046398467639415,4.340392873310837,4.275949999999515
12.518,4.276649999999515,4.305339846763941,4.341092873310837,4.276649999999515
12.52,4.277349999999514,4.306039846763941,4.341792873310837,4.277349999999514
12.522,4.2780499999995145,4.30673984676394,4.342492873310836,4.2780499999995145
12.524,4.278749999999515,4.30743984676394,4.343192873310836,4.278749999999515
12.526,4.279449999999514,4.3081398467639405,4.343892873310836,4.279449999999514
12.528,4.280149999999514,4.30883984676394,4.344592873310836,4.280149999999514
12.53,4.280849999999514,4.30953984676394,4.345292873310836,4.280849999999514
12.532,4.2815499999995135,4.31023984676394,4.345992873310836,4.2815499999995135
12.534,4.282249999999514,4.310939846763939,4.346692873310835,4.282249999999514
12.536,4.282949999999514,4.311639846763939,4.347392873310835,4.282949999999514
12.538,4.283649999999513,4.3123398467639396,4.348092873310835,4.283649999999513
12.54,4.284349999999513,4.313039846763939,4.348792873310835,4.284349999999513
12.542,4.285049999999512,4.313739846763939,4.349492873310835,4.285049999999512
12.544,4.285749999999513,4.314439846763938,4.350192873310834,4.285749999999513
12.546,4.286449999999513,4.315139846763938,4.350892873310834,4.286449999999513
12.548,4.287149999999512,4.3158398467639385,4.351592873310834,4.287149999999512
12.55,4.287849999999512,4.316539846763938,4.352292873310834,4.287849999999512
12.552,4.288549999999512,4.317239846763938,4.352992873310834,4.288549999999512
12.554,4.2892499999995115,4.317939846763938,4.353692873310833,4.2892499999995115
12.556,4.289949999999512,4.318639846763937,4.354392873310833,4.289949999999512
12.558,4.290649999999511,4.3193398467639375,4.355092873310833,4.290649999999511
12.56,4.291349999999511,4.320039846763937,4.355792873310833,4.291349999999511
12.562,4.292049999999511,4.320739846763937,4.356492873310833,4.292049999999511
12.564,4.2927499999995105,4.321439846763937,4.357192873310833,4.2927499999995105
12.566,4.293449999999511,4.322139846763936,4.357892873310832,4.293449999999511
12.568,4.294149999999511,4.322839846763936,4.358592873310832,4.294149999999511
12.57,4.29484999999951,4.3235398467639365,4.3592928733108325,4.29484999999951
12.572,4.29554999999951,4.324239846763936,4.359992873310832,4.29554999999951
12.574,4.29624999999951,4.324939846763936,4.360692873310832,4.29624999999951
12.576,4.2969499999995096,4.325639846763936,4.361392873310831,4.2969499999995096
12.578,4.29764999999951,4.326339846763935,4.362092873310831,4.29764999999951
12.58,4.298349999999509,4.3270398467639355,4.362792873310831,4.298349999999509
12.582,4.299049999999509,4.327739846763935,4.363492873310831,4.299049999999509
12.584,4.299749999999509,4.328439846763935,4.364192873310831,4.299749999999509
12.586,4.3004499999995085,4.329139846763935,4.364892873310831,4.3004499999995085
12.588,4.301149999999509,4.329839846763934,4.36559287331083,4.301149999999509
12.59,4.301849999999509,4.330539846763934,4.36629287331083,4.301849999999509
12.592,4.302549999999508,4.331239846763935,4.36699287331083,4.302549999999508
12.594,4.303249999999508,4.331939846763934,4.36769287331083,4.303249999999508
12.596,4.3039499999995074,4.332639846763934,4.36839287331083,4.3039499999995074
12.598,4.304649999999508,4.333339846763933,4.369092873310829,4.304649999999508
12.6,4.305349999999508,4.334039846763933,4.369792873310829,4.305349999999508
12.602,4.306049999999507,4.3347398467639335,4.3704928733108295,4.306049999999507
12.604,4.306749999999507,4.335439846763933,4.371192873310829,4.306749999999507
12.606,4.307449999999507,4.336139846763933,4.371892873310829,4.307449999999507
12.608,4.3081499999995065,4.336839846763933,4.372592873310829,4.3081499999995065
12.61,4.308849999999507,4.337539846763932,4.373292873310828,4.308849999999507
12.612,4.309549999999507,4.3382398467639325,4.373992873310828,4.309549999999507
12.614,4.310249999999506,4.338939846763933,4.374692873310828,4.310249999999506
12.616,4.310949999999506,4.339639846763932,4.375392873310828,4.310949999999506
12.618,4.3116499999995055,4.340339846763932,4.376092873310828,4.3116499999995055
12.62,4.312349999999506,4.341039846763931,4.376792873310827,4.312349999999506
12.622,4.313049999999506,4.341739846763931,4.377492873310827,4.313049999999506
12.624,4.313749999999505,4.342439846763932,4.3781928733108275,4.313749999999505
12.626,4.314449999999505,4.343139846763931,4.378892873310827,4.314449999999505
12.628,4.315149999999505,4.343839846763931,4.379592873310827,4.315149999999505
12.63,4.315849999999505,4.344539846763931,4.380292873310826,4.315849999999505
12.632,4.316549999999505,4.34523984676393,4.380992873310826,4.316549999999505
12.634,4.317249999999504,4.3459398467639305,4.3816928733108265,4.317249999999504
12.636,4.317949999999504,4.34663984676393,4.382392873310826,4.317949999999504
12.638,4.318649999999504,4.34733984676393,4.383092873310826,4.318649999999504
12.64,4.3193499999995035,4.34803984676393,4.383792873310826,4.3193499999995035
12.642,4.320049999999504,4.348739846763929,4.384492873310825,4.320049999999504
12.644,4.320749999999504,4.3494398467639295,4.385192873310825,4.320749999999504
12.646,4.321449999999503,4.35013984676393,4.385892873310826,4.321449999999503
12.648,4.322149999999503,4.350839846763929,4.386592873310825,4.322149999999503
12.65,4.322849999999503,4.351539846763929,4.387292873310825,4.322849999999503
12.652,4.323549999999503,4.352239846763929,4.387992873310824,4.323549999999503
12.654,4.324249999999503,4.352939846763928,4.388692873310824,4.324249999999503
12.656,4.324949999999502,4.353639846763929,4.3893928733108245,4.324949999999502
12.658,4.325649999999502,4.354339846763928,4.390092873310824,4.325649999999502
12.66,4.326349999999502,4.355039846763928,4.390792873310824,4.326349999999502
12.662,4.327049999999502,4.355739846763928,4.391492873310824,4.327049999999502
12.664,4.327749999999502,4.356439846763927,4.392192873310823,4.327749999999502
12.666,4.328449999999502,4.3571398467639275,4.3928928733108235,4.328449999999502
12.668,4.329149999999501,4.357839846763928,4.393592873310823,4.329149999999501
12.67,4.329849999999501,4.358539846763927,4.394292873310823,4.329849999999501
12.672,4.3305499999995005,4.359239846763927,4.394992873310823,4.3305499999995005
12.674,4.331249999999501,4.359939846763926,4.395692873310822,4.331249999999501
12.676,4.331949999999501,4.3606398467639265,4.396392873310822,4.331949999999501
12.678,4.3326499999995,4.361339846763927,4.3970928733108225,4.3326499999995
12.68,4.3333499999995,4.362039846763926,4.397792873310822,4.3333499999995
12.682,4.3340499999995,4.362739846763926,4.398492873310822,4.3340499999995
12.684,4.3347499999995,4.363439846763926,4.399192873310822,4.3347499999995
12.686,4.3354499999995,4.364139846763925,4.399892873310821,4.3354499999995
12.688,4.3361499999995,4.364839846763926,4.4005928733108215,4.3361499999995
12.69,4.336849999999499,4.365539846763926,4.401292873310821,4.336849999999499
12.692,4.337549999999499,4.366239846763925,4.401992873310821,4.337549999999499
12.694,4.338249999999499,4.366939846763925,4.402692873310821,4.338249999999499
12.696,4.338949999999499,4.367639846763924,4.40339287331082,4.338949999999499
12.698,4.339649999999499,4.3683398467639245,4.40409287331082,4.339649999999499
12.7,4.340349999999498,4.369039846763925,4.404792873310821,4.340349999999498
12.702,4.341049999999498,4.369739846763924,4.40549287331082,4.341049999999498
12.704,4.341749999999498,4.370439846763924,4.40619287331082,4.341749999999498
12.706,4.342449999999498,4.371139846763924,4.406892873310819,4.342449999999498
12.708,4.343149999999498,4.3718398467639235,4.407592873310819,4.343149999999498
12.71,4.343849999999498,4.372539846763924,4.4082928733108195,4.343849999999498
12.712,4.344549999999497,4.373239846763923,4.408992873310819,4.344549999999497
12.714,4.345249999999497,4.373939846763923,4.409692873310819,4.345249999999497
12.716,4.345949999999497,4.374639846763923,4.410392873310819,4.345949999999497
12.718,4.346649999999497,4.375339846763922,4.411092873310818,4.346649999999497
12.72,4.347349999999497,4.3760398467639225,4.4117928733108185,4.347349999999497
12.722,4.348049999999496,4.376739846763923,4.412492873310819,4.348049999999496
12.724,4.348749999999496,4.377439846763922,4.413192873310818,4.348749999999496
12.726,4.349449999999496,4.378139846763922,4.413892873310818,4.349449999999496
12.728,4.350149999999496,4.378839846763922,4.414592873310817,4.350149999999496
12.73,4.350849999999496,4.3795398467639215,4.415292873310817,4.350849999999496
12.732,4.351549999999495,4.380239846763922,4.415992873310818,4.351549999999495
12.734,4.352249999999495,4.380939846763921,4.416692873310817,4.352249999999495
12.736,4.352949999999495,4.381639846763921,4.417392873310817,4.352949999999495
12.738,4.353649999999495,4.382339846763921,4.418092873310817,4.353649999999495
12.74,4.354349999999495,4.38303984676392,4.418792873310816,4.354349999999495
12.742,4.355049999999495,4.383739846763921,4.4194928733108165,4.355049999999495
12.744,4.355749999999494,4.384439846763921,4.420192873310817,4.355749999999494
12.746,4.356449999999494,4.38513984676392,4.420892873310816,4.356449999999494
12.748,4.3571499999994945,4.38583984676392,4.421592873310816,4.3571499999994945
12.75,4.357849999999494,4.386539846763919,4.422292873310815,4.357849999999494
12.752,4.358549999999494,4.3872398467639195,4.4229928733108155,4.358549999999494
12.754,4.359249999999493,4.38793984676392,4.423692873310816,4.359249999999493
12.756,4.359949999999493,4.388639846763919,4.424392873310815,4.359949999999493
12.758,4.360649999999493,4.389339846763919,4.425092873310815,4.360649999999493
12.76,4.361349999999493,4.390039846763919,4.425792873310815,4.361349999999493
12.762,4.362049999999493,4.3907398467639185,4.426492873310814,4.362049999999493
12.764,4.362749999999493,4.391439846763919,4.427192873310815,4.362749999999493
12.766,4.363449999999492,4.392139846763919,4.427892873310814,4.363449999999492
12.768,4.364149999999492,4.392839846763918,4.428592873310814,4.364149999999492
12.77,4.364849999999492,4.393539846763918,4.429292873310814,4.364849999999492
12.772,4.365549999999492,4.394239846763917,4.429992873310813,4.365549999999492
12.774,4.366249999999492,4.394939846763918,4.4306928733108135,4.366249999999492
12.776,4.366949999999491,4.395639846763918,4.431392873310814,4.366949999999491
12.778,4.367649999999491,4.396339846763917,4.432092873310813,4.367649999999491
12.78,4.3683499999994915,4.397039846763917,4.432792873310813,4.3683499999994915
12.782,4.369049999999491,4.397739846763917,4.433492873310813,4.369049999999491
12.784,4.369749999999491,4.3984398467639165,4.4341928733108125,4.369749999999491
12.786,4.370449999999491,4.399139846763917,4.434892873310813,4.370449999999491
12.788,4.37114999999949,4.399839846763917,4.435592873310812,4.37114999999949
12.79,4.37184999999949,4.400539846763916,4.436292873310812,4.37184999999949
12.792,4.37254999999949,4.401239846763916,4.436992873310812,4.37254999999949
12.794,4.37324999999949,4.4019398467639155,4.437692873310811,4.37324999999949
12.796,4.37394999999949,4.402639846763916,4.438392873310812,4.37394999999949
12.798,4.374649999999489,4.403339846763916,4.439092873310812,4.374649999999489
12.8,4.375349999999489,4.404039846763915,4.439792873310811,4.375349999999489
12.802,4.3760499999994895,4.404739846763915,4.440492873310811,4.3760499999994895
12.804,4.376749999999489,4.405439846763915,4.44119287331081,4.376749999999489
12.806,4.377449999999489,4.406139846763915,4.4418928733108105,4.377449999999489
12.808,4.378149999999488,4.406839846763915,4.442592873310811,4.378149999999488
12.81,4.378849999999488,4.407539846763914,4.44329287331081,4.378849999999488
12.812,4.3795499999994885,4.408239846763914,4.44399287331081,4.3795499999994885
12.814,4.380249999999488,4.408939846763914,4.44469287331081,4.380249999999488
12.816,4.380949999999488,4.4096398467639135,4.4453928733108095,4.380949999999488
12.818,4.381649999999488,4.410339846763914,4.44609287331081,4.381649999999488
12.82,4.382349999999487,4.411039846763914,4.44679287331081,4.382349999999487
12.822,4.383049999999487,4.411739846763913,4.447492873310809,4.383049999999487
12.824,4.383749999999488,4.412439846763913,4.448192873310809,4.383749999999488
12.826,4.384449999999487,4.413139846763913,4.448892873310808,4.384449999999487
12.828,4.385149999999487,4.413839846763913,4.4495928733108085,4.385149999999487
12.83,4.385849999999486,4.414539846763913,4.450292873310809,4.385849999999486
12.832,4.386549999999486,4.415239846763912,4.450992873310808,4.386549999999486
12.834,4.3872499999994865,4.415939846763912,4.451692873310808,4.3872499999994865
12.836,4.387949999999486,4.416639846763912,4.452392873310808,4.387949999999486
12.838,4.388649999999486,4.417339846763912,4.4530928733108075,4.388649999999486
12.84,4.389349999999486,4.418039846763912,4.453792873310808,4.389349999999486
12.842,4.390049999999485,4.418739846763912,4.454492873310807,4.390049999999485
12.844,4.3907499999994855,4.419439846763911,4.455192873310807,4.3907499999994855
12.846,4.391449999999485,4.420139846763911,4.455892873310807,4.391449999999485
12.848,4.392149999999485,4.4208398467639105,4.4565928733108064,4.392149999999485
12.85,4.392849999999485,4.421539846763911,4.457292873310807,4.392849999999485
12.852,4.393549999999484,4.422239846763911,4.457992873310807,4.393549999999484
12.854,4.394249999999484,4.42293984676391,4.458692873310806,4.394249999999484
12.856,4.3949499999994845,4.42363984676391,4.459392873310806,4.3949499999994845
12.858,4.395649999999484,4.42433984676391,4.460092873310806,4.395649999999484
12.86,4.396349999999484,4.42503984676391,4.4607928733108055,4.396349999999484
12.862,4.397049999999484,4.42573984676391,4.461492873310806,4.397049999999484
12.864,4.397749999999483,4.42643984676391,4.462192873310805,4.397749999999483
12.866,4.3984499999994835,4.427139846763909,4.462892873310805,4.3984499999994835
12.868,4.399149999999483,4.427839846763909,4.463592873310805,4.399149999999483
12.87,4.399849999999483,4.4285398467639085,4.4642928733108045,4.399849999999483
12.872,4.400549999999483,4.429239846763909,4.464992873310805,4.400549999999483
12.874,4.401249999999482,4.429939846763909,4.465692873310805,4.401249999999482
12.876,4.401949999999482,4.430639846763908,4.466392873310804,4.401949999999482
12.878,4.402649999999483,4.431339846763908,4.467092873310804,4.402649999999483
12.88,4.403349999999482,4.432039846763908,4.467792873310803,4.403349999999482
12.882,4.404049999999482,4.432739846763908,4.468492873310804,4.404049999999482
12.884,4.404749999999481,4.433439846763908,4.469192873310804,4.404749999999481
12.886,4.405449999999481,4.434139846763907,4.469892873310803,4.405449999999481
12.888,4.4061499999994815,4.434839846763907,4.470592873310803,4.4061499999994815
12.89,4.406849999999481,4.435539846763907,4.471292873310803,4.406849999999481
12.892,4.407549999999481,4.436239846763907,4.4719928733108025,4.407549999999481
12.894,4.408249999999481,4.436939846763907,4.472692873310803,4.408249999999481
12.896,4.40894999999948,4.437639846763907,4.473392873310803,4.40894999999948
12.898,4.4096499999994805,4.438339846763906,4.474092873310802,4.4096499999994805
12.9,4.410349999999481,4.439039846763906,4.474792873310802,4.410349999999481
12.902,4.41104999999948,4.439739846763906,4.4754928733108015,4.41104999999948
12.904,4.41174999999948,4.440439846763906,4.476192873310802,4.41174999999948
12.906,4.412449999999479,4.441139846763906,4.476892873310802,4.412449999999479
12.908,4.413149999999479,4.441839846763905,4.477592873310801,4.413149999999479
12.91,4.41384999999948,4.442539846763905,4.478292873310801,4.41384999999948
12.912,4.414549999999479,4.443239846763905,4.478992873310801,4.414549999999479
12.914,4.415249999999479,4.443939846763905,4.479692873310801,4.415249999999479
12.916,4.415949999999479,4.444639846763905,4.480392873310801,4.415949999999479
12.918,4.416649999999478,4.445339846763905,4.4810928733108,4.416649999999478
12.92,4.4173499999994785,4.446039846763904,4.4817928733108,4.4173499999994785
12.922,4.418049999999478,4.446739846763904,4.4824928733108,4.418049999999478
12.924,4.418749999999478,4.447439846763904,4.4831928733107995,4.418749999999478
12.926,4.419449999999478,4.448139846763904,4.4838928733108,4.419449999999478
12.928,4.420149999999477,4.448839846763904,4.4845928733108,4.420149999999477
12.93,4.4208499999994775,4.449539846763903,4.485292873310799,4.4208499999994775
12.932,4.421549999999478,4.450239846763903,4.485992873310799,4.421549999999478
12.934,4.422249999999477,4.450939846763903,4.486692873310799,4.422249999999477
12.936,4.422949999999477,4.451639846763903,4.487392873310799,4.422949999999477
12.938,4.423649999999477,4.452339846763903,4.488092873310799,4.423649999999477
12.94,4.424349999999476,4.453039846763903,4.488792873310798,4.424349999999476
12.942,4.425049999999477,4.453739846763902,4.489492873310798,4.425049999999477
12.944,4.425749999999476,4.454439846763902,4.490192873310798,4.425749999999476
12.946,4.426449999999476,4.455139846763902,4.490892873310798,4.426449999999476
12.948,4.427149999999476,4.455839846763902,4.491592873310798,4.427149999999476
12.95,4.427849999999475,4.456539846763902,4.492292873310798,4.427849999999475
12.952,4.4285499999994755,4.457239846763901,4.492992873310797,4.4285499999994755
12.954,4.429249999999476,4.457939846763901,4.493692873310797,4.429249999999476
12.956,4.429949999999475,4.4586398467639015,4.4943928733107965,4.429949999999475
12.958,4.430649999999475,4.459339846763901,4.495092873310797,4.430649999999475
12.96,4.431349999999475,4.460039846763901,4.495792873310797,4.431349999999475
12.962,4.4320499999994745,4.4607398467639,4.496492873310796,4.4320499999994745
12.964,4.432749999999475,4.4614398467639,4.497192873310796,4.432749999999475
12.966,4.433449999999474,4.4621398467639,4.497892873310796,4.433449999999474
12.968,4.434149999999474,4.4628398467639,4.498592873310796,4.434149999999474
12.97,4.434849999999474,4.4635398467639,4.499292873310796,4.434849999999474
12.972,4.435549999999473,4.4642398467639,4.499992873310796,4.435549999999473
12.974,4.436249999999474,4.464939846763899,4.500692873310795,4.436249999999474
12.976,4.436949999999474,4.465639846763899,4.501392873310795,4.436949999999474
12.978,4.437649999999473,4.4663398467638995,4.5020928733107946,4.437649999999473
12.98,4.438349999999473,4.467039846763899,4.502792873310795,4.438349999999473
12.982,4.439049999999472,4.467739846763899,4.503492873310795,4.439049999999472
12.984,4.4397499999994725,4.468439846763898,4.504192873310794,4.4397499999994725
12.986,4.440449999999473,4.469139846763898,4.504892873310794,4.440449999999473
12.988,4.441149999999472,4.4698398467638984,4.505592873310794,4.441149999999472
12.99,4.441849999999472,4.470539846763898,4.506292873310794,4.441849999999472
12.992,4.442549999999472,4.471239846763898,4.506992873310794,4.442549999999472
12.994,4.4432499999994715,4.471939846763898,4.507692873310794,4.4432499999994715
12.996,4.443949999999472,4.472639846763897,4.508392873310793,4.443949999999472
12.998,4.444649999999472,4.473339846763897,4.509092873310793,4.444649999999472
13.0,4.445349999999471,4.474039846763897,4.509792873310793,4.445349999999471
13.002,4.446049999999471,4.474739846763897,4.510492873310793,4.446049999999471
13.004,4.44674999999947,4.475439846763897,4.511192873310793,4.44674999999947
13.006,4.4474499999994705,4.476139846763896,4.511892873310792,4.4474499999994705
13.008,4.448149999999471,4.476839846763896,4.512592873310792,4.448149999999471
13.01,4.44884999999947,4.4775398467638965,4.513292873310792,4.44884999999947
13.012,4.44954999999947,4.478239846763896,4.513992873310792,4.44954999999947
13.014,4.45024999999947,4.478939846763896,4.514692873310792,4.45024999999947
13.016,4.4509499999994695,4.479639846763896,4.515392873310791,4.4509499999994695
13.018,4.45164999999947,4.480339846763895,4.516092873310791,4.45164999999947
13.02,4.452349999999469,4.481039846763895,4.516792873310791,4.452349999999469
13.022,4.453049999999469,4.481739846763895,4.517492873310791,4.453049999999469
13.024,4.453749999999469,4.482439846763895,4.518192873310791,4.453749999999469
13.026,4.4544499999994684,4.483139846763895,4.518892873310791,4.4544499999994684
13.028,4.455149999999469,4.483839846763894,4.51959287331079,4.455149999999469
13.03,4.455849999999469,4.484539846763894,4.52029287331079,4.455849999999469
13.032,4.456549999999468,4.4852398467638945,4.5209928733107905,4.456549999999468
13.034,4.457249999999468,4.485939846763894,4.52169287331079,4.457249999999468
13.036,4.457949999999468,4.486639846763894,4.52239287331079,4.457949999999468
13.038,4.4586499999994675,4.487339846763894,4.523092873310789,4.4586499999994675
13.04,4.459349999999468,4.488039846763893,4.523792873310789,4.459349999999468
13.042,4.460049999999467,4.4887398467638935,4.524492873310789,4.460049999999467
13.044,4.460749999999467,4.489439846763893,4.525192873310789,4.460749999999467
13.046,4.461449999999467,4.490139846763893,4.525892873310789,4.461449999999467
13.048,4.4621499999994665,4.490839846763893,4.526592873310789,4.4621499999994665
13.05,4.462849999999467,4.491539846763892,4.527292873310788,4.462849999999467
13.052,4.463549999999467,4.492239846763892,4.527992873310788,4.463549999999467
13.054,4.464249999999466,4.492939846763893,4.528692873310788,4.464249999999466
13.056,4.464949999999466,4.493639846763892,4.529392873310788,4.464949999999466
13.058,4.465649999999465,4.494339846763892,4.530092873310788,4.465649999999465
13.06,4.466349999999466,4.495039846763891,4.530792873310787,4.466349999999466
13.062,4.467049999999466,4.495739846763891,4.531492873310787,4.467049999999466
13.064,4.467749999999465,4.4964398467638915,4.5321928733107875,4.467749999999465
13.066,4.468449999999465,4.497139846763891,4.532892873310787,4.468449999999465
13.068,4.469149999999465,4.497839846763891,4.533592873310787,4.469149999999465
13.07,4.4698499999994645,4.498539846763891,4.534292873310787,4.4698499999994645
13.072,4.470549999999465,4.49923984676389,4.534992873310786,4.470549999999465
13.074,4.471249999999465,4.4999398467638905,4.535692873310786,4.471249999999465
13.076,4.471949999999464,4.500639846763891,4.536392873310786,4.471949999999464
13.078,4.472649999999464,4.50133984676389,4.537092873310786,4.472649999999464
13.08,4.4733499999994635,4.50203984676389,4.537792873310786,4.4733499999994635
13.082,4.474049999999464,4.502739846763889,4.538492873310785,4.474049999999464
13.084,4.474749999999464,4.503439846763889,4.539192873310785,4.474749999999464
13.086,4.475449999999463,4.50413984676389,4.5398928733107855,4.475449999999463
13.088,4.476149999999463,4.504839846763889,4.540592873310785,4.476149999999463
13.09,4.476849999999463,4.505539846763889,4.541292873310785,4.476849999999463
13.092,4.477549999999463,4.506239846763889,4.541992873310784,4.477549999999463
13.094,4.478249999999463,4.506939846763888,4.542692873310784,4.478249999999463
13.096,4.478949999999462,4.5076398467638885,4.5433928733107845,4.478949999999462
13.098,4.479649999999462,4.508339846763888,4.544092873310784,4.479649999999462
13.1,4.480349999999462,4.509039846763888,4.544792873310784,4.480349999999462
13.102,4.4810499999994615,4.509739846763888,4.545492873310784,4.4810499999994615
13.104,4.481749999999462,4.510439846763887,4.546192873310783,4.481749999999462
13.106,4.482449999999462,4.5111398467638875,4.546892873310783,4.482449999999462
13.108,4.483149999999461,4.511839846763888,4.5475928733107835,4.483149999999461
13.11,4.483849999999461,4.512539846763887,4.548292873310783,4.483849999999461
13.112,4.484549999999461,4.513239846763887,4.548992873310783,4.484549999999461
13.114,4.485249999999461,4.513939846763887,4.549692873310782,4.485249999999461
13.116,4.485949999999461,4.514639846763886,4.550392873310782,4.485949999999461
13.118,4.48664999999946,4.5153398467638866,4.5510928733107825,4.48664999999946
13.12,4.48734999999946,4.516039846763886,4.551792873310782,4.48734999999946
13.122,4.48804999999946,4.516739846763886,4.552492873310782,4.48804999999946
13.124,4.48874999999946,4.517439846763886,4.553192873310782,4.48874999999946
13.126,4.48944999999946,4.518139846763885,4.553892873310781,4.48944999999946
13.128,4.49014999999946,4.5188398467638855,4.554592873310781,4.49014999999946
13.13,4.490849999999459,4.519539846763886,4.555292873310781,4.490849999999459
13.132,4.491549999999459,4.520239846763885,4.555992873310781,4.491549999999459
13.134,4.4922499999994585,4.520939846763885,4.556692873310781,4.4922499999994585
13.136,4.492949999999459,4.521639846763884,4.55739287331078,4.492949999999459
13.138,4.493649999999459,4.5223398467638845,4.55809287331078,4.493649999999459
13.14,4.494349999999458,4.523039846763885,4.5587928733107805,4.494349999999458
13.142,4.495049999999458,4.523739846763884,4.55949287331078,4.495049999999458
13.144,4.495749999999458,4.524439846763884,4.56019287331078,4.495749999999458
13.146,4.496449999999458,4.525139846763884,4.56089287331078,4.496449999999458
13.148,4.497149999999458,4.525839846763883,4.561592873310779,4.497149999999458
13.15,4.497849999999458,4.5265398467638835,4.5622928733107795,4.497849999999458
13.152,4.498549999999457,4.527239846763884,4.562992873310779,4.498549999999457
13.154,4.499249999999457,4.527939846763883,4.563692873310779,4.499249999999457
13.156,4.4999499999994566,4.528639846763883,4.564392873310779,4.4999499999994566
13.158,4.500649999999457,4.529339846763882,4.565092873310778,4.500649999999457
13.16,4.501349999999457,4.5300398467638825,4.565792873310778,4.501349999999457
13.162,4.502049999999456,4.530739846763883,4.566492873310779,4.502049999999456
13.164,4.502749999999456,4.531439846763882,4.567192873310778,4.502749999999456
13.166,4.503449999999456,4.532139846763882,4.567892873310778,4.503449999999456
13.168,4.504149999999456,4.532839846763882,4.568592873310777,4.504149999999456
13.17,4.504849999999456,4.533539846763881,4.569292873310777,4.504849999999456
13.172,4.505549999999455,4.534239846763882,4.5699928733107775,4.505549999999455
13.174,4.506249999999455,4.534939846763881,4.570692873310777,4.506249999999455
13.176,4.506949999999455,4.535639846763881,4.571392873310777,4.506949999999455
13.178,4.507649999999455,4.536339846763881,4.572092873310777,4.507649999999455
13.18,4.508349999999455,4.53703984676388,4.572792873310776,4.508349999999455
13.182,4.509049999999455,4.5377398467638805,4.5734928733107765,4.509049999999455
13.184,4.509749999999454,4.538439846763881,4.574192873310777,4.509749999999454
13.186,4.510449999999454,4.53913984676388,4.574892873310776,4.510449999999454
13.188,4.511149999999454,4.53983984676388,4.575592873310776,4.511149999999454
13.19,4.511849999999454,4.54053984676388,4.576292873310775,4.511849999999454
13.192,4.512549999999454,4.5412398467638795,4.576992873310775,4.512549999999454
13.194,4.513249999999453,4.54193984676388,4.577692873310776,4.513249999999453
13.196,4.513949999999453,4.542639846763879,4.578392873310775,4.513949999999453
13.198,4.514649999999453,4.543339846763879,4.579092873310775,4.514649999999453
13.2,4.515349999999453,4.544039846763879,4.579792873310775,4.515349999999453
13.202,4.516049999999453,4.544739846763878,4.580492873310774,4.516049999999453
13.204,4.516749999999453,4.545439846763879,4.5811928733107745,4.516749999999453
13.206,4.517449999999452,4.546139846763879,4.581892873310774,4.517449999999452
13.208,4.518149999999452,4.546839846763878,4.582592873310774,4.518149999999452
13.21,4.5188499999994525,4.547539846763878,4.583292873310774,4.5188499999994525
13.212,4.519549999999452,4.548239846763877,4.583992873310773,4.519549999999452
13.214,4.520249999999452,4.5489398467638775,4.5846928733107735,4.520249999999452
13.216,4.520949999999451,4.549639846763878,4.585392873310774,4.520949999999451
13.218,4.521649999999451,4.550339846763877,4.586092873310773,4.521649999999451
13.22,4.522349999999451,4.551039846763877,4.586792873310773,4.522349999999451
13.222,4.523049999999451,4.551739846763877,4.587492873310773,4.523049999999451
13.224,4.523749999999451,4.5524398467638765,4.588192873310772,4.523749999999451
13.226,4.524449999999451,4.553139846763877,4.588892873310773,4.524449999999451
13.228,4.52514999999945,4.553839846763877,4.589592873310772,4.52514999999945
13.23,4.52584999999945,4.554539846763876,4.590292873310772,4.52584999999945
13.232,4.52654999999945,4.555239846763876,4.590992873310772,4.52654999999945
13.234,4.52724999999945,4.555939846763875,4.591692873310771,4.52724999999945
13.236,4.52794999999945,4.556639846763876,4.5923928733107715,4.52794999999945
13.238,4.528649999999449,4.557339846763876,4.593092873310772,4.528649999999449
13.24,4.529349999999449,4.558039846763875,4.593792873310771,4.529349999999449
13.242,4.5300499999994495,4.558739846763875,4.594492873310771,4.5300499999994495
13.244,4.530749999999449,4.559439846763875,4.595192873310771,4.530749999999449
13.246,4.531449999999449,4.5601398467638745,4.5958928733107705,4.531449999999449
13.248,4.532149999999449,4.560839846763875,4.596592873310771,4.532149999999449
13.25,4.532849999999448,4.561539846763874,4.59729287331077,4.532849999999448
13.252,4.533549999999448,4.562239846763874,4.59799287331077,4.533549999999448
13.254,4.534249999999448,4.562939846763874,4.59869287331077,4.534249999999448
13.256,4.534949999999448,4.5636398467638735,4.599392873310769,4.534949999999448
13.258,4.535649999999448,4.564339846763874,4.6000928733107695,4.535649999999448
13.26,4.536349999999447,4.565039846763874,4.60079287331077,4.536349999999447
13.262,4.537049999999447,4.565739846763873,4.601492873310769,4.537049999999447
13.264,4.5377499999994475,4.566439846763873,4.602192873310769,4.5377499999994475
13.266,4.538449999999447,4.567139846763873,4.602892873310768,4.538449999999447
13.268,4.539149999999447,4.567839846763873,4.6035928733107685,4.539149999999447
13.27,4.539849999999446,4.568539846763873,4.604292873310769,4.539849999999446
13.272,4.540549999999446,4.569239846763872,4.604992873310768,4.540549999999446
13.274,4.5412499999994465,4.569939846763872,4.605692873310768,4.5412499999994465
13.276,4.541949999999446,4.570639846763872,4.606392873310768,4.541949999999446
13.278,4.542649999999446,4.5713398467638715,4.6070928733107674,4.542649999999446
13.28,4.543349999999446,4.572039846763872,4.607792873310768,4.543349999999446
13.282,4.544049999999445,4.572739846763872,4.608492873310768,4.544049999999445
13.284,4.544749999999445,4.573439846763871,4.609192873310767,4.544749999999445
13.286,4.5454499999994455,4.574139846763871,4.609892873310767,4.5454499999994455
13.288,4.546149999999445,4.574839846763871,4.610592873310766,4.546149999999445
13.29,4.546849999999445,4.575539846763871,4.6112928733107665,4.546849999999445
13.292,4.547549999999444,4.576239846763871,4.611992873310767,4.547549999999444
13.294,4.548249999999444,4.57693984676387,4.612692873310766,4.548249999999444
13.296,4.5489499999994445,4.57763984676387,4.613392873310766,4.5489499999994445
13.298,4.549649999999444,4.57833984676387,4.614092873310766,4.549649999999444
13.3,4.550349999999444,4.5790398467638695,4.6147928733107655,4.550349999999444
13.302,4.551049999999444,4.57973984676387,4.615492873310766,4.551049999999444
13.304,4.551749999999443,4.58043984676387,4.616192873310765,4.551749999999443
13.306,4.552449999999443,4.581139846763869,4.616892873310765,4.552449999999443
13.308,4.553149999999443,4.581839846763869,4.617592873310765,4.553149999999443
13.31,4.553849999999443,4.5825398467638685,4.618292873310764,4.553849999999443
13.312,4.554549999999443,4.583239846763869,4.618992873310765,4.554549999999443
13.314,4.555249999999442,4.583939846763869,4.619692873310765,4.555249999999442
13.316,4.555949999999442,4.584639846763868,4.620392873310764,4.555949999999442
13.318,4.5566499999994425,4.585339846763868,4.621092873310764,4.5566499999994425
13.32,4.557349999999442,4.586039846763868,4.621792873310764,4.557349999999442
13.322,4.558049999999442,4.586739846763868,4.6224928733107635,4.558049999999442
13.324,4.558749999999442,4.587439846763868,4.623192873310764,4.558749999999442
13.326,4.559449999999441,4.588139846763868,4.623892873310763,4.559449999999441
13.328,4.5601499999994415,4.588839846763867,4.624592873310763,4.5601499999994415
13.33,4.560849999999441,4.589539846763867,4.625292873310763,4.560849999999441
13.332,4.561549999999441,4.5902398467638665,4.6259928733107625,4.561549999999441
13.334,4.562249999999441,4.590939846763867,4.626692873310763,4.562249999999441
13.336,4.56294999999944,4.591639846763867,4.627392873310763,4.56294999999944
13.338,4.56364999999944,4.592339846763866,4.628092873310762,4.56364999999944
13.34,4.564349999999441,4.593039846763866,4.628792873310762,4.564349999999441
13.342,4.56504999999944,4.593739846763866,4.629492873310761,4.56504999999944
13.344,4.56574999999944,4.594439846763866,4.630192873310762,4.56574999999944
13.346,4.566449999999439,4.595139846763866,4.630892873310762,4.566449999999439
13.348,4.567149999999439,4.595839846763865,4.631592873310761,4.567149999999439
13.35,4.5678499999994395,4.596539846763865,4.632292873310761,4.5678499999994395
13.352,4.568549999999439,4.597239846763865,4.632992873310761,4.568549999999439
13.354,4.569249999999439,4.597939846763865,4.6336928733107605,4.569249999999439
13.356,4.569949999999439,4.598639846763865,4.634392873310761,4.569949999999439
13.358,4.570649999999438,4.599339846763865,4.635092873310761,4.570649999999438
13.36,4.5713499999994385,4.600039846763864,4.63579287331076,4.5713499999994385
13.362,4.572049999999439,4.600739846763864,4.63649287331076,4.572049999999439
13.364,4.572749999999438,4.601439846763864,4.6371928733107595,4.572749999999438
13.366,4.573449999999438,4.602139846763864,4.63789287331076,4.573449999999438
13.368,4.574149999999437,4.602839846763864,4.63859287331076,4.574149999999437
13.37,4.574849999999437,4.603539846763863,4.639292873310759,4.574849999999437
13.372,4.575549999999438,4.604239846763863,4.639992873310759,4.575549999999438
13.374,4.576249999999437,4.604939846763863,4.640692873310759,4.576249999999437
13.376,4.576949999999437,4.605639846763863,4.641392873310759,4.576949999999437
13.378,4.577649999999437,4.606339846763863,4.642092873310759,4.577649999999437
13.38,4.578349999999436,4.607039846763863,4.642792873310758,4.578349999999436
13.382,4.5790499999994365,4.607739846763862,4.643492873310758,4.5790499999994365
13.384,4.579749999999436,4.608439846763862,4.644192873310758,4.579749999999436
13.386,4.580449999999436,4.609139846763862,4.6448928733107575,4.580449999999436
13.388,4.581149999999436,4.609839846763862,4.645592873310758,4.581149999999436
13.39,4.581849999999435,4.610539846763862,4.646292873310758,4.581849999999435
13.392,4.5825499999994355,4.611239846763861,4.646992873310757,4.5825499999994355
13.394,4.583249999999436,4.611939846763861,4.647692873310757,4.583249999999436
13.396,4.583949999999435,4.612639846763861,4.648392873310757,4.583949999999435
13.398,4.584649999999435,4.613339846763861,4.649092873310757,4.584649999999435
13.4,4.585349999999435,4.614039846763861,4.649792873310757,4.585349999999435
13.402,4.586049999999434,4.614739846763861,4.650492873310756,4.586049999999434
13.404,4.586749999999435,4.61543984676386,4.651192873310756,4.586749999999435
13.406,4.587449999999434,4.61613984676386,4.651892873310756,4.587449999999434
13.408,4.588149999999434,4.61683984676386,4.6525928733107556,4.588149999999434
13.41,4.588849999999434,4.61753984676386,4.653292873310756,4.588849999999434
13.412,4.589549999999433,4.61823984676386,4.653992873310756,4.589549999999433
13.414,4.5902499999994335,4.618939846763859,4.654692873310755,4.5902499999994335
13.416,4.590949999999434,4.619639846763859,4.655392873310755,4.590949999999434
13.418,4.591649999999433,4.6203398467638594,4.6560928733107545,4.591649999999433
13.42,4.592349999999433,4.621039846763859,4.656792873310755,4.592349999999433
13.422,4.593049999999432,4.621739846763859,4.657492873310755,4.593049999999432
13.424,4.5937499999994325,4.622439846763858,4.658192873310754,4.5937499999994325
13.426,4.594449999999433,4.623139846763858,4.658892873310754,4.594449999999433
13.428,4.595149999999432,4.623839846763858,4.659592873310754,4.595149999999432
13.43,4.595849999999432,4.624539846763858,4.660292873310754,4.595849999999432
13.432,4.596549999999432,4.625239846763858,4.660992873310754,4.596549999999432
13.434,4.597249999999431,4.625939846763858,4.661692873310754,4.597249999999431
13.436,4.5979499999994315,4.626639846763857,4.662392873310753,4.5979499999994315
13.438,4.598649999999432,4.627339846763857,4.663092873310753,4.598649999999432
13.44,4.599349999999431,4.6280398467638575,4.6637928733107525,4.599349999999431
13.442,4.600049999999431,4.628739846763857,4.664492873310753,4.600049999999431
13.444,4.60074999999943,4.629439846763857,4.665192873310753,4.60074999999943
13.446,4.6014499999994305,4.630139846763856,4.665892873310752,4.6014499999994305
13.448,4.602149999999431,4.630839846763856,4.666592873310752,4.602149999999431
13.45,4.60284999999943,4.631539846763856,4.667292873310752,4.60284999999943
13.452,4.60354999999943,4.632239846763856,4.667992873310752,4.60354999999943
13.454,4.60424999999943,4.632939846763856,4.668692873310752,4.60424999999943
13.456,4.6049499999994294,4.633639846763856,4.669392873310752,4.6049499999994294
13.458,4.60564999999943,4.634339846763855,4.670092873310751,4.60564999999943
13.46,4.60634999999943,4.635039846763855,4.670792873310751,4.60634999999943
13.462,4.607049999999429,4.635739846763855,4.671492873310751,4.607049999999429
13.464,4.607749999999429,4.636439846763855,4.672192873310751,4.607749999999429
13.466,4.608449999999428,4.637139846763855,4.672892873310751,4.608449999999428
13.468,4.6091499999994285,4.637839846763854,4.67359287331075,4.6091499999994285
13.47,4.609849999999429,4.638539846763854,4.67429287331075,4.609849999999429
13.472,4.610549999999428,4.6392398467638545,4.67499287331075,4.610549999999428
13.474,4.611249999999428,4.639939846763854,4.67569287331075,4.611249999999428
13.476,4.611949999999428,4.640639846763854,4.67639287331075,4.611949999999428
13.478,4.6126499999994275,4.641339846763854,4.677092873310749,4.6126499999994275
13.48,4.613349999999428,4.642039846763853,4.677792873310749,4.613349999999428
13.482,4.614049999999427,4.642739846763853,4.678492873310749,4.614049999999427
13.484,4.614749999999427,4.643439846763853,4.679192873310749,4.614749999999427
13.486,4.615449999999427,4.644139846763853,4.679892873310749,4.615449999999427
13.488,4.616149999999426,4.644839846763853,4.680592873310749,4.616149999999426
13.49,4.616849999999427,4.645539846763852,4.681292873310748,4.616849999999427
13.492,4.617549999999427,4.646239846763852,4.681992873310748,4.617549999999427
13.494,4.618249999999426,4.6469398467638525,4.6826928733107485,4.618249999999426
13.496,4.618949999999426,4.647639846763852,4.683392873310748,4.618949999999426
13.498,4.619649999999426,4.648339846763852,4.684092873310748,4.619649999999426
13.5,4.6203499999994255,4.649039846763852,4.684792873310747,4.6203499999994255
13.502,4.621049999999426,4.649739846763851,4.685492873310747,4.621049999999426
13.504,4.621749999999425,4.6504398467638515,4.686192873310747,4.621749999999425
13.506,4.622449999999425,4.651139846763851,4.686892873310747,4.622449999999425
13.508,4.623149999999425,4.651839846763851,4.687592873310747,4.623149999999425
13.51,4.6238499999994245,4.652539846763851,4.688292873310747,4.6238499999994245
13.512,4.624549999999425,4.65323984676385,4.688992873310746,4.624549999999425
13.514,4.625249999999425,4.65393984676385,4.689692873310746,4.625249999999425
13.516,4.625949999999424,4.654639846763851,4.690392873310746,4.625949999999424
13.518,4.626649999999424,4.65533984676385,4.691092873310746,4.626649999999424
13.52,4.627349999999423,4.65603984676385,4.691792873310746,4.627349999999423
13.522,4.628049999999424,4.656739846763849,4.692492873310745,4.628049999999424
13.524,4.628749999999424,4.657439846763849,4.693192873310745,4.628749999999424
13.526,4.629449999999423,4.6581398467638495,4.6938928733107455,4.629449999999423
13.528,4.630149999999423,4.658839846763849,4.694592873310745,4.630149999999423
13.53,4.630849999999423,4.659539846763849,4.695292873310745,4.630849999999423
13.532,4.6315499999994225,4.660239846763849,4.695992873310745,4.6315499999994225
13.534,4.632249999999423,4.660939846763848,4.696692873310744,4.632249999999423
13.536,4.632949999999423,4.6616398467638485,4.697392873310744,4.632949999999423
13.538,4.633649999999422,4.662339846763849,4.698092873310744,4.633649999999422
13.54,4.634349999999422,4.663039846763848,4.698792873310744,4.634349999999422
13.542,4.6350499999994215,4.663739846763848,4.699492873310744,4.6350499999994215
13.544,4.635749999999422,4.664439846763847,4.700192873310743,4.635749999999422
13.546,4.636449999999422,4.665139846763847,4.700892873310743,4.636449999999422
13.548,4.637149999999421,4.6658398467638476,4.7015928733107435,4.637149999999421
13.55,4.637849999999421,4.666539846763847,4.702292873310743,4.637849999999421
13.552,4.638549999999421,4.667239846763847,4.702992873310743,4.638549999999421
13.554,4.639249999999421,4.667939846763847,4.703692873310742,4.639249999999421
13.556,4.639949999999421,4.668639846763846,4.704392873310742,4.639949999999421
13.558,4.64064999999942,4.6693398467638465,4.705092873310742,4.64064999999942
13.56,4.64134999999942,4.670039846763846,4.705792873310742,4.64134999999942
13.562,4.64204999999942,4.670739846763846,4.706492873310742,4.64204999999942
13.564,4.6427499999994195,4.671439846763846,4.707192873310742,4.6427499999994195
13.566,4.64344999999942,4.672139846763845,4.707892873310741,4.64344999999942
13.568,4.64414999999942,4.6728398467638455,4.708592873310741,4.64414999999942
13.57,4.644849999999419,4.673539846763846,4.7092928733107415,4.644849999999419
13.572,4.645549999999419,4.674239846763845,4.709992873310741,4.645549999999419
13.574,4.646249999999419,4.674939846763845,4.710692873310741,4.646249999999419
13.576,4.646949999999419,4.675639846763845,4.71139287331074,4.646949999999419
13.578,4.647649999999419,4.676339846763844,4.71209287331074,4.647649999999419
13.58,4.648349999999418,4.6770398467638445,4.7127928733107405,4.648349999999418
13.582,4.649049999999418,4.677739846763844,4.71349287331074,4.649049999999418
13.584,4.649749999999418,4.678439846763844,4.71419287331074,4.649749999999418
13.586,4.6504499999994175,4.679139846763844,4.71489287331074,4.6504499999994175
13.588,4.651149999999418,4.679839846763843,4.715592873310739,4.651149999999418
13.59,4.651849999999418,4.6805398467638435,4.716292873310739,4.651849999999418
13.592,4.652549999999417,4.681239846763844,4.716992873310739,4.652549999999417
13.594,4.653249999999417,4.681939846763843,4.717692873310739,4.653249999999417
13.596,4.6539499999994165,4.682639846763843,4.718392873310739,4.6539499999994165
13.598,4.654649999999417,4.683339846763842,4.719092873310738,4.654649999999417
13.6,4.655349999999417,4.684039846763842,4.719792873310738,4.655349999999417
13.602,4.656049999999416,4.684739846763843,4.7204928733107385,4.656049999999416
13.604,4.656749999999416,4.685439846763842,4.721192873310738,4.656749999999416
13.606,4.657449999999416,4.686139846763842,4.721892873310738,4.657449999999416
13.608,4.658149999999416,4.686839846763842,4.722592873310738,4.658149999999416
13.61,4.658849999999416,4.687539846763841,4.723292873310737,4.658849999999416
13.612,4.659549999999416,4.6882398467638415,4.7239928733107375,4.659549999999416
13.614,4.660249999999415,4.688939846763842,4.724692873310737,4.660249999999415
13.616,4.660949999999415,4.689639846763841,4.725392873310737,4.660949999999415
13.618,4.6616499999994145,4.690339846763841,4.726092873310737,4.6616499999994145
13.62,4.662349999999415,4.69103984676384,4.726792873310736,4.662349999999415
13.622,4.663049999999415,4.6917398467638405,4.727492873310736,4.663049999999415
13.624,4.663749999999414,4.692439846763841,4.728192873310737,4.663749999999414
13.626,4.664449999999414,4.69313984676384,4.728892873310736,4.664449999999414
13.628,4.665149999999414,4.69383984676384,4.729592873310736,4.665149999999414
13.63,4.665849999999414,4.69453984676384,4.730292873310735,4.665849999999414
13.632,4.666549999999414,4.695239846763839,4.730992873310735,4.666549999999414
13.634,4.667249999999413,4.69593984676384,4.7316928733107355,4.667249999999413
13.636,4.667949999999413,4.696639846763839,4.732392873310735,4.667949999999413
13.638,4.668649999999413,4.697339846763839,4.733092873310735,4.668649999999413
13.64,4.669349999999413,4.698039846763839,4.733792873310735,4.669349999999413
13.642,4.670049999999413,4.698739846763838,4.734492873310734,4.670049999999413
13.644,4.670749999999413,4.6994398467638385,4.7351928733107345,4.670749999999413
13.646,4.671449999999412,4.700139846763839,4.735892873310735,4.671449999999412
13.648,4.672149999999412,4.700839846763838,4.736592873310734,4.672149999999412
13.65,4.672849999999412,4.701539846763838,4.737292873310734,4.672849999999412
13.652,4.673549999999412,4.702239846763838,4.737992873310733,4.673549999999412
13.654,4.674249999999412,4.7029398467638375,4.738692873310733,4.674249999999412
13.656,4.674949999999411,4.703639846763838,4.739392873310734,4.674949999999411
13.658,4.675649999999411,4.704339846763837,4.740092873310733,4.675649999999411
13.66,4.676349999999411,4.705039846763837,4.740792873310733,4.676349999999411
13.662,4.677049999999411,4.705739846763837,4.741492873310733,4.677049999999411
13.664,4.677749999999411,4.706439846763836,4.742192873310732,4.677749999999411
13.666,4.678449999999411,4.707139846763837,4.7428928733107325,4.678449999999411
13.668,4.67914999999941,4.707839846763837,4.743592873310732,4.67914999999941
13.67,4.67984999999941,4.708539846763836,4.744292873310732,4.67984999999941
13.672,4.6805499999994105,4.709239846763836,4.744992873310732,4.6805499999994105
13.674,4.68124999999941,4.709939846763835,4.745692873310731,4.68124999999941
13.676,4.68194999999941,4.7106398467638355,4.7463928733107315,4.68194999999941
13.678,4.682649999999409,4.711339846763836,4.747092873310732,4.682649999999409
13.68,4.683349999999409,4.712039846763835,4.747792873310731,4.683349999999409
13.682,4.684049999999409,4.712739846763835,4.748492873310731,4.684049999999409
13.684,4.684749999999409,4.713439846763835,4.749192873310731,4.684749999999409
13.686,4.685449999999409,4.7141398467638345,4.74989287331073,4.685449999999409
13.688,4.686149999999409,4.714839846763835,4.7505928733107305,4.686149999999409
13.69,4.686849999999408,4.715539846763835,4.75129287331073,4.686849999999408
13.692,4.687549999999408,4.716239846763834,4.75199287331073,4.687549999999408
13.694,4.688249999999408,4.716939846763834,4.75269287331073,4.688249999999408
13.696,4.688949999999408,4.717639846763833,4.753392873310729,4.688949999999408
13.698,4.689649999999408,4.718339846763834,4.7540928733107295,4.689649999999408
13.7,4.690349999999407,4.719039846763834,4.75479287331073,4.690349999999407
13.702,4.691049999999407,4.719739846763833,4.755492873310729,4.691049999999407
13.704,4.6917499999994074,4.720439846763833,4.756192873310729,4.6917499999994074
13.706,4.692449999999407,4.721139846763833,4.756892873310729,4.692449999999407
13.708,4.693149999999407,4.7218398467638325,4.757592873310728,4.693149999999407
13.71,4.693849999999407,4.722539846763833,4.758292873310729,4.693849999999407
13.712,4.694549999999406,4.723239846763832,4.758992873310728,4.694549999999406
13.714,4.695249999999406,4.723939846763832,4.759692873310728,4.695249999999406
13.716,4.695949999999406,4.724639846763832,4.760392873310728,4.695949999999406
13.718,4.696649999999406,4.7253398467638315,4.761092873310727,4.696649999999406
13.72,4.697349999999406,4.726039846763832,4.7617928733107275,4.697349999999406
13.722,4.698049999999405,4.726739846763832,4.762492873310728,4.698049999999405
13.724,4.698749999999405,4.727439846763831,4.763192873310727,4.698749999999405
13.726,4.6994499999994055,4.728139846763831,4.763892873310727,4.6994499999994055
13.728,4.700149999999405,4.728839846763831,4.764592873310726,4.700149999999405
13.73,4.700849999999405,4.7295398467638305,4.7652928733107265,4.700849999999405
13.732,4.701549999999404,4.730239846763831,4.765992873310727,4.701549999999404
13.734,4.702249999999404,4.73093984676383,4.766692873310726,4.702249999999404
13.736,4.702949999999404,4.73163984676383,4.767392873310726,4.702949999999404
13.738,4.703649999999404,4.73233984676383,4.768092873310726,4.703649999999404
13.74,4.704349999999404,4.7330398467638295,4.768792873310725,4.704349999999404
13.742,4.705049999999404,4.73373984676383,4.769492873310726,4.705049999999404
13.744,4.705749999999403,4.73443984676383,4.770192873310726,4.705749999999403
13.746,4.706449999999403,4.735139846763829,4.770892873310725,4.706449999999403
13.748,4.7071499999994035,4.735839846763829,4.771592873310725,4.7071499999994035
13.75,4.707849999999403,4.736539846763829,4.772292873310724,4.707849999999403
13.752,4.708549999999403,4.737239846763829,4.7729928733107245,4.708549999999403
13.754,4.709249999999402,4.737939846763829,4.773692873310725,4.709249999999402
13.756,4.709949999999402,4.738639846763828,4.774392873310724,4.709949999999402
13.758,4.7106499999994025,4.739339846763828,4.775092873310724,4.7106499999994025
13.76,4.711349999999402,4.740039846763828,4.775792873310724,4.711349999999402
13.762,4.712049999999402,4.7407398467638275,4.7764928733107235,4.712049999999402
13.764,4.712749999999402,4.741439846763828,4.777192873310724,4.712749999999402
13.766,4.713449999999401,4.742139846763828,4.777892873310723,4.713449999999401
13.768,4.714149999999401,4.742839846763827,4.778592873310723,4.714149999999401
13.77,4.714849999999401,4.743539846763827,4.779292873310723,4.714849999999401
13.772,4.715549999999401,4.7442398467638265,4.779992873310722,4.715549999999401
13.774,4.716249999999401,4.744939846763827,4.780692873310723,4.716249999999401
13.776,4.7169499999994,4.745639846763827,4.781392873310723,4.7169499999994
13.778,4.7176499999994,4.746339846763826,4.782092873310722,4.7176499999994
13.78,4.7183499999994005,4.747039846763826,4.782792873310722,4.7183499999994005
13.782,4.7190499999994,4.747739846763826,4.783492873310722,4.7190499999994
13.784,4.7197499999994,4.748439846763826,4.7841928733107215,4.7197499999994
13.786,4.7204499999994,4.749139846763826,4.784892873310722,4.7204499999994
13.788,4.721149999999399,4.749839846763826,4.785592873310721,4.721149999999399
13.79,4.7218499999993995,4.750539846763825,4.786292873310721,4.7218499999993995
13.792,4.722549999999399,4.751239846763825,4.786992873310721,4.722549999999399
13.794,4.723249999999399,4.7519398467638245,4.7876928733107205,4.723249999999399
13.796,4.723949999999399,4.752639846763825,4.788392873310721,4.723949999999399
13.798,4.724649999999398,4.753339846763825,4.789092873310721,4.724649999999398
13.8,4.725349999999398,4.754039846763824,4.78979287331072,4.725349999999398
13.802,4.726049999999399,4.754739846763824,4.79049287331072,4.726049999999399
13.804,4.726749999999398,4.755439846763824,4.791192873310719,4.726749999999398
13.806,4.727449999999398,4.756139846763824,4.79189287331072,4.727449999999398
13.808,4.728149999999397,4.756839846763824,4.79259287331072,4.728149999999397
13.81,4.728849999999397,4.757539846763823,4.793292873310719,4.728849999999397
13.812,4.7295499999993975,4.758239846763823,4.793992873310719,4.7295499999993975
13.814,4.730249999999397,4.758939846763823,4.794692873310719,4.730249999999397
13.816,4.730949999999397,4.759639846763823,4.7953928733107185,4.730949999999397
13.818,4.731649999999397,4.760339846763823,4.796092873310719,4.731649999999397
13.82,4.732349999999396,4.761039846763823,4.796792873310719,4.732349999999396
13.822,4.7330499999993965,4.761739846763822,4.797492873310718,4.7330499999993965
13.824,4.733749999999397,4.762439846763822,4.798192873310718,4.733749999999397
13.826,4.734449999999396,4.763139846763822,4.7988928733107175,4.734449999999396
13.828,4.735149999999396,4.763839846763822,4.799592873310718,4.735149999999396
13.83,4.735849999999395,4.764539846763822,4.800292873310718,4.735849999999395
13.832,4.736549999999395,4.765239846763821,4.800992873310717,4.736549999999395
13.834,4.7372499999993956,4.765939846763821,4.801692873310717,4.7372499999993956
13.836,4.737949999999395,4.766639846763821,4.802392873310717,4.737949999999395
13.838,4.738649999999395,4.767339846763821,4.8030928733107165,4.738649999999395
13.84,4.739349999999395,4.768039846763821,4.803792873310717,4.739349999999395
13.842,4.740049999999394,4.768739846763821,4.804492873310716,4.740049999999394
13.844,4.7407499999993945,4.76943984676382,4.805192873310716,4.7407499999993945
13.846,4.741449999999394,4.77013984676382,4.805892873310716,4.741449999999394
13.848,4.742149999999394,4.77083984676382,4.8065928733107155,4.742149999999394
13.85,4.742849999999394,4.77153984676382,4.807292873310716,4.742849999999394
13.852,4.743549999999393,4.77223984676382,4.807992873310716,4.743549999999393
13.854,4.7442499999993935,4.772939846763819,4.808692873310715,4.7442499999993935
13.856,4.744949999999394,4.773639846763819,4.809392873310715,4.744949999999394
13.858,4.745649999999393,4.774339846763819,4.810092873310715,4.745649999999393
13.86,4.746349999999393,4.775039846763819,4.810792873310715,4.746349999999393
13.862,4.747049999999393,4.775739846763819,4.811492873310715,4.747049999999393
13.864,4.747749999999392,4.776439846763819,4.812192873310714,4.747749999999392
13.866,4.7484499999993925,4.777139846763818,4.812892873310714,4.7484499999993925
13.868,4.749149999999392,4.777839846763818,4.813592873310714,4.749149999999392
13.87,4.749849999999392,4.778539846763818,4.8142928733107135,4.749849999999392
13.872,4.750549999999392,4.779239846763818,4.814992873310714,4.750549999999392
13.874,4.751249999999391,4.779939846763818,4.815692873310714,4.751249999999391
13.876,4.7519499999993915,4.780639846763817,4.816392873310713,4.7519499999993915
13.878,4.752649999999392,4.781339846763817,4.817092873310713,4.752649999999392
13.88,4.753349999999391,4.782039846763817,4.8177928733107125,4.753349999999391
13.882,4.754049999999391,4.782739846763817,4.818492873310713,4.754049999999391
13.884,4.75474999999939,4.783439846763817,4.819192873310713,4.75474999999939
13.886,4.75544999999939,4.784139846763816,4.819892873310712,4.75544999999939
13.888,4.756149999999391,4.784839846763816,4.820592873310712,4.756149999999391
13.89,4.75684999999939,4.785539846763816,4.821292873310712,4.75684999999939
13.892,4.75754999999939,4.786239846763816,4.821992873310712,4.75754999999939
13.894,4.75824999999939,4.786939846763816,4.822692873310712,4.75824999999939
13.896,4.758949999999389,4.787639846763816,4.823392873310712,4.758949999999389
13.898,4.7596499999993895,4.788339846763815,4.824092873310711,4.7596499999993895
13.9,4.76034999999939,4.789039846763815,4.824792873310711,4.76034999999939
13.902,4.761049999999389,4.7897398467638155,4.8254928733107105,4.761049999999389
13.904,4.761749999999389,4.790439846763815,4.826192873310711,4.761749999999389
13.906,4.762449999999388,4.791139846763815,4.826892873310711,4.762449999999388
13.908,4.7631499999993885,4.791839846763814,4.82759287331071,4.7631499999993885
13.91,4.763849999999389,4.792539846763814,4.82829287331071,4.763849999999389
13.912,4.764549999999388,4.793239846763814,4.82899287331071,4.764549999999388
13.914,4.765249999999388,4.793939846763814,4.82969287331071,4.765249999999388
13.916,4.765949999999388,4.794639846763814,4.83039287331071,4.765949999999388
13.918,4.766649999999387,4.795339846763814,4.831092873310709,4.766649999999387
13.92,4.767349999999388,4.796039846763813,4.831792873310709,4.767349999999388
13.922,4.768049999999388,4.796739846763813,4.832492873310709,4.768049999999388
13.924,4.768749999999387,4.797439846763813,4.833192873310709,4.768749999999387
13.926,4.769449999999387,4.798139846763813,4.833892873310709,4.769449999999387
13.928,4.770149999999386,4.798839846763813,4.834592873310709,4.770149999999386
13.93,4.7708499999993865,4.799539846763812,4.835292873310708,4.7708499999993865
13.932,4.771549999999387,4.800239846763812,4.835992873310708,4.771549999999387
13.934,4.772249999999386,4.8009398467638125,4.836692873310708,4.772249999999386
13.936,4.772949999999386,4.801639846763812,4.837392873310708,4.772949999999386
13.938,4.773649999999386,4.802339846763812,4.838092873310708,4.773649999999386
13.94,4.7743499999993855,4.803039846763812,4.838792873310707,4.7743499999993855
13.942,4.775049999999386,4.803739846763811,4.839492873310707,4.775049999999386
13.944,4.775749999999385,4.804439846763811,4.840192873310707,4.775749999999385
13.946,4.776449999999385,4.805139846763811,4.840892873310707,4.776449999999385
13.948,4.777149999999385,4.805839846763811,4.841592873310707,4.777149999999385
13.95,4.777849999999384,4.806539846763811,4.842292873310707,4.777849999999384
13.952,4.778549999999385,4.80723984676381,4.842992873310706,4.778549999999385
13.954,4.779249999999385,4.80793984676381,4.843692873310706,4.779249999999385
13.956,4.779949999999384,4.8086398467638105,4.8443928733107064,4.779949999999384
13.958,4.780649999999384,4.80933984676381,4.845092873310706,4.780649999999384
13.96,4.781349999999384,4.81003984676381,4.845792873310706,4.781349999999384
13.962,4.7820499999993835,4.810739846763809,4.846492873310705,4.7820499999993835
13.964,4.782749999999384,4.811439846763809,4.847192873310705,4.782749999999384
13.966,4.783449999999383,4.8121398467638095,4.847892873310705,4.783449999999383
13.968,4.784149999999383,4.812839846763809,4.848592873310705,4.784149999999383
13.97,4.784849999999383,4.813539846763809,4.849292873310705,4.784849999999383
13.972,4.7855499999993825,4.814239846763809,4.849992873310705,4.7855499999993825
13.974,4.786249999999383,4.814939846763808,4.850692873310704,4.786249999999383
13.976,4.786949999999383,4.815639846763808,4.851392873310704,4.786949999999383
13.978,4.787649999999382,4.8163398467638086,4.852092873310704,4.787649999999382
13.98,4.788349999999382,4.817039846763808,4.852792873310704,4.788349999999382
13.982,4.789049999999381,4.817739846763808,4.853492873310704,4.789049999999381
13.984,4.789749999999382,4.818439846763807,4.854192873310703,4.789749999999382
13.986,4.790449999999382,4.819139846763807,4.854892873310703,4.790449999999382
13.988,4.791149999999381,4.8198398467638075,4.855592873310703,4.791149999999381
13.99,4.791849999999381,4.820539846763807,4.856292873310703,4.791849999999381
13.992,4.792549999999381,4.821239846763807,4.856992873310703,4.792549999999381
13.994,4.7932499999993805,4.821939846763807,4.857692873310703,4.7932499999993805
13.996,4.793949999999381,4.822639846763806,4.858392873310702,4.793949999999381
13.998,4.794649999999381,4.8233398467638064,4.859092873310702,4.794649999999381
14.0,4.79534999999938,4.824039846763807,4.859792873310702,4.79534999999938
14.002,4.79604999999938,4.824739846763806,4.860492873310702,4.79604999999938
14.004,4.7967499999993795,4.825439846763806,4.861192873310702,4.7967499999993795
14.006,4.79744999999938,4.826139846763805,4.861892873310701,4.79744999999938
14.008,4.79814999999938,4.826839846763805,4.862592873310701,4.79814999999938
14.01,4.798849999999379,4.8275398467638055,4.8632928733107015,4.798849999999379
14.012,4.799549999999379,4.828239846763805,4.863992873310701,4.799549999999379
14.014,4.800249999999379,4.828939846763805,4.864692873310701,4.800249999999379
14.016,4.8009499999993785,4.829639846763805,4.8653928733107,4.8009499999993785
14.018,4.801649999999379,4.830339846763804,4.8660928733107,4.801649999999379
14.02,4.802349999999378,4.8310398467638045,4.8667928733107,4.802349999999378
14.022,4.803049999999378,4.831739846763804,4.8674928733107,4.803049999999378
14.024,4.803749999999378,4.832439846763804,4.8681928733107,4.803749999999378
14.026,4.8044499999993775,4.833139846763804,4.8688928733107,4.8044499999993775
14.028,4.805149999999378,4.833839846763803,4.869592873310699,4.805149999999378
14.03,4.805849999999378,4.834539846763803,4.870292873310699,4.805849999999378
14.032,4.806549999999377,4.835239846763804,4.8709928733106995,4.806549999999377
14.034,4.807249999999377,4.835939846763803,4.871692873310699,4.807249999999377
14.036,4.807949999999377,4.836639846763803,4.872392873310699,4.807949999999377
14.038,4.808649999999377,4.837339846763803,4.873092873310698,4.808649999999377
14.04,4.809349999999377,4.838039846763802,4.873792873310698,4.809349999999377
14.042,4.810049999999376,4.8387398467638025,4.8744928733106985,4.810049999999376
14.044,4.810749999999376,4.839439846763802,4.875192873310698,4.810749999999376
14.046,4.811449999999376,4.840139846763802,4.875892873310698,4.811449999999376
14.048,4.8121499999993755,4.840839846763802,4.876592873310698,4.8121499999993755
14.05,4.812849999999376,4.841539846763801,4.877292873310697,4.812849999999376
14.052,4.813549999999376,4.8422398467638015,4.877992873310697,4.813549999999376
14.054,4.814249999999375,4.842939846763802,4.878692873310697,4.814249999999375
14.056,4.814949999999375,4.843639846763801,4.879392873310697,4.814949999999375
14.058,4.8156499999993745,4.844339846763801,4.880092873310697,4.8156499999993745
14.06,4.816349999999375,4.8450398467638,4.880792873310696,4.816349999999375
14.062,4.817049999999375,4.8457398467638,4.881492873310696,4.817049999999375
14.064,4.817749999999374,4.846439846763801,4.8821928733106965,4.817749999999374
14.066,4.818449999999374,4.8471398467638,4.882892873310696,4.818449999999374
14.068,4.819149999999374,4.8478398467638,4.883592873310696,4.819149999999374
14.07,4.819849999999374,4.8485398467638,4.884292873310696,4.819849999999374
14.072,4.820549999999374,4.849239846763799,4.884992873310695,4.820549999999374
14.074,4.821249999999374,4.8499398467637995,4.8856928733106955,4.821249999999374
14.076,4.821949999999373,4.8506398467638,4.886392873310695,4.821949999999373
14.078,4.822649999999373,4.851339846763799,4.887092873310695,4.822649999999373
14.08,4.8233499999993725,4.852039846763799,4.887792873310695,4.8233499999993725
14.082,4.824049999999373,4.852739846763798,4.888492873310694,4.824049999999373
14.084,4.824749999999373,4.8534398467637985,4.889192873310694,4.824749999999373
14.086,4.825449999999372,4.854139846763799,4.8898928733106946,4.825449999999372
14.088,4.826149999999372,4.854839846763798,4.890592873310694,4.826149999999372
14.09,4.826849999999372,4.855539846763798,4.891292873310694,4.826849999999372
14.092,4.827549999999372,4.856239846763798,4.891992873310693,4.827549999999372
14.094,4.828249999999372,4.856939846763797,4.892692873310693,4.828249999999372
14.096,4.828949999999371,4.857639846763798,4.8933928733106935,4.828949999999371
14.098,4.829649999999371,4.858339846763797,4.894092873310693,4.829649999999371
14.1,4.830349999999371,4.859039846763797,4.894792873310693,4.830349999999371
14.102,4.831049999999371,4.859739846763797,4.895492873310693,4.831049999999371
14.104,4.831749999999371,4.860439846763796,4.896192873310692,4.831749999999371
14.106,4.832449999999371,4.8611398467637965,4.8968928733106925,4.832449999999371
14.108,4.83314999999937,4.861839846763797,4.897592873310693,4.83314999999937
14.11,4.83384999999937,4.862539846763796,4.898292873310692,4.83384999999937
14.112,4.83454999999937,4.863239846763796,4.898992873310692,4.83454999999937
14.114,4.83524999999937,4.863939846763796,4.899692873310691,4.83524999999937
14.116,4.83594999999937,4.8646398467637955,4.900392873310691,4.83594999999937
14.118,4.836649999999369,4.865339846763796,4.9010928733106915,4.836649999999369
14.12,4.837349999999369,4.866039846763795,4.901792873310691,4.837349999999369
14.122,4.838049999999369,4.866739846763795,4.902492873310691,4.838049999999369
14.124,4.838749999999369,4.867439846763795,4.903192873310691,4.838749999999369
14.126,4.839449999999369,4.868139846763794,4.90389287331069,4.839449999999369
14.128,4.840149999999369,4.8688398467637946,4.9045928733106905,4.840149999999369
14.13,4.840849999999368,4.869539846763795,4.90529287331069,4.840849999999368
14.132,4.841549999999368,4.870239846763794,4.90599287331069,4.841549999999368
14.134,4.842249999999368,4.870939846763794,4.90669287331069,4.842249999999368
14.136,4.842949999999368,4.871639846763793,4.907392873310689,4.842949999999368
14.138,4.843649999999368,4.8723398467637935,4.908092873310689,4.843649999999368
14.14,4.844349999999367,4.873039846763794,4.90879287331069,4.844349999999367
14.142,4.845049999999367,4.873739846763793,4.909492873310689,4.845049999999367
14.144,4.845749999999367,4.874439846763793,4.910192873310689,4.845749999999367
14.146,4.846449999999367,4.875139846763793,4.910892873310689,4.846449999999367
14.148,4.847149999999367,4.8758398467637925,4.911592873310688,4.847149999999367
14.15,4.847849999999367,4.876539846763793,4.9122928733106885,4.847849999999367
14.152,4.848549999999366,4.877239846763793,4.912992873310688,4.848549999999366
14.154,4.849249999999366,4.877939846763792,4.913692873310688,4.849249999999366
14.156,4.849949999999366,4.878639846763792,4.914392873310688,4.849949999999366
14.158,4.850649999999366,4.879339846763791,4.915092873310687,4.850649999999366
14.16,4.851349999999366,4.8800398467637915,4.9157928733106875,4.851349999999366
14.162,4.852049999999365,4.880739846763792,4.916492873310688,4.852049999999365
14.164,4.852749999999365,4.881439846763791,4.917192873310687,4.852749999999365
14.166,4.853449999999365,4.882139846763791,4.917892873310687,4.853449999999365
14.168,4.854149999999365,4.882839846763791,4.918592873310686,4.854149999999365
14.17,4.854849999999365,4.8835398467637905,4.919292873310686,4.854849999999365
14.172,4.855549999999365,4.884239846763791,4.919992873310687,4.855549999999365
14.174,4.856249999999364,4.88493984676379,4.920692873310686,4.856249999999364
14.176,4.856949999999364,4.88563984676379,4.921392873310686,4.856949999999364
14.178,4.857649999999364,4.88633984676379,4.922092873310686,4.857649999999364
14.18,4.858349999999364,4.887039846763789,4.922792873310685,4.858349999999364
14.182,4.859049999999364,4.88773984676379,4.9234928733106855,4.859049999999364
14.184,4.859749999999363,4.88843984676379,4.924192873310686,4.859749999999363
14.186,4.860449999999363,4.889139846763789,4.924892873310685,4.860449999999363
14.188,4.8611499999993635,4.889839846763789,4.925592873310685,4.8611499999993635
14.19,4.861849999999363,4.890539846763789,4.926292873310684,4.861849999999363
14.192,4.862549999999363,4.8912398467637885,4.9269928733106845,4.862549999999363
14.194,4.863249999999362,4.891939846763789,4.927692873310685,4.863249999999362
14.196,4.863949999999362,4.892639846763788,4.928392873310684,4.863949999999362
14.198,4.864649999999362,4.893339846763788,4.929092873310684,4.864649999999362
14.2,4.865349999999362,4.894039846763788,4.929792873310684,4.865349999999362
14.202,4.866049999999362,4.8947398467637875,4.930492873310683,4.866049999999362
14.204,4.866749999999362,4.895439846763788,4.931192873310684,4.866749999999362
14.206,4.867449999999361,4.896139846763788,4.931892873310684,4.867449999999361
14.208,4.868149999999361,4.896839846763787,4.932592873310683,4.868149999999361
14.21,4.8688499999993615,4.897539846763787,4.933292873310683,4.8688499999993615
14.212,4.869549999999361,4.898239846763786,4.933992873310682,4.869549999999361
14.214,4.870249999999361,4.898939846763787,4.9346928733106825,4.870249999999361
14.216,4.87094999999936,4.899639846763787,4.935392873310683,4.87094999999936
14.218,4.87164999999936,4.900339846763786,4.936092873310682,4.87164999999936
14.22,4.8723499999993605,4.901039846763786,4.936792873310682,4.8723499999993605
14.222,4.87304999999936,4.901739846763786,4.937492873310682,4.87304999999936
14.224,4.87374999999936,4.9024398467637855,4.9381928733106815,4.87374999999936
14.226,4.87444999999936,4.903139846763786,4.938892873310682,4.87444999999936
14.228,4.875149999999359,4.903839846763786,4.939592873310681,4.875149999999359
14.23,4.875849999999359,4.904539846763785,4.940292873310681,4.875849999999359
14.232,4.876549999999359,4.905239846763785,4.940992873310681,4.876549999999359
14.234,4.877249999999359,4.9059398467637845,4.94169287331068,4.877249999999359
14.236,4.877949999999359,4.906639846763785,4.942392873310681,4.877949999999359
14.238,4.878649999999358,4.907339846763785,4.943092873310681,4.878649999999358
14.24,4.879349999999358,4.908039846763784,4.94379287331068,4.879349999999358
14.242,4.8800499999993585,4.908739846763784,4.94449287331068,4.8800499999993585
14.244,4.880749999999358,4.909439846763784,4.94519287331068,4.880749999999358
14.246,4.881449999999358,4.910139846763784,4.9458928733106795,4.881449999999358
14.248,4.882149999999358,4.910839846763784,4.94659287331068,4.882149999999358
14.25,4.882849999999357,4.911539846763784,4.947292873310679,4.882849999999357
14.252,4.8835499999993575,4.912239846763783,4.947992873310679,4.8835499999993575
14.254,4.884249999999357,4.912939846763783,4.948692873310679,4.884249999999357
14.256,4.884949999999357,4.9136398467637825,4.9493928733106785,4.884949999999357
14.258,4.885649999999357,4.914339846763783,4.950092873310679,4.885649999999357
14.26,4.886349999999356,4.915039846763783,4.950792873310679,4.886349999999356
14.262,4.887049999999356,4.915739846763782,4.951492873310678,4.887049999999356
14.264,4.8877499999993566,4.916439846763782,4.952192873310678,4.8877499999993566
14.266,4.888449999999356,4.917139846763782,4.952892873310677,4.888449999999356
14.268,4.889149999999356,4.917839846763782,4.9535928733106775,4.889149999999356
14.27,4.889849999999355,4.918539846763782,4.954292873310678,4.889849999999355
14.272,4.890549999999355,4.919239846763781,4.954992873310677,4.890549999999355
14.274,4.8912499999993555,4.919939846763781,4.955692873310677,4.8912499999993555
14.276,4.891949999999355,4.920639846763781,4.956392873310677,4.891949999999355
14.278,4.892649999999355,4.921339846763781,4.9570928733106765,4.892649999999355
14.28,4.893349999999355,4.922039846763781,4.957792873310677,4.893349999999355
14.282,4.894049999999354,4.922739846763781,4.958492873310677,4.894049999999354
14.284,4.8947499999993545,4.92343984676378,4.959192873310676,4.8947499999993545
14.286,4.895449999999355,4.92413984676378,4.959892873310676,4.895449999999355
14.288,4.896149999999354,4.92483984676378,4.960592873310675,4.896149999999354
14.29,4.896849999999354,4.92553984676378,4.961292873310676,4.896849999999354
14.292,4.897549999999353,4.92623984676378,4.961992873310676,4.897549999999353
14.294,4.898249999999353,4.926939846763779,4.962692873310675,4.898249999999353
14.296,4.8989499999993535,4.927639846763779,4.963392873310675,4.8989499999993535
14.298,4.899649999999353,4.928339846763779,4.964092873310675,4.899649999999353
14.3,4.900349999999353,4.929039846763779,4.9647928733106745,4.900349999999353
14.302,4.901049999999353,4.929739846763779,4.965492873310675,4.901049999999353
14.304,4.901749999999352,4.930439846763779,4.966192873310674,4.901749999999352
14.306,4.9024499999993525,4.931139846763778,4.966892873310674,4.9024499999993525
14.308,4.903149999999352,4.931839846763778,4.967592873310674,4.903149999999352
14.31,4.903849999999352,4.9325398467637775,4.9682928733106735,4.903849999999352
14.312,4.904549999999352,4.933239846763778,4.968992873310674,4.904549999999352
14.314,4.905249999999351,4.933939846763778,4.969692873310674,4.905249999999351
14.316,4.905949999999351,4.934639846763777,4.970392873310673,4.905949999999351
14.318,4.906649999999352,4.935339846763777,4.971092873310673,4.906649999999352
14.32,4.907349999999351,4.936039846763777,4.971792873310673,4.907349999999351
14.322,4.908049999999351,4.936739846763777,4.972492873310673,4.908049999999351
14.324,4.908749999999351,4.937439846763777,4.973192873310673,4.908749999999351
14.326,4.90944999999935,4.938139846763777,4.973892873310672,4.90944999999935
14.328,4.9101499999993505,4.938839846763776,4.974592873310672,4.9101499999993505
14.33,4.91084999999935,4.939539846763776,4.975292873310672,4.91084999999935
14.332,4.91154999999935,4.940239846763776,4.9759928733106715,4.91154999999935
14.334,4.91224999999935,4.940939846763776,4.976692873310672,4.91224999999935
14.336,4.912949999999349,4.941639846763776,4.977392873310672,4.912949999999349
14.338,4.9136499999993495,4.942339846763775,4.978092873310671,4.9136499999993495
14.34,4.91434999999935,4.943039846763775,4.978792873310671,4.91434999999935
14.342,4.915049999999349,4.943739846763775,4.9794928733106705,4.915049999999349
14.344,4.915749999999349,4.944439846763775,4.980192873310671,4.915749999999349
14.346,4.916449999999348,4.945139846763775,4.980892873310671,4.916449999999348
14.348,4.917149999999348,4.945839846763774,4.98159287331067,4.917149999999348
14.35,4.917849999999349,4.946539846763774,4.98229287331067,4.917849999999349
14.352,4.918549999999348,4.947239846763774,4.98299287331067,4.918549999999348
14.354,4.919249999999348,4.947939846763774,4.98369287331067,4.919249999999348
14.356,4.919949999999348,4.948639846763774,4.98439287331067,4.919949999999348
14.358,4.920649999999347,4.949339846763774,4.98509287331067,4.920649999999347
14.36,4.9213499999993475,4.950039846763773,4.985792873310669,4.9213499999993475
14.362,4.922049999999348,4.950739846763773,4.986492873310669,4.922049999999348
14.364,4.922749999999347,4.9514398467637735,4.9871928733106685,4.922749999999347
14.366,4.923449999999347,4.952139846763773,4.987892873310669,4.923449999999347
14.368,4.924149999999346,4.952839846763773,4.988592873310669,4.924149999999346
14.37,4.9248499999993465,4.953539846763772,4.989292873310668,4.9248499999993465
14.372,4.925549999999347,4.954239846763772,4.989992873310668,4.925549999999347
14.374,4.926249999999346,4.954939846763772,4.990692873310668,4.926249999999346
14.376,4.926949999999346,4.955639846763772,4.991392873310668,4.926949999999346
14.378,4.927649999999346,4.956339846763772,4.992092873310668,4.927649999999346
14.38,4.928349999999345,4.957039846763772,4.992792873310667,4.928349999999345
14.382,4.929049999999346,4.957739846763771,4.993492873310667,4.929049999999346
14.384,4.929749999999345,4.958439846763771,4.994192873310667,4.929749999999345
14.386,4.930449999999345,4.959139846763771,4.994892873310667,4.930449999999345
14.388,4.931149999999345,4.959839846763771,4.995592873310667,4.931149999999345
14.39,4.931849999999344,4.960539846763771,4.996292873310667,4.931849999999344
14.392,4.9325499999993445,4.96123984676377,4.996992873310666,4.9325499999993445
14.394,4.933249999999345,4.96193984676377,4.997692873310666,4.933249999999345
14.396,4.933949999999344,4.9626398467637705,4.998392873310666,4.933949999999344
14.398,4.934649999999344,4.96333984676377,4.999092873310666,4.934649999999344
14.4,4.935349999999344,4.96403984676377,4.999792873310666,4.935349999999344
14.402,4.9360499999993435,4.96473984676377,5.000492873310665,4.9360499999993435
14.404,4.936749999999344,4.965439846763769,5.001192873310665,4.936749999999344
14.406,4.937449999999343,4.966139846763769,5.001892873310665,4.937449999999343
14.408,4.938149999999343,4.966839846763769,5.002592873310665,4.938149999999343
14.41,4.938849999999343,4.967539846763769,5.003292873310665,4.938849999999343
14.412,4.939549999999342,4.968239846763769,5.003992873310665,4.939549999999342
14.414,4.940249999999343,4.968939846763768,5.004692873310664,4.940249999999343
14.416,4.940949999999343,4.969639846763768,5.005392873310664,4.940949999999343
14.418,4.941649999999342,4.9703398467637685,5.006092873310664,4.941649999999342
14.42,4.942349999999342,4.971039846763768,5.006792873310664,4.942349999999342
14.422,4.943049999999342,4.971739846763768,5.007492873310664,4.943049999999342
14.424,4.9437499999993415,4.972439846763767,5.008192873310663,4.9437499999993415
14.426,4.944449999999342,4.973139846763767,5.008892873310663,4.944449999999342
14.428,4.945149999999341,4.9738398467637674,5.009592873310663,4.945149999999341
14.43,4.945849999999341,4.974539846763767,5.010292873310663,4.945849999999341
14.432,4.946549999999341,4.975239846763767,5.010992873310663,4.946549999999341
14.434,4.9472499999993405,4.975939846763767,5.011692873310663,4.9472499999993405
14.436,4.947949999999341,4.976639846763766,5.012392873310662,4.947949999999341
14.438,4.948649999999341,4.977339846763766,5.013092873310662,4.948649999999341
14.44,4.94934999999934,4.9780398467637665,5.013792873310662,4.94934999999934
14.442,4.95004999999934,4.978739846763766,5.014492873310662,4.95004999999934
14.444,4.950749999999339,4.979439846763766,5.015192873310662,4.950749999999339
14.446,4.9514499999993395,4.980139846763765,5.015892873310661,4.9514499999993395
14.448,4.95214999999934,4.980839846763765,5.016592873310661,4.95214999999934
14.45,4.952849999999339,4.9815398467637655,5.017292873310661,4.952849999999339
14.452,4.953549999999339,4.982239846763765,5.017992873310661,4.953549999999339
14.454,4.954249999999339,4.982939846763765,5.018692873310661,4.954249999999339
14.456,4.9549499999993385,4.983639846763765,5.019392873310661,4.9549499999993385
14.458,4.955649999999339,4.984339846763764,5.02009287331066,4.955649999999339
14.46,4.956349999999339,4.985039846763764,5.02079287331066,4.956349999999339
14.462,4.957049999999338,4.985739846763765,5.02149287331066,4.957049999999338
14.464,4.957749999999338,4.986439846763764,5.02219287331066,4.957749999999338
14.466,4.958449999999337,4.987139846763764,5.02289287331066,4.958449999999337
14.468,4.959149999999338,4.987839846763763,5.023592873310659,4.959149999999338
14.47,4.959849999999338,4.988539846763763,5.024292873310659,4.959849999999338
14.472,4.960549999999337,4.9892398467637635,5.0249928733106595,4.960549999999337
14.474,4.961249999999337,4.989939846763763,5.025692873310659,4.961249999999337
14.476,4.961949999999337,4.990639846763763,5.026392873310659,4.961949999999337
14.478,4.9626499999993365,4.991339846763763,5.027092873310658,4.9626499999993365
14.48,4.963349999999337,4.992039846763762,5.027792873310658,4.963349999999337
14.482,4.964049999999336,4.9927398467637625,5.028492873310658,4.964049999999336
14.484,4.964749999999336,4.993439846763762,5.029192873310658,4.964749999999336
14.486,4.965449999999336,4.994139846763762,5.029892873310658,4.965449999999336
14.488,4.9661499999993355,4.994839846763762,5.030592873310658,4.9661499999993355
14.49,4.966849999999336,4.995539846763761,5.031292873310657,4.966849999999336
14.492,4.967549999999336,4.996239846763761,5.031992873310657,4.967549999999336
14.494,4.968249999999335,4.996939846763762,5.0326928733106575,4.968249999999335
14.496,4.968949999999335,4.997639846763761,5.033392873310657,4.968949999999335
14.498,4.969649999999335,4.998339846763761,5.034092873310657,4.969649999999335
14.5,4.970349999999335,4.999039846763761,5.034792873310656,4.970349999999335
14.502,4.971049999999335,4.99973984676376,5.035492873310656,4.971049999999335
14.504,4.971749999999334,5.0004398467637605,5.0361928733106565,4.971749999999334
14.506,4.972449999999334,5.00113984676376,5.036892873310656,4.972449999999334
14.508,4.973149999999334,5.00183984676376,5.037592873310656,4.973149999999334
14.51,4.9738499999993335,5.00253984676376,5.038292873310656,4.9738499999993335
14.512,4.974549999999334,5.003239846763759,5.038992873310655,4.974549999999334
14.514,4.975249999999334,5.0039398467637595,5.039692873310655,4.975249999999334
14.516,4.975949999999333,5.00463984676376,5.040392873310655,4.975949999999333
14.518,4.976649999999333,5.005339846763759,5.041092873310655,4.976649999999333
14.52,4.9773499999993325,5.006039846763759,5.041792873310655,4.9773499999993325
14.522,4.978049999999333,5.006739846763758,5.042492873310654,4.978049999999333
14.524,4.978749999999333,5.007439846763758,5.043192873310654,4.978749999999333
14.526,4.979449999999332,5.008139846763759,5.0438928733106545,4.979449999999332
14.528,4.980149999999332,5.008839846763758,5.044592873310654,4.980149999999332
14.53,4.980849999999332,5.009539846763758,5.045292873310654,4.980849999999332
14.532,4.981549999999332,5.010239846763758,5.045992873310654,4.981549999999332
14.534,4.982249999999332,5.010939846763757,5.046692873310653,4.982249999999332
14.536,4.982949999999332,5.0116398467637575,5.0473928733106534,4.982949999999332
14.538,4.983649999999331,5.012339846763758,5.048092873310653,4.983649999999331
14.54,4.984349999999331,5.013039846763757,5.048792873310653,4.984349999999331
14.542,4.9850499999993305,5.013739846763757,5.049492873310653,4.9850499999993305
14.544,4.985749999999331,5.014439846763756,5.050192873310652,4.985749999999331
14.546,4.986449999999331,5.0151398467637565,5.050892873310652,4.986449999999331
14.548,4.98714999999933,5.015839846763757,5.0515928733106525,4.98714999999933
14.55,4.98784999999933,5.016539846763756,5.052292873310652,4.98784999999933
14.552,4.98854999999933,5.017239846763756,5.052992873310652,4.98854999999933
14.554,4.98924999999933,5.017939846763756,5.053692873310651,4.98924999999933
14.556,4.98994999999933,5.018639846763755,5.054392873310651,4.98994999999933
14.558,4.990649999999329,5.0193398467637556,5.0550928733106515,4.990649999999329
14.56,4.991349999999329,5.020039846763755,5.055792873310651,4.991349999999329
14.562,4.992049999999329,5.020739846763755,5.056492873310651,4.992049999999329
14.564,4.992749999999329,5.021439846763755,5.057192873310651,4.992749999999329
14.566,4.993449999999329,5.022139846763754,5.05789287331065,4.993449999999329
14.568,4.994149999999329,5.0228398467637545,5.05859287331065,4.994149999999329
14.57,4.994849999999328,5.023539846763755,5.059292873310651,4.994849999999328
14.572,4.995549999999328,5.024239846763754,5.05999287331065,4.995549999999328
14.574,4.996249999999328,5.024939846763754,5.06069287331065,4.996249999999328
14.576,4.996949999999328,5.025639846763754,5.061392873310649,4.996949999999328
14.578,4.997649999999328,5.0263398467637534,5.062092873310649,4.997649999999328
14.58,4.998349999999327,5.027039846763754,5.0627928733106495,4.998349999999327
14.582,4.999049999999327,5.027739846763753,5.063492873310649,4.999049999999327
14.584,4.999749999999327,5.028439846763753,5.064192873310649,4.999749999999327
14.586,5.000449999999327,5.029139846763753,5.064892873310649,5.000449999999327
14.588,5.001149999999327,5.029839846763752,5.065592873310648,5.001149999999327
14.59,5.001849999999327,5.0305398467637525,5.0662928733106485,5.001849999999327
14.592,5.002549999999326,5.031239846763753,5.066992873310648,5.002549999999326
14.594,5.003249999999326,5.031939846763752,5.067692873310648,5.003249999999326
14.596,5.0039499999993255,5.032639846763752,5.068392873310648,5.0039499999993255
14.598,5.004649999999326,5.033339846763751,5.069092873310647,5.004649999999326
14.6,5.005349999999326,5.0340398467637515,5.069792873310647,5.005349999999326
14.602,5.006049999999325,5.034739846763752,5.070492873310648,5.006049999999325
14.604,5.006749999999325,5.035439846763751,5.071192873310647,5.006749999999325
14.606,5.007449999999325,5.036139846763751,5.071892873310647,5.007449999999325
14.608,5.008149999999325,5.036839846763751,5.072592873310647,5.008149999999325
14.61,5.008849999999325,5.03753984676375,5.073292873310646,5.008849999999325
14.612,5.009549999999325,5.038239846763751,5.0739928733106465,5.009549999999325
14.614,5.010249999999324,5.038939846763751,5.074692873310646,5.010249999999324
14.616,5.010949999999324,5.03963984676375,5.075392873310646,5.010949999999324
14.618,5.011649999999324,5.04033984676375,5.076092873310646,5.011649999999324
14.62,5.012349999999324,5.041039846763749,5.076792873310645,5.012349999999324
14.622,5.013049999999324,5.0417398467637495,5.0774928733106455,5.013049999999324
14.624,5.013749999999323,5.04243984676375,5.078192873310646,5.013749999999323
14.626,5.014449999999323,5.043139846763749,5.078892873310645,5.014449999999323
14.628,5.015149999999323,5.043839846763749,5.079592873310645,5.015149999999323
14.63,5.015849999999323,5.044539846763749,5.080292873310644,5.015849999999323
14.632,5.016549999999323,5.0452398467637485,5.080992873310644,5.016549999999323
14.634,5.017249999999323,5.045939846763749,5.081692873310645,5.017249999999323
14.636,5.017949999999322,5.046639846763748,5.082392873310644,5.017949999999322
14.638,5.018649999999322,5.047339846763748,5.083092873310644,5.018649999999322
14.64,5.019349999999322,5.048039846763748,5.083792873310644,5.019349999999322
14.642,5.020049999999322,5.048739846763747,5.084492873310643,5.020049999999322
14.644,5.020749999999322,5.049439846763748,5.0851928733106435,5.020749999999322
14.646,5.021449999999321,5.050139846763748,5.085892873310644,5.021449999999321
14.648,5.022149999999321,5.050839846763747,5.086592873310643,5.022149999999321
14.65,5.0228499999993215,5.051539846763747,5.087292873310643,5.0228499999993215
14.652,5.023549999999321,5.052239846763747,5.087992873310642,5.023549999999321
14.654,5.024249999999321,5.0529398467637465,5.0886928733106425,5.024249999999321
14.656,5.02494999999932,5.053639846763747,5.089392873310643,5.02494999999932
14.658,5.02564999999932,5.054339846763746,5.090092873310642,5.02564999999932
14.66,5.02634999999932,5.055039846763746,5.090792873310642,5.02634999999932
14.662,5.02704999999932,5.055739846763746,5.091492873310642,5.02704999999932
14.664,5.02774999999932,5.0564398467637455,5.092192873310641,5.02774999999932
14.666,5.02844999999932,5.057139846763746,5.0928928733106416,5.02844999999932
14.668,5.029149999999319,5.057839846763746,5.093592873310642,5.029149999999319
14.67,5.029849999999319,5.058539846763745,5.094292873310641,5.029849999999319
14.672,5.0305499999993195,5.059239846763745,5.094992873310641,5.0305499999993195
14.674,5.031249999999319,5.059939846763744,5.09569287331064,5.031249999999319
14.676,5.031949999999319,5.060639846763745,5.0963928733106405,5.031949999999319
14.678,5.032649999999318,5.061339846763745,5.097092873310641,5.032649999999318
14.68,5.033349999999318,5.062039846763744,5.09779287331064,5.033349999999318
14.682,5.0340499999993185,5.062739846763744,5.09849287331064,5.0340499999993185
14.684,5.034749999999318,5.063439846763744,5.09919287331064,5.034749999999318
14.686,5.035449999999318,5.0641398467637435,5.0998928733106395,5.035449999999318
14.688,5.036149999999318,5.064839846763744,5.10059287331064,5.036149999999318
14.69,5.036849999999317,5.065539846763744,5.101292873310639,5.036849999999317
14.692,5.037549999999317,5.066239846763743,5.101992873310639,5.037549999999317
14.694,5.038249999999317,5.066939846763743,5.102692873310639,5.038249999999317
14.696,5.038949999999317,5.0676398467637425,5.103392873310638,5.038949999999317
14.698,5.039649999999317,5.068339846763743,5.1040928733106385,5.039649999999317
14.7,5.040349999999316,5.069039846763743,5.104792873310639,5.040349999999316
14.702,5.041049999999316,5.069739846763742,5.105492873310638,5.041049999999316
14.704,5.0417499999993165,5.070439846763742,5.106192873310638,5.0417499999993165
14.706,5.042449999999316,5.071139846763742,5.106892873310638,5.042449999999316
14.708,5.043149999999316,5.0718398467637416,5.1075928733106375,5.043149999999316
14.71,5.043849999999316,5.072539846763742,5.108292873310638,5.043849999999316
14.712,5.044549999999315,5.073239846763742,5.108992873310637,5.044549999999315
14.714,5.0452499999993154,5.073939846763741,5.109692873310637,5.0452499999993154
14.716,5.045949999999315,5.074639846763741,5.110392873310637,5.045949999999315
14.718,5.046649999999315,5.0753398467637405,5.111092873310636,5.046649999999315
14.72,5.047349999999315,5.076039846763741,5.111792873310637,5.047349999999315
14.722,5.048049999999314,5.076739846763741,5.112492873310637,5.048049999999314
14.724,5.048749999999314,5.07743984676374,5.113192873310636,5.048749999999314
14.726,5.0494499999993145,5.07813984676374,5.113892873310636,5.0494499999993145
14.728,5.050149999999314,5.07883984676374,5.114592873310635,5.050149999999314
14.73,5.050849999999314,5.07953984676374,5.1152928733106355,5.050849999999314
14.732,5.051549999999313,5.08023984676374,5.115992873310636,5.051549999999313
14.734,5.052249999999313,5.080939846763739,5.116692873310635,5.052249999999313
14.736,5.0529499999993135,5.081639846763739,5.117392873310635,5.0529499999993135
14.738,5.053649999999313,5.082339846763739,5.118092873310635,5.053649999999313
14.74,5.054349999999313,5.0830398467637385,5.1187928733106345,5.054349999999313
14.742,5.055049999999313,5.083739846763739,5.119492873310635,5.055049999999313
14.744,5.055749999999312,5.084439846763739,5.120192873310635,5.055749999999312
14.746,5.056449999999312,5.085139846763738,5.120892873310634,5.056449999999312
14.748,5.057149999999313,5.085839846763738,5.121592873310634,5.057149999999313
14.75,5.057849999999312,5.086539846763738,5.122292873310633,5.057849999999312
14.752,5.058549999999312,5.087239846763738,5.122992873310634,5.058549999999312
14.754,5.059249999999311,5.087939846763738,5.123692873310634,5.059249999999311
14.756,5.059949999999311,5.088639846763737,5.124392873310633,5.059949999999311
14.758,5.0606499999993115,5.089339846763737,5.125092873310633,5.0606499999993115
14.76,5.061349999999311,5.090039846763737,5.125792873310633,5.061349999999311
14.762,5.062049999999311,5.090739846763737,5.1264928733106325,5.062049999999311
14.764,5.062749999999311,5.091439846763737,5.127192873310633,5.062749999999311
14.766,5.06344999999931,5.092139846763737,5.127892873310632,5.06344999999931
14.768,5.0641499999993105,5.092839846763736,5.128592873310632,5.0641499999993105
14.77,5.06484999999931,5.093539846763736,5.129292873310632,5.06484999999931
14.772,5.06554999999931,5.0942398467637355,5.1299928733106315,5.06554999999931
14.774,5.06624999999931,5.094939846763736,5.130692873310632,5.06624999999931
14.776,5.066949999999309,5.095639846763736,5.131392873310632,5.066949999999309
14.778,5.067649999999309,5.096339846763735,5.132092873310631,5.067649999999309
14.78,5.06834999999931,5.097039846763735,5.132792873310631,5.06834999999931
14.782,5.069049999999309,5.097739846763735,5.133492873310631,5.069049999999309
14.784,5.069749999999309,5.098439846763735,5.134192873310631,5.069749999999309
14.786,5.070449999999309,5.099139846763735,5.134892873310631,5.070449999999309
14.788,5.071149999999308,5.099839846763735,5.13559287331063,5.071149999999308
14.79,5.0718499999993085,5.100539846763734,5.13629287331063,5.0718499999993085
14.792,5.072549999999308,5.101239846763734,5.13699287331063,5.072549999999308
14.794,5.073249999999308,5.101939846763734,5.1376928733106295,5.073249999999308
14.796,5.073949999999308,5.102639846763734,5.13839287331063,5.073949999999308
14.798,5.074649999999307,5.103339846763734,5.13909287331063,5.074649999999307
14.8,5.0753499999993075,5.104039846763733,5.139792873310629,5.0753499999993075
14.802,5.076049999999308,5.104739846763733,5.140492873310629,5.076049999999308
14.804,5.076749999999307,5.105439846763733,5.1411928733106285,5.076749999999307
14.806,5.077449999999307,5.106139846763733,5.141892873310629,5.077449999999307
14.808,5.078149999999306,5.106839846763733,5.142592873310629,5.078149999999306
14.81,5.078849999999306,5.107539846763732,5.143292873310628,5.078849999999306
14.812,5.079549999999307,5.108239846763732,5.143992873310628,5.079549999999307
14.814,5.080249999999306,5.108939846763732,5.144692873310628,5.080249999999306
14.816,5.080949999999306,5.109639846763732,5.145392873310628,5.080949999999306
14.818,5.081649999999306,5.110339846763732,5.146092873310628,5.081649999999306
14.82,5.082349999999305,5.111039846763732,5.146792873310628,5.082349999999305
14.822,5.0830499999993055,5.111739846763731,5.147492873310627,5.0830499999993055
14.824,5.083749999999306,5.112439846763731,5.148192873310627,5.083749999999306
14.826,5.084449999999305,5.1131398467637315,5.1488928733106265,5.084449999999305
14.828,5.085149999999305,5.113839846763731,5.149592873310627,5.085149999999305
14.83,5.085849999999304,5.114539846763731,5.150292873310627,5.085849999999304
14.832,5.0865499999993045,5.11523984676373,5.150992873310626,5.0865499999993045
14.834,5.087249999999305,5.11593984676373,5.151692873310626,5.087249999999305
14.836,5.087949999999304,5.11663984676373,5.152392873310626,5.087949999999304
14.838,5.088649999999304,5.11733984676373,5.153092873310626,5.088649999999304
14.84,5.089349999999304,5.11803984676373,5.153792873310626,5.089349999999304
14.842,5.090049999999303,5.11873984676373,5.154492873310625,5.090049999999303
14.844,5.0907499999993036,5.119439846763729,5.155192873310625,5.0907499999993036
14.846,5.091449999999303,5.120139846763729,5.155892873310625,5.091449999999303
14.848,5.092149999999303,5.120839846763729,5.1565928733106245,5.092149999999303
14.85,5.092849999999303,5.121539846763729,5.157292873310625,5.092849999999303
14.852,5.093549999999302,5.122239846763729,5.157992873310625,5.093549999999302
14.854,5.0942499999993025,5.122939846763728,5.158692873310624,5.0942499999993025
14.856,5.094949999999303,5.123639846763728,5.159392873310624,5.094949999999303
14.858,5.095649999999302,5.1243398467637284,5.160092873310624,5.095649999999302
14.86,5.096349999999302,5.125039846763728,5.160792873310624,5.096349999999302
14.862,5.097049999999302,5.125739846763728,5.161492873310624,5.097049999999302
14.864,5.0977499999993015,5.126439846763728,5.162192873310623,5.0977499999993015
14.866,5.098449999999302,5.127139846763727,5.162892873310623,5.098449999999302
14.868,5.099149999999301,5.127839846763727,5.163592873310623,5.099149999999301
14.87,5.099849999999301,5.128539846763727,5.164292873310623,5.099849999999301
14.872,5.100549999999301,5.129239846763727,5.164992873310623,5.100549999999301
14.874,5.1012499999993,5.129939846763727,5.165692873310623,5.1012499999993
14.876,5.1019499999993005,5.130639846763726,5.166392873310622,5.1019499999993005
14.878,5.102649999999301,5.131339846763726,5.167092873310622,5.102649999999301
14.88,5.1033499999993,5.1320398467637265,5.1677928733106215,5.1033499999993
14.882,5.1040499999993,5.132739846763726,5.168492873310622,5.1040499999993
14.884,5.1047499999993,5.133439846763726,5.169192873310622,5.1047499999993
14.886,5.1054499999992995,5.134139846763725,5.169892873310621,5.1054499999992995
14.888,5.1061499999993,5.134839846763725,5.170592873310621,5.1061499999993
14.89,5.106849999999299,5.135539846763725,5.171292873310621,5.106849999999299
14.892,5.107549999999299,5.136239846763725,5.171992873310621,5.107549999999299
14.894,5.108249999999299,5.136939846763725,5.172692873310621,5.108249999999299
14.896,5.108949999999298,5.137639846763725,5.173392873310621,5.108949999999298
14.898,5.109649999999299,5.138339846763724,5.17409287331062,5.109649999999299
14.9,5.110349999999299,5.139039846763724,5.17479287331062,5.110349999999299
14.902,5.111049999999298,5.1397398467637245,5.17549287331062,5.111049999999298
14.904,5.111749999999298,5.140439846763724,5.17619287331062,5.111749999999298
14.906,5.112449999999297,5.141139846763724,5.17689287331062,5.112449999999297
14.908,5.1131499999992975,5.141839846763723,5.177592873310619,5.1131499999992975
14.91,5.113849999999298,5.142539846763723,5.178292873310619,5.113849999999298
14.912,5.114549999999297,5.1432398467637235,5.178992873310619,5.114549999999297
14.914,5.115249999999297,5.143939846763723,5.179692873310619,5.115249999999297
14.916,5.115949999999297,5.144639846763723,5.180392873310619,5.115949999999297
14.918,5.1166499999992965,5.145339846763723,5.181092873310619,5.1166499999992965
14.92,5.117349999999297,5.146039846763722,5.181792873310618,5.117349999999297
14.922,5.118049999999297,5.146739846763722,5.182492873310618,5.118049999999297
14.924,5.118749999999296,5.147439846763722,5.183192873310618,5.118749999999296
14.926,5.119449999999296,5.148139846763722,5.183892873310618,5.119449999999296
14.928,5.120149999999295,5.148839846763722,5.184592873310618,5.120149999999295
14.93,5.120849999999296,5.149539846763721,5.185292873310617,5.120849999999296
14.932,5.121549999999296,5.150239846763721,5.185992873310617,5.121549999999296
14.934,5.122249999999295,5.1509398467637215,5.1866928733106175,5.122249999999295
14.936,5.122949999999295,5.151639846763721,5.187392873310617,5.122949999999295
14.938,5.123649999999295,5.152339846763721,5.188092873310617,5.123649999999295
14.94,5.1243499999992945,5.153039846763721,5.188792873310616,5.1243499999992945
14.942,5.125049999999295,5.15373984676372,5.189492873310616,5.125049999999295
14.944,5.125749999999294,5.1544398467637205,5.190192873310616,5.125749999999294
14.946,5.126449999999294,5.15513984676372,5.190892873310616,5.126449999999294
14.948,5.127149999999294,5.15583984676372,5.191592873310616,5.127149999999294
14.95,5.1278499999992935,5.15653984676372,5.192292873310616,5.1278499999992935
14.952,5.128549999999294,5.157239846763719,5.192992873310615,5.128549999999294
14.954,5.129249999999294,5.157939846763719,5.193692873310615,5.129249999999294
14.956,5.129949999999293,5.15863984676372,5.1943928733106155,5.129949999999293
14.958,5.130649999999293,5.159339846763719,5.195092873310615,5.130649999999293
14.96,5.131349999999293,5.160039846763719,5.195792873310615,5.131349999999293
14.962,5.132049999999293,5.160739846763719,5.196492873310614,5.132049999999293
14.964,5.132749999999293,5.161439846763718,5.197192873310614,5.132749999999293
14.966,5.133449999999292,5.1621398467637185,5.1978928733106144,5.133449999999292
14.968,5.134149999999292,5.162839846763718,5.198592873310614,5.134149999999292
14.97,5.134849999999292,5.163539846763718,5.199292873310614,5.134849999999292
14.972,5.1355499999992915,5.164239846763718,5.199992873310614,5.1355499999992915
14.974,5.136249999999292,5.164939846763717,5.200692873310613,5.136249999999292
14.976,5.136949999999292,5.1656398467637175,5.201392873310613,5.136949999999292
14.978,5.137649999999291,5.166339846763718,5.202092873310613,5.137649999999291
14.98,5.138349999999291,5.167039846763717,5.202792873310613,5.138349999999291
14.982,5.1390499999992905,5.167739846763717,5.203492873310613,5.1390499999992905
14.984,5.139749999999291,5.168439846763716,5.204192873310612,5.139749999999291
14.986,5.140449999999291,5.169139846763716,5.204892873310612,5.140449999999291
14.988,5.14114999999929,5.1698398467637166,5.2055928733106125,5.14114999999929
14.99,5.14184999999929,5.170539846763716,5.206292873310612,5.14184999999929
14.992,5.14254999999929,5.171239846763716,5.206992873310612,5.14254999999929
14.994,5.14324999999929,5.171939846763716,5.207692873310612,5.14324999999929
14.996,5.14394999999929,5.172639846763715,5.208392873310611,5.14394999999929
14.998,5.14464999999929,5.1733398467637155,5.209092873310611,5.14464999999929
15.0,5.145349999999289,5.174039846763716,5.209792873310611,5.145349999999289
15.002,5.146049999999289,5.174739846763715,5.210492873310611,5.146049999999289
15.004,5.1467499999992885,5.175439846763715,5.211192873310611,5.1467499999992885
15.006,5.147449999999289,5.176139846763714,5.21189287331061,5.147449999999289
15.008,5.148149999999289,5.1768398467637144,5.21259287331061,5.148149999999289
15.01,5.148849999999288,5.177539846763715,5.2132928733106105,5.148849999999288
15.012,5.149549999999288,5.178239846763714,5.21399287331061,5.149549999999288
15.014,5.150249999999288,5.178939846763714,5.21469287331061,5.150249999999288
15.016,5.150949999999288,5.179639846763714,5.215392873310609,5.150949999999288
15.018,5.151649999999288,5.180339846763713,5.216092873310609,5.151649999999288
15.02,5.152349999999287,5.1810398467637135,5.2167928733106095,5.152349999999287
15.022,5.153049999999287,5.181739846763713,5.217492873310609,5.153049999999287
15.024,5.153749999999287,5.182439846763713,5.218192873310609,5.153749999999287
15.026,5.1544499999992865,5.183139846763713,5.218892873310609,5.1544499999992865
15.028,5.155149999999287,5.183839846763712,5.219592873310608,5.155149999999287
15.03,5.155849999999287,5.1845398467637125,5.220292873310608,5.155849999999287
15.032,5.156549999999286,5.185239846763713,5.220992873310609,5.156549999999286
15.034,5.157249999999286,5.185939846763712,5.221692873310608,5.157249999999286
15.036,5.157949999999286,5.186639846763712,5.222392873310608,5.157949999999286
15.038,5.158649999999286,5.187339846763712,5.223092873310607,5.158649999999286
15.04,5.159349999999286,5.188039846763711,5.223792873310607,5.159349999999286
15.042,5.160049999999285,5.188739846763712,5.2244928733106075,5.160049999999285
15.044,5.160749999999285,5.189439846763711,5.225192873310607,5.160749999999285
15.046,5.161449999999285,5.190139846763711,5.225892873310607,5.161449999999285
15.048,5.162149999999285,5.190839846763711,5.226592873310607,5.162149999999285
15.05,5.162849999999285,5.19153984676371,5.227292873310606,5.162849999999285
15.052,5.163549999999285,5.1922398467637105,5.2279928733106065,5.163549999999285
15.054,5.164249999999284,5.192939846763711,5.228692873310606,5.164249999999284
15.056,5.164949999999284,5.19363984676371,5.229392873310606,5.164949999999284
15.058,5.1656499999992835,5.19433984676371,5.230092873310606,5.1656499999992835
15.06,5.166349999999284,5.195039846763709,5.230792873310605,5.166349999999284
15.062,5.167049999999284,5.1957398467637095,5.231492873310605,5.167049999999284
15.064,5.167749999999283,5.19643984676371,5.232192873310606,5.167749999999283
15.066,5.168449999999283,5.197139846763709,5.232892873310605,5.168449999999283
15.068,5.169149999999283,5.197839846763709,5.233592873310605,5.169149999999283
15.07,5.169849999999283,5.198539846763709,5.234292873310605,5.169849999999283
15.072,5.170549999999283,5.199239846763708,5.234992873310604,5.170549999999283
15.074,5.171249999999283,5.199939846763709,5.2356928733106045,5.171249999999283
15.076,5.171949999999282,5.200639846763709,5.236392873310604,5.171949999999282
15.078,5.172649999999282,5.201339846763708,5.237092873310604,5.172649999999282
15.08,5.173349999999282,5.202039846763708,5.237792873310604,5.173349999999282
15.082,5.174049999999282,5.202739846763707,5.238492873310603,5.174049999999282
15.084,5.174749999999282,5.2034398467637075,5.2391928733106035,5.174749999999282
15.086,5.175449999999281,5.204139846763708,5.239892873310604,5.175449999999281
15.088,5.176149999999281,5.204839846763707,5.240592873310603,5.176149999999281
15.09,5.176849999999281,5.205539846763707,5.241292873310603,5.176849999999281
15.092,5.177549999999281,5.206239846763707,5.241992873310602,5.177549999999281
15.094,5.178249999999281,5.2069398467637065,5.242692873310602,5.178249999999281
15.096,5.17894999999928,5.207639846763707,5.2433928733106026,5.17894999999928
15.098,5.17964999999928,5.208339846763706,5.244092873310602,5.17964999999928
15.1,5.18034999999928,5.209039846763706,5.244792873310602,5.18034999999928
15.102,5.18104999999928,5.209739846763706,5.245492873310602,5.18104999999928
15.104,5.18174999999928,5.210439846763705,5.246192873310601,5.18174999999928
15.106,5.18244999999928,5.211139846763706,5.2468928733106015,5.18244999999928
15.108,5.183149999999279,5.211839846763706,5.247592873310602,5.183149999999279
15.11,5.183849999999279,5.212539846763705,5.248292873310601,5.183849999999279
15.112,5.1845499999992795,5.213239846763705,5.248992873310601,5.1845499999992795
15.114,5.185249999999279,5.213939846763705,5.2496928733106,5.185249999999279
15.116,5.185949999999279,5.2146398467637045,5.2503928733106005,5.185949999999279
15.118,5.186649999999278,5.215339846763705,5.251092873310601,5.186649999999278
15.12,5.187349999999278,5.216039846763704,5.2517928733106,5.187349999999278
15.122,5.188049999999278,5.216739846763704,5.2524928733106,5.188049999999278
15.124,5.188749999999278,5.217439846763704,5.2531928733106,5.188749999999278
15.126,5.189449999999278,5.2181398467637035,5.253892873310599,5.189449999999278
15.128,5.190149999999278,5.218839846763704,5.2545928733105995,5.190149999999278
15.13,5.190849999999277,5.219539846763704,5.255292873310599,5.190849999999277
15.132,5.191549999999277,5.220239846763703,5.255992873310599,5.191549999999277
15.134,5.1922499999992775,5.220939846763703,5.256692873310599,5.1922499999992775
15.136,5.192949999999277,5.221639846763702,5.257392873310598,5.192949999999277
15.138,5.193649999999277,5.2223398467637026,5.2580928733105985,5.193649999999277
15.14,5.194349999999276,5.223039846763703,5.258792873310599,5.194349999999276
15.142,5.195049999999276,5.223739846763702,5.259492873310598,5.195049999999276
15.144,5.1957499999992764,5.224439846763702,5.260192873310598,5.1957499999992764
15.146,5.196449999999276,5.225139846763702,5.260892873310598,5.196449999999276
15.148,5.197149999999276,5.2258398467637015,5.261592873310597,5.197149999999276
15.15,5.197849999999276,5.226539846763702,5.262292873310598,5.197849999999276
15.152,5.198549999999275,5.227239846763702,5.262992873310597,5.198549999999275
15.154,5.199249999999275,5.227939846763701,5.263692873310597,5.199249999999275
15.156,5.199949999999275,5.228639846763701,5.264392873310597,5.199949999999275
15.158,5.200649999999275,5.2293398467637005,5.265092873310596,5.200649999999275
15.16,5.201349999999275,5.230039846763701,5.2657928733105965,5.201349999999275
15.162,5.202049999999274,5.230739846763701,5.266492873310597,5.202049999999274
15.164,5.202749999999274,5.2314398467637,5.267192873310596,5.202749999999274
15.166,5.2034499999992745,5.2321398467637,5.267892873310596,5.2034499999992745
15.168,5.204149999999274,5.2328398467637,5.268592873310596,5.204149999999274
15.17,5.204849999999274,5.2335398467636995,5.2692928733105955,5.204849999999274
15.172,5.205549999999274,5.2342398467637,5.269992873310596,5.205549999999274
15.174,5.206249999999273,5.234939846763699,5.270692873310595,5.206249999999273
15.176,5.206949999999273,5.235639846763699,5.271392873310595,5.206949999999273
15.178,5.207649999999273,5.236339846763699,5.272092873310595,5.207649999999273
15.18,5.208349999999273,5.2370398467636985,5.272792873310594,5.208349999999273
15.182,5.209049999999273,5.237739846763699,5.273492873310595,5.209049999999273
15.184,5.209749999999272,5.238439846763699,5.274192873310595,5.209749999999272
15.186,5.210449999999272,5.239139846763698,5.274892873310594,5.210449999999272
15.188,5.2111499999992725,5.239839846763698,5.275592873310594,5.2111499999992725
15.19,5.211849999999272,5.240539846763698,5.276292873310593,5.211849999999272
15.192,5.212549999999272,5.241239846763698,5.2769928733105935,5.212549999999272
15.194,5.213249999999271,5.241939846763698,5.277692873310594,5.213249999999271
15.196,5.213949999999271,5.242639846763697,5.278392873310593,5.213949999999271
15.198,5.2146499999992715,5.243339846763697,5.279092873310593,5.2146499999992715
15.2,5.215349999999271,5.244039846763697,5.279792873310593,5.215349999999271
15.202,5.216049999999271,5.2447398467636965,5.2804928733105925,5.216049999999271
15.204,5.216749999999271,5.245439846763697,5.281192873310593,5.216749999999271
15.206,5.21744999999927,5.246139846763697,5.281892873310593,5.21744999999927
15.208,5.21814999999927,5.246839846763696,5.282592873310592,5.21814999999927
15.21,5.218849999999271,5.247539846763696,5.283292873310592,5.218849999999271
15.212,5.21954999999927,5.248239846763696,5.283992873310591,5.21954999999927
15.214,5.22024999999927,5.248939846763696,5.284692873310592,5.22024999999927
15.216,5.220949999999269,5.249639846763696,5.285392873310592,5.220949999999269
15.218,5.221649999999269,5.250339846763695,5.286092873310591,5.221649999999269
15.22,5.2223499999992695,5.251039846763695,5.286792873310591,5.2223499999992695
15.222,5.223049999999269,5.251739846763695,5.287492873310591,5.223049999999269
15.224,5.223749999999269,5.252439846763695,5.2881928733105905,5.223749999999269
15.226,5.224449999999269,5.253139846763695,5.288892873310591,5.224449999999269
15.228,5.225149999999268,5.253839846763695,5.28959287331059,5.225149999999268
15.23,5.2258499999992685,5.254539846763694,5.29029287331059,5.2258499999992685
15.232,5.226549999999268,5.255239846763694,5.29099287331059,5.226549999999268
15.234,5.227249999999268,5.2559398467636935,5.2916928733105895,5.227249999999268
15.236,5.227949999999268,5.256639846763694,5.29239287331059,5.227949999999268
15.238,5.228649999999267,5.257339846763694,5.29309287331059,5.228649999999267
15.24,5.229349999999267,5.258039846763693,5.293792873310589,5.229349999999267
15.242,5.230049999999268,5.258739846763693,5.294492873310589,5.230049999999268
15.244,5.230749999999267,5.259439846763693,5.295192873310589,5.230749999999267
15.246,5.231449999999267,5.260139846763693,5.2958928733105886,5.231449999999267
15.248,5.232149999999267,5.260839846763693,5.296592873310589,5.232149999999267
15.25,5.232849999999266,5.261539846763693,5.297292873310588,5.232849999999266
15.252,5.2335499999992665,5.262239846763692,5.297992873310588,5.2335499999992665
15.254,5.234249999999266,5.262939846763692,5.298692873310588,5.234249999999266
15.256,5.234949999999266,5.263639846763692,5.2993928733105875,5.234949999999266
15.258,5.235649999999266,5.264339846763692,5.300092873310588,5.235649999999266
15.26,5.236349999999265,5.265039846763692,5.300792873310588,5.236349999999265
15.262,5.2370499999992655,5.265739846763691,5.301492873310587,5.2370499999992655
15.264,5.237749999999266,5.266439846763691,5.302192873310587,5.237749999999266
15.266,5.238449999999265,5.267139846763691,5.3028928733105865,5.238449999999265
15.268,5.239149999999265,5.267839846763691,5.303592873310587,5.239149999999265
15.27,5.239849999999264,5.268539846763691,5.304292873310587,5.239849999999264
15.272,5.240549999999264,5.26923984676369,5.304992873310586,5.240549999999264
15.274,5.2412499999992646,5.26993984676369,5.305692873310586,5.2412499999992646
15.276,5.241949999999264,5.27063984676369,5.306392873310586,5.241949999999264
15.278,5.242649999999264,5.27133984676369,5.3070928733105855,5.242649999999264
15.28,5.243349999999264,5.27203984676369,5.307792873310586,5.243349999999264
15.282,5.244049999999263,5.27273984676369,5.308492873310586,5.244049999999263
15.284,5.2447499999992635,5.273439846763689,5.309192873310585,5.2447499999992635
15.286,5.245449999999264,5.274139846763689,5.309892873310585,5.245449999999264
15.288,5.246149999999263,5.274839846763689,5.3105928733105845,5.246149999999263
15.29,5.246849999999263,5.275539846763689,5.311292873310585,5.246849999999263
15.292,5.247549999999262,5.276239846763689,5.311992873310585,5.247549999999262
15.294,5.2482499999992624,5.276939846763688,5.312692873310584,5.2482499999992624
15.296,5.248949999999263,5.277639846763688,5.313392873310584,5.248949999999263
15.298,5.249649999999262,5.278339846763688,5.314092873310584,5.249649999999262
15.3,5.250349999999262,5.279039846763688,5.314792873310584,5.250349999999262
15.302,5.251049999999262,5.279739846763688,5.315492873310584,5.251049999999262
15.304,5.251749999999261,5.280439846763688,5.316192873310583,5.251749999999261
15.306,5.2524499999992615,5.281139846763687,5.316892873310583,5.2524499999992615
15.308,5.253149999999261,5.281839846763687,5.317592873310583,5.253149999999261
15.31,5.253849999999261,5.282539846763687,5.3182928733105825,5.253849999999261
15.312,5.254549999999261,5.283239846763687,5.318992873310583,5.254549999999261
15.314,5.25524999999926,5.283939846763687,5.319692873310583,5.25524999999926
15.316,5.2559499999992605,5.284639846763686,5.320392873310582,5.2559499999992605
15.318,5.256649999999261,5.285339846763686,5.321092873310582,5.256649999999261
15.32,5.25734999999926,5.286039846763686,5.321792873310582,5.25734999999926
15.322,5.25804999999926,5.286739846763686,5.322492873310582,5.25804999999926
15.324,5.25874999999926,5.287439846763686,5.323192873310582,5.25874999999926
15.326,5.259449999999259,5.288139846763686,5.323892873310581,5.259449999999259
15.328,5.26014999999926,5.288839846763685,5.324592873310581,5.26014999999926
15.33,5.260849999999259,5.289539846763685,5.325292873310581,5.260849999999259
15.332,5.261549999999259,5.290239846763685,5.325992873310581,5.261549999999259
15.334,5.262249999999259,5.290939846763685,5.326692873310581,5.262249999999259
15.336,5.262949999999258,5.291639846763685,5.327392873310581,5.262949999999258
15.338,5.2636499999992585,5.292339846763684,5.32809287331058,5.2636499999992585
15.34,5.264349999999259,5.293039846763684,5.32879287331058,5.264349999999259
15.342,5.265049999999258,5.2937398467636845,5.3294928733105795,5.265049999999258
15.344,5.265749999999258,5.294439846763684,5.33019287331058,5.265749999999258
15.346,5.266449999999257,5.295139846763684,5.33089287331058,5.266449999999257
15.348,5.2671499999992575,5.295839846763683,5.331592873310579,5.2671499999992575
15.35,5.267849999999258,5.296539846763683,5.332292873310579,5.267849999999258
15.352,5.268549999999257,5.297239846763683,5.332992873310579,5.268549999999257
15.354,5.269249999999257,5.297939846763683,5.333692873310579,5.269249999999257
15.356,5.269949999999257,5.298639846763683,5.334392873310579,5.269949999999257
15.358,5.270649999999256,5.299339846763683,5.335092873310579,5.270649999999256
15.36,5.271349999999257,5.300039846763682,5.335792873310578,5.271349999999257
15.362,5.272049999999257,5.300739846763682,5.336492873310578,5.272049999999257
15.364,5.272749999999256,5.3014398467636825,5.337192873310578,5.272749999999256
15.366,5.273449999999256,5.302139846763682,5.337892873310578,5.273449999999256
15.368,5.274149999999255,5.302839846763682,5.338592873310578,5.274149999999255
15.37,5.2748499999992555,5.303539846763681,5.339292873310577,5.2748499999992555
15.372,5.275549999999256,5.304239846763681,5.339992873310577,5.275549999999256
15.374,5.276249999999255,5.3049398467636815,5.340692873310577,5.276249999999255
15.376,5.276949999999255,5.305639846763681,5.341392873310577,5.276949999999255
15.378,5.277649999999255,5.306339846763681,5.342092873310577,5.277649999999255
15.38,5.2783499999992545,5.307039846763681,5.342792873310577,5.2783499999992545
15.382,5.279049999999255,5.30773984676368,5.343492873310576,5.279049999999255
15.384,5.279749999999255,5.30843984676368,5.344192873310576,5.279749999999255
15.386,5.280449999999254,5.30913984676368,5.344892873310576,5.280449999999254
15.388,5.281149999999254,5.30983984676368,5.345592873310576,5.281149999999254
15.39,5.281849999999253,5.31053984676368,5.346292873310576,5.281849999999253
15.392,5.282549999999254,5.311239846763679,5.346992873310575,5.282549999999254
15.394,5.283249999999254,5.311939846763679,5.347692873310575,5.283249999999254
15.396,5.283949999999253,5.3126398467636795,5.3483928733105754,5.283949999999253
15.398,5.284649999999253,5.313339846763679,5.349092873310575,5.284649999999253
15.4,5.285349999999253,5.314039846763679,5.349792873310575,5.285349999999253
15.402,5.2860499999992525,5.314739846763679,5.350492873310574,5.2860499999992525
15.404,5.286749999999253,5.315439846763678,5.351192873310574,5.286749999999253
15.406,5.287449999999252,5.3161398467636785,5.351892873310574,5.287449999999252
15.408,5.288149999999252,5.316839846763678,5.352592873310574,5.288149999999252
15.41,5.288849999999252,5.317539846763678,5.353292873310574,5.288849999999252
15.412,5.2895499999992515,5.318239846763678,5.353992873310574,5.2895499999992515
15.414,5.290249999999252,5.318939846763677,5.354692873310573,5.290249999999252
15.416,5.290949999999252,5.319639846763677,5.355392873310573,5.290949999999252
15.418,5.291649999999251,5.3203398467636775,5.3560928733105735,5.291649999999251
15.42,5.292349999999251,5.321039846763677,5.356792873310573,5.292349999999251
15.422,5.293049999999251,5.321739846763677,5.357492873310573,5.293049999999251
15.424,5.2937499999992506,5.322439846763677,5.358192873310572,5.2937499999992506
15.426,5.294449999999251,5.323139846763676,5.358892873310572,5.294449999999251
15.428,5.29514999999925,5.3238398467636765,5.359592873310572,5.29514999999925
15.43,5.29584999999925,5.324539846763676,5.360292873310572,5.29584999999925
15.432,5.29654999999925,5.325239846763676,5.360992873310572,5.29654999999925
15.434,5.2972499999992495,5.325939846763676,5.361692873310572,5.2972499999992495
15.436,5.29794999999925,5.326639846763675,5.362392873310571,5.29794999999925
15.438,5.29864999999925,5.3273398467636754,5.363092873310571,5.29864999999925
15.44,5.299349999999249,5.328039846763676,5.363792873310571,5.299349999999249
15.442,5.300049999999249,5.328739846763675,5.364492873310571,5.300049999999249
15.444,5.3007499999992485,5.329439846763675,5.365192873310571,5.3007499999992485
15.446,5.301449999999249,5.330139846763674,5.36589287331057,5.301449999999249
15.448,5.302149999999249,5.330839846763674,5.36659287331057,5.302149999999249
15.45,5.302849999999248,5.3315398467636745,5.3672928733105705,5.302849999999248
15.452,5.303549999999248,5.332239846763674,5.36799287331057,5.303549999999248
15.454,5.304249999999248,5.332939846763674,5.36869287331057,5.304249999999248
15.456,5.3049499999992475,5.333639846763674,5.36939287331057,5.3049499999992475
15.458,5.305649999999248,5.334339846763673,5.370092873310569,5.305649999999248
15.46,5.306349999999248,5.3350398467636735,5.370792873310569,5.306349999999248
15.462,5.307049999999247,5.335739846763674,5.371492873310569,5.307049999999247
15.464,5.307749999999247,5.336439846763673,5.372192873310569,5.307749999999247
15.466,5.3084499999992465,5.337139846763673,5.372892873310569,5.3084499999992465
15.468,5.309149999999247,5.337839846763672,5.373592873310568,5.309149999999247
15.47,5.309849999999247,5.338539846763672,5.374292873310568,5.309849999999247
15.472,5.310549999999246,5.339239846763673,5.3749928733105685,5.310549999999246
15.474,5.311249999999246,5.339939846763672,5.375692873310568,5.311249999999246
15.476,5.311949999999246,5.340639846763672,5.376392873310568,5.311949999999246
15.478,5.312649999999246,5.341339846763672,5.377092873310567,5.312649999999246
15.48,5.313349999999246,5.342039846763671,5.377792873310567,5.313349999999246
15.482,5.314049999999245,5.3427398467636715,5.3784928733105675,5.314049999999245
15.484,5.314749999999245,5.343439846763671,5.379192873310567,5.314749999999245
15.486,5.315449999999245,5.344139846763671,5.379892873310567,5.315449999999245
15.488,5.3161499999992445,5.344839846763671,5.380592873310567,5.3161499999992445
15.49,5.316849999999245,5.34553984676367,5.381292873310566,5.316849999999245
15.492,5.317549999999245,5.3462398467636705,5.381992873310566,5.317549999999245
15.494,5.318249999999244,5.346939846763671,5.382692873310567,5.318249999999244
15.496,5.318949999999244,5.34763984676367,5.383392873310566,5.318949999999244
15.498,5.319649999999244,5.34833984676367,5.384092873310566,5.319649999999244
15.5,5.320349999999244,5.34903984676367,5.384792873310565,5.320349999999244
15.502,5.321049999999244,5.349739846763669,5.385492873310565,5.321049999999244
15.504,5.321749999999243,5.35043984676367,5.3861928733105655,5.321749999999243
15.506,5.322449999999243,5.351139846763669,5.386892873310565,5.322449999999243
15.508,5.323149999999243,5.351839846763669,5.387592873310565,5.323149999999243
15.51,5.323849999999243,5.352539846763669,5.388292873310565,5.323849999999243
15.512,5.324549999999243,5.353239846763668,5.388992873310564,5.324549999999243
15.514,5.325249999999243,5.3539398467636685,5.3896928733105645,5.325249999999243
15.516,5.325949999999242,5.354639846763669,5.390392873310564,5.325949999999242
15.518,5.326649999999242,5.355339846763668,5.391092873310564,5.326649999999242
15.52,5.3273499999992415,5.356039846763668,5.391792873310564,5.3273499999992415
15.522,5.328049999999242,5.356739846763667,5.392492873310563,5.328049999999242
15.524,5.328749999999242,5.3574398467636675,5.393192873310563,5.328749999999242
15.526,5.329449999999241,5.358139846763668,5.3938928733105636,5.329449999999241
15.528,5.330149999999241,5.358839846763667,5.394592873310563,5.330149999999241
15.53,5.330849999999241,5.359539846763667,5.395292873310563,5.330849999999241
15.532,5.331549999999241,5.360239846763667,5.395992873310563,5.331549999999241
15.534,5.332249999999241,5.360939846763666,5.396692873310562,5.332249999999241
15.536,5.332949999999241,5.361639846763667,5.3973928733105625,5.332949999999241
15.538,5.33364999999924,5.362339846763667,5.398092873310562,5.33364999999924
15.54,5.33434999999924,5.363039846763666,5.398792873310562,5.33434999999924
15.542,5.33504999999924,5.363739846763666,5.399492873310562,5.33504999999924
15.544,5.33574999999924,5.364439846763665,5.400192873310561,5.33574999999924
15.546,5.33644999999924,5.3651398467636655,5.4008928733105614,5.33644999999924
15.548,5.337149999999239,5.365839846763666,5.401592873310562,5.337149999999239
15.55,5.337849999999239,5.366539846763665,5.402292873310561,5.337849999999239
15.552,5.338549999999239,5.367239846763665,5.402992873310561,5.338549999999239
15.554,5.339249999999239,5.367939846763665,5.40369287331056,5.339249999999239
15.556,5.339949999999239,5.3686398467636645,5.40439287331056,5.339949999999239
15.558,5.340649999999238,5.369339846763665,5.4050928733105605,5.340649999999238
15.56,5.341349999999238,5.370039846763664,5.40579287331056,5.341349999999238
15.562,5.342049999999238,5.370739846763664,5.40649287331056,5.342049999999238
15.564,5.342749999999238,5.371439846763664,5.40719287331056,5.342749999999238
15.566,5.343449999999238,5.372139846763663,5.407892873310559,5.343449999999238
15.568,5.344149999999238,5.3728398467636636,5.4085928733105595,5.344149999999238
15.57,5.344849999999237,5.373539846763664,5.40929287331056,5.344849999999237
15.572,5.345549999999237,5.374239846763663,5.409992873310559,5.345549999999237
15.574,5.3462499999992374,5.374939846763663,5.410692873310559,5.3462499999992374
15.576,5.346949999999237,5.375639846763663,5.411392873310558,5.346949999999237
15.578,5.347649999999237,5.3763398467636625,5.412092873310558,5.347649999999237
15.58,5.348349999999236,5.377039846763663,5.412792873310559,5.348349999999236
15.582,5.349049999999236,5.377739846763662,5.413492873310558,5.349049999999236
15.584,5.349749999999236,5.378439846763662,5.414192873310558,5.349749999999236
15.586,5.350449999999236,5.379139846763662,5.414892873310558,5.350449999999236
15.588,5.351149999999236,5.3798398467636614,5.415592873310557,5.351149999999236
15.59,5.351849999999236,5.380539846763662,5.4162928733105575,5.351849999999236
15.592,5.352549999999235,5.381239846763662,5.416992873310557,5.352549999999235
15.594,5.353249999999235,5.381939846763661,5.417692873310557,5.353249999999235
15.596,5.3539499999992355,5.382639846763661,5.418392873310557,5.3539499999992355
15.598,5.354649999999235,5.38333984676366,5.419092873310556,5.354649999999235
15.6,5.355349999999235,5.3840398467636605,5.4197928733105565,5.355349999999235
15.602,5.356049999999234,5.384739846763661,5.420492873310557,5.356049999999234
15.604,5.356749999999234,5.38543984676366,5.421192873310556,5.356749999999234
15.606,5.357449999999234,5.38613984676366,5.421892873310556,5.357449999999234
15.608,5.358149999999234,5.38683984676366,5.422592873310556,5.358149999999234
15.61,5.358849999999234,5.3875398467636595,5.423292873310555,5.358849999999234
15.612,5.359549999999234,5.38823984676366,5.423992873310556,5.359549999999234
15.614,5.360249999999233,5.38893984676366,5.424692873310555,5.360249999999233
15.616,5.360949999999233,5.389639846763659,5.425392873310555,5.360949999999233
15.618,5.361649999999233,5.390339846763659,5.426092873310555,5.361649999999233
15.62,5.362349999999233,5.391039846763658,5.426792873310554,5.362349999999233
15.622,5.363049999999233,5.391739846763659,5.4274928733105545,5.363049999999233
15.624,5.363749999999232,5.392439846763659,5.428192873310555,5.363749999999232
15.626,5.364449999999232,5.393139846763658,5.428892873310554,5.364449999999232
15.628,5.3651499999992325,5.393839846763658,5.429592873310554,5.3651499999992325
15.63,5.365849999999232,5.394539846763658,5.430292873310554,5.365849999999232
15.632,5.366549999999232,5.3952398467636575,5.4309928733105535,5.366549999999232
15.634,5.367249999999232,5.395939846763658,5.431692873310554,5.367249999999232
15.636,5.367949999999231,5.396639846763657,5.432392873310553,5.367949999999231
15.638,5.368649999999231,5.397339846763657,5.433092873310553,5.368649999999231
15.64,5.369349999999231,5.398039846763657,5.433792873310553,5.369349999999231
15.642,5.370049999999231,5.3987398467636565,5.434492873310552,5.370049999999231
15.644,5.370749999999231,5.399439846763657,5.435192873310553,5.370749999999231
15.646,5.37144999999923,5.400139846763657,5.435892873310553,5.37144999999923
15.648,5.37214999999923,5.400839846763656,5.436592873310552,5.37214999999923
15.65,5.3728499999992305,5.401539846763656,5.437292873310552,5.3728499999992305
15.652,5.37354999999923,5.402239846763656,5.437992873310551,5.37354999999923
15.654,5.37424999999923,5.402939846763656,5.4386928733105515,5.37424999999923
15.656,5.374949999999229,5.403639846763656,5.439392873310552,5.374949999999229
15.658,5.375649999999229,5.404339846763655,5.440092873310551,5.375649999999229
15.66,5.3763499999992295,5.405039846763655,5.440792873310551,5.3763499999992295
15.662,5.377049999999229,5.405739846763655,5.441492873310551,5.377049999999229
15.664,5.377749999999229,5.4064398467636545,5.4421928733105505,5.377749999999229
15.666,5.378449999999229,5.407139846763655,5.442892873310551,5.378449999999229
15.668,5.379149999999228,5.407839846763655,5.443592873310551,5.379149999999228
15.67,5.379849999999228,5.408539846763654,5.44429287331055,5.379849999999228
15.672,5.380549999999229,5.409239846763654,5.44499287331055,5.380549999999229
15.674,5.381249999999228,5.409939846763654,5.445692873310549,5.381249999999228
15.676,5.381949999999228,5.410639846763654,5.4463928733105496,5.381949999999228
15.678,5.382649999999227,5.411339846763654,5.44709287331055,5.382649999999227
15.68,5.383349999999227,5.412039846763653,5.447792873310549,5.383349999999227
15.682,5.3840499999992275,5.412739846763653,5.448492873310549,5.3840499999992275
15.684,5.384749999999227,5.413439846763653,5.449192873310549,5.384749999999227
15.686,5.385449999999227,5.414139846763653,5.4498928733105485,5.385449999999227
15.688,5.386149999999227,5.414839846763653,5.450592873310549,5.386149999999227
15.69,5.386849999999226,5.415539846763653,5.451292873310548,5.386849999999226
15.692,5.3875499999992265,5.416239846763652,5.451992873310548,5.3875499999992265
15.694,5.388249999999226,5.416939846763652,5.452692873310548,5.388249999999226
15.696,5.388949999999226,5.4176398467636515,5.4533928733105475,5.388949999999226
15.698,5.389649999999226,5.418339846763652,5.454092873310548,5.389649999999226
15.7,5.390349999999225,5.419039846763652,5.454792873310548,5.390349999999225
15.702,5.391049999999225,5.419739846763651,5.455492873310547,5.391049999999225
15.704,5.3917499999992256,5.420439846763651,5.456192873310547,5.3917499999992256
15.706,5.392449999999225,5.421139846763651,5.456892873310547,5.392449999999225
15.708,5.393149999999225,5.421839846763651,5.4575928733105465,5.393149999999225
15.71,5.393849999999225,5.422539846763651,5.458292873310547,5.393849999999225
15.712,5.394549999999224,5.423239846763651,5.458992873310546,5.394549999999224
15.714,5.3952499999992245,5.42393984676365,5.459692873310546,5.3952499999992245
15.716,5.395949999999224,5.42463984676365,5.460392873310546,5.395949999999224
15.718,5.396649999999224,5.4253398467636496,5.4610928733105455,5.396649999999224
15.72,5.397349999999224,5.42603984676365,5.461792873310546,5.397349999999224
15.722,5.398049999999223,5.42673984676365,5.462492873310546,5.398049999999223
15.724,5.3987499999992234,5.427439846763649,5.463192873310545,5.3987499999992234
15.726,5.399449999999224,5.428139846763649,5.463892873310545,5.399449999999224
15.728,5.400149999999223,5.428839846763649,5.464592873310544,5.400149999999223
15.73,5.400849999999223,5.429539846763649,5.465292873310545,5.400849999999223
15.732,5.401549999999222,5.430239846763649,5.465992873310545,5.401549999999222
15.734,5.402249999999222,5.430939846763648,5.466692873310544,5.402249999999222
15.736,5.4029499999992225,5.431639846763648,5.467392873310544,5.4029499999992225
15.738,5.403649999999222,5.432339846763648,5.468092873310544,5.403649999999222
15.74,5.404349999999222,5.433039846763648,5.4687928733105435,5.404349999999222
15.742,5.405049999999222,5.433739846763648,5.469492873310544,5.405049999999222
15.744,5.405749999999221,5.434439846763648,5.470192873310544,5.405749999999221
15.746,5.4064499999992215,5.435139846763647,5.470892873310543,5.4064499999992215
15.748,5.407149999999222,5.435839846763647,5.471592873310543,5.407149999999222
15.75,5.407849999999221,5.436539846763647,5.4722928733105425,5.407849999999221
15.752,5.408549999999221,5.437239846763647,5.472992873310543,5.408549999999221
15.754,5.40924999999922,5.437939846763647,5.473692873310543,5.40924999999922
15.756,5.40994999999922,5.438639846763646,5.474392873310542,5.40994999999922
15.758,5.410649999999221,5.439339846763646,5.475092873310542,5.410649999999221
15.76,5.41134999999922,5.440039846763646,5.475792873310542,5.41134999999922
15.762,5.41204999999922,5.440739846763646,5.476492873310542,5.41204999999922
15.764,5.41274999999922,5.441439846763646,5.477192873310542,5.41274999999922
15.766,5.413449999999219,5.442139846763646,5.477892873310541,5.413449999999219
15.768,5.4141499999992195,5.442839846763645,5.478592873310541,5.4141499999992195
15.77,5.414849999999219,5.443539846763645,5.479292873310541,5.414849999999219
15.772,5.415549999999219,5.444239846763645,5.4799928733105405,5.415549999999219
15.774,5.416249999999219,5.444939846763645,5.480692873310541,5.416249999999219
15.776,5.416949999999218,5.445639846763645,5.481392873310541,5.416949999999218
15.778,5.4176499999992185,5.446339846763644,5.48209287331054,5.4176499999992185
15.78,5.418349999999219,5.447039846763644,5.48279287331054,5.418349999999219
15.782,5.419049999999218,5.447739846763644,5.48349287331054,5.419049999999218
15.784,5.419749999999218,5.448439846763644,5.48419287331054,5.419749999999218
15.786,5.420449999999218,5.449139846763644,5.48489287331054,5.420449999999218
15.788,5.421149999999217,5.449839846763644,5.485592873310539,5.421149999999217
15.79,5.421849999999218,5.450539846763643,5.486292873310539,5.421849999999218
15.792,5.422549999999217,5.451239846763643,5.486992873310539,5.422549999999217
15.794,5.423249999999217,5.451939846763643,5.487692873310539,5.423249999999217
15.796,5.423949999999217,5.452639846763643,5.488392873310539,5.423949999999217
15.798,5.424649999999216,5.453339846763643,5.489092873310539,5.424649999999216
15.8,5.4253499999992165,5.454039846763642,5.489792873310538,5.4253499999992165
15.802,5.426049999999217,5.454739846763642,5.490492873310538,5.426049999999217
15.804,5.426749999999216,5.4554398467636425,5.4911928733105375,5.426749999999216
15.806,5.427449999999216,5.456139846763642,5.491892873310538,5.427449999999216
15.808,5.428149999999215,5.456839846763642,5.492592873310538,5.428149999999215
15.81,5.4288499999992155,5.457539846763641,5.493292873310537,5.4288499999992155
15.812,5.429549999999216,5.458239846763641,5.493992873310537,5.429549999999216
15.814,5.430249999999215,5.458939846763641,5.494692873310537,5.430249999999215
15.816,5.430949999999215,5.459639846763641,5.495392873310537,5.430949999999215
15.818,5.431649999999215,5.460339846763641,5.496092873310537,5.431649999999215
15.82,5.432349999999214,5.461039846763641,5.496792873310537,5.432349999999214
15.822,5.433049999999215,5.46173984676364,5.497492873310536,5.433049999999215
15.824,5.433749999999215,5.46243984676364,5.498192873310536,5.433749999999215
15.826,5.434449999999214,5.4631398467636405,5.498892873310536,5.434449999999214
15.828,5.435149999999214,5.46383984676364,5.499592873310536,5.435149999999214
15.83,5.435849999999213,5.46453984676364,5.500292873310536,5.435849999999213
15.832,5.4365499999992135,5.465239846763639,5.500992873310535,5.4365499999992135
15.834,5.437249999999214,5.465939846763639,5.501692873310535,5.437249999999214
15.836,5.437949999999213,5.4666398467636395,5.502392873310535,5.437949999999213
15.838,5.438649999999213,5.467339846763639,5.503092873310535,5.438649999999213
15.84,5.439349999999213,5.468039846763639,5.503792873310535,5.439349999999213
15.842,5.4400499999992125,5.468739846763639,5.504492873310534,5.4400499999992125
15.844,5.440749999999213,5.469439846763638,5.505192873310534,5.440749999999213
15.846,5.441449999999213,5.470139846763638,5.505892873310534,5.441449999999213
15.848,5.442149999999212,5.470839846763638,5.506592873310534,5.442149999999212
15.85,5.442849999999212,5.471539846763638,5.507292873310534,5.442849999999212
15.852,5.443549999999211,5.472239846763638,5.507992873310534,5.443549999999211
15.854,5.4442499999992116,5.472939846763637,5.508692873310533,5.4442499999992116
15.856,5.444949999999212,5.473639846763637,5.509392873310533,5.444949999999212
15.858,5.445649999999211,5.4743398467636375,5.510092873310533,5.445649999999211
15.86,5.446349999999211,5.475039846763637,5.510792873310533,5.446349999999211
15.862,5.447049999999211,5.475739846763637,5.511492873310533,5.447049999999211
15.864,5.4477499999992105,5.476439846763637,5.512192873310532,5.4477499999992105
15.866,5.448449999999211,5.477139846763636,5.512892873310532,5.448449999999211
15.868,5.44914999999921,5.4778398467636364,5.513592873310532,5.44914999999921
15.87,5.44984999999921,5.478539846763636,5.514292873310532,5.44984999999921
15.872,5.45054999999921,5.479239846763636,5.514992873310532,5.45054999999921
15.874,5.4512499999992095,5.479939846763636,5.515692873310532,5.4512499999992095
15.876,5.45194999999921,5.480639846763635,5.516392873310531,5.45194999999921
15.878,5.45264999999921,5.481339846763635,5.517092873310531,5.45264999999921
15.88,5.453349999999209,5.4820398467636355,5.5177928733105315,5.453349999999209
15.882,5.454049999999209,5.482739846763635,5.518492873310531,5.454049999999209
15.884,5.454749999999209,5.483439846763635,5.519192873310531,5.454749999999209
15.886,5.4554499999992085,5.484139846763634,5.51989287331053,5.4554499999992085
15.888,5.456149999999209,5.484839846763634,5.52059287331053,5.456149999999209
15.89,5.456849999999208,5.4855398467636345,5.52129287331053,5.456849999999208
15.892,5.457549999999208,5.486239846763634,5.52199287331053,5.457549999999208
15.894,5.458249999999208,5.486939846763634,5.52269287331053,5.458249999999208
15.896,5.4589499999992075,5.487639846763634,5.52339287331053,5.4589499999992075
15.898,5.459649999999208,5.488339846763633,5.524092873310529,5.459649999999208
15.9,5.460349999999208,5.489039846763633,5.524792873310529,5.460349999999208
15.902,5.461049999999207,5.489739846763634,5.525492873310529,5.461049999999207
15.904,5.461749999999207,5.490439846763633,5.526192873310529,5.461749999999207
15.906,5.462449999999206,5.491139846763633,5.526892873310529,5.462449999999206
15.908,5.463149999999207,5.491839846763632,5.527592873310528,5.463149999999207
15.91,5.463849999999207,5.492539846763632,5.528292873310528,5.463849999999207
15.912,5.464549999999206,5.4932398467636325,5.5289928733105285,5.464549999999206
15.914,5.465249999999206,5.493939846763632,5.529692873310528,5.465249999999206
15.916,5.465949999999206,5.494639846763632,5.530392873310528,5.465949999999206
15.918,5.4666499999992055,5.495339846763632,5.531092873310528,5.4666499999992055
15.92,5.467349999999206,5.496039846763631,5.531792873310527,5.467349999999206
15.922,5.468049999999206,5.4967398467636315,5.532492873310527,5.468049999999206
15.924,5.468749999999205,5.497439846763632,5.533192873310527,5.468749999999205
15.926,5.469449999999205,5.498139846763631,5.533892873310527,5.469449999999205
15.928,5.4701499999992045,5.498839846763631,5.534592873310527,5.4701499999992045
15.93,5.470849999999205,5.49953984676363,5.535292873310526,5.470849999999205
15.932,5.471549999999205,5.50023984676363,5.535992873310526,5.471549999999205
15.934,5.472249999999204,5.500939846763631,5.5366928733105265,5.472249999999204
15.936,5.472949999999204,5.50163984676363,5.537392873310526,5.472949999999204
15.938,5.473649999999204,5.50233984676363,5.538092873310526,5.473649999999204
15.94,5.474349999999204,5.50303984676363,5.538792873310525,5.474349999999204
15.942,5.475049999999204,5.503739846763629,5.539492873310525,5.475049999999204
15.944,5.475749999999203,5.5044398467636295,5.5401928733105255,5.475749999999203
15.946,5.476449999999203,5.505139846763629,5.540892873310525,5.476449999999203
15.948,5.477149999999203,5.505839846763629,5.541592873310525,5.477149999999203
15.95,5.4778499999992025,5.506539846763629,5.542292873310525,5.4778499999992025
15.952,5.478549999999203,5.507239846763628,5.542992873310524,5.478549999999203
15.954,5.479249999999203,5.5079398467636285,5.543692873310524,5.479249999999203
15.956,5.479949999999202,5.508639846763629,5.5443928733105245,5.479949999999202
15.958,5.480649999999202,5.509339846763628,5.545092873310524,5.480649999999202
15.96,5.481349999999202,5.510039846763628,5.545792873310524,5.481349999999202
15.962,5.482049999999202,5.510739846763628,5.546492873310523,5.482049999999202
15.964,5.482749999999202,5.511439846763627,5.547192873310523,5.482749999999202
15.966,5.483449999999201,5.512139846763628,5.5478928733105235,5.483449999999201
15.968,5.484149999999201,5.512839846763627,5.548592873310523,5.484149999999201
15.97,5.484849999999201,5.513539846763627,5.549292873310523,5.484849999999201
15.972,5.485549999999201,5.514239846763627,5.549992873310523,5.485549999999201
15.974,5.486249999999201,5.514939846763626,5.550692873310522,5.486249999999201
15.976,5.486949999999201,5.5156398467636265,5.5513928733105224,5.486949999999201
15.978,5.4876499999992,5.516339846763627,5.552092873310522,5.4876499999992
15.98,5.4883499999992,5.517039846763626,5.552792873310522,5.4883499999992
15.982,5.4890499999991995,5.517739846763626,5.553492873310522,5.4890499999991995
15.984,5.4897499999992,5.518439846763625,5.554192873310521,5.4897499999992
15.986,5.4904499999992,5.5191398467636255,5.554892873310521,5.4904499999992
15.988,5.491149999999199,5.519839846763626,5.5555928733105215,5.491149999999199
15.99,5.491849999999199,5.520539846763625,5.556292873310521,5.491849999999199
15.992,5.492549999999199,5.521239846763625,5.556992873310521,5.492549999999199
15.994,5.493249999999199,5.521939846763625,5.557692873310521,5.493249999999199
15.996,5.493949999999199,5.522639846763624,5.55839287331052,5.493949999999199
15.998,5.494649999999199,5.5233398467636245,5.5590928733105205,5.494649999999199
16.0,5.495349999999198,5.524039846763625,5.55979287331052,5.495349999999198
16.002,5.496049999999198,5.524739846763624,5.56049287331052,5.496049999999198
16.004,5.4967499999991976,5.525439846763624,5.56119287331052,5.4967499999991976
16.006,5.497449999999198,5.526139846763623,5.561892873310519,5.497449999999198
16.008,5.498149999999198,5.5268398467636235,5.562592873310519,5.498149999999198
16.01,5.498849999999197,5.527539846763624,5.56329287331052,5.498849999999197
16.012,5.499549999999197,5.528239846763623,5.563992873310519,5.499549999999197
16.014,5.500249999999197,5.528939846763623,5.564692873310519,5.500249999999197
16.016,5.500949999999197,5.529639846763623,5.565392873310518,5.500949999999197
16.018,5.501649999999197,5.5303398467636224,5.566092873310518,5.501649999999197
16.02,5.502349999999196,5.531039846763623,5.5667928733105185,5.502349999999196
16.022,5.503049999999196,5.531739846763622,5.567492873310518,5.503049999999196
16.024,5.503749999999196,5.532439846763622,5.568192873310518,5.503749999999196
16.026,5.504449999999196,5.533139846763622,5.568892873310518,5.504449999999196
16.028,5.505149999999196,5.533839846763621,5.569592873310517,5.505149999999196
16.03,5.505849999999196,5.5345398467636215,5.5702928733105175,5.505849999999196
16.032,5.506549999999195,5.535239846763622,5.570992873310518,5.506549999999195
16.034,5.507249999999195,5.535939846763621,5.571692873310517,5.507249999999195
16.036,5.507949999999195,5.536639846763621,5.572392873310517,5.507949999999195
16.038,5.508649999999195,5.537339846763621,5.573092873310516,5.508649999999195
16.04,5.509349999999195,5.5380398467636205,5.573792873310516,5.509349999999195
16.042,5.510049999999194,5.538739846763621,5.574492873310517,5.510049999999194
16.044,5.510749999999194,5.53943984676362,5.575192873310516,5.510749999999194
16.046,5.511449999999194,5.54013984676362,5.575892873310516,5.511449999999194
16.048,5.512149999999194,5.54083984676362,5.576592873310516,5.512149999999194
16.05,5.512849999999194,5.541539846763619,5.577292873310515,5.512849999999194
16.052,5.513549999999194,5.54223984676362,5.5779928733105155,5.513549999999194
16.054,5.514249999999193,5.54293984676362,5.578692873310515,5.514249999999193
16.056,5.514949999999193,5.543639846763619,5.579392873310515,5.514949999999193
16.058,5.515649999999193,5.544339846763619,5.580092873310515,5.515649999999193
16.06,5.516349999999193,5.545039846763618,5.580792873310514,5.516349999999193
16.062,5.517049999999193,5.5457398467636185,5.5814928733105145,5.517049999999193
16.064,5.517749999999192,5.546439846763619,5.582192873310515,5.517749999999192
16.066,5.518449999999192,5.547139846763618,5.582892873310514,5.518449999999192
16.068,5.519149999999192,5.547839846763618,5.583592873310514,5.519149999999192
16.07,5.519849999999192,5.548539846763618,5.584292873310514,5.519849999999192
16.072,5.520549999999192,5.5492398467636175,5.584992873310513,5.520549999999192
16.074,5.521249999999192,5.549939846763618,5.585692873310514,5.521249999999192
16.076,5.521949999999191,5.550639846763618,5.586392873310513,5.521949999999191
16.078,5.522649999999191,5.551339846763617,5.587092873310513,5.522649999999191
16.08,5.523349999999191,5.552039846763617,5.587792873310513,5.523349999999191
16.082,5.524049999999191,5.552739846763616,5.588492873310512,5.524049999999191
16.084,5.524749999999191,5.553439846763617,5.5891928733105125,5.524749999999191
16.086,5.52544999999919,5.554139846763617,5.589892873310513,5.52544999999919
16.088,5.52614999999919,5.554839846763616,5.590592873310512,5.52614999999919
16.09,5.5268499999991905,5.555539846763616,5.591292873310512,5.5268499999991905
16.092,5.52754999999919,5.556239846763616,5.591992873310511,5.52754999999919
16.094,5.52824999999919,5.5569398467636155,5.5926928733105115,5.52824999999919
16.096,5.52894999999919,5.557639846763616,5.593392873310512,5.52894999999919
16.098,5.529649999999189,5.558339846763615,5.594092873310511,5.529649999999189
16.1,5.530349999999189,5.559039846763615,5.594792873310511,5.530349999999189
16.102,5.531049999999189,5.559739846763615,5.595492873310511,5.531049999999189
16.104,5.531749999999189,5.5604398467636145,5.59619287331051,5.531749999999189
16.106,5.532449999999189,5.561139846763615,5.5968928733105106,5.532449999999189
16.108,5.533149999999188,5.561839846763615,5.597592873310511,5.533149999999188
16.11,5.533849999999188,5.562539846763614,5.59829287331051,5.533849999999188
16.112,5.5345499999991885,5.563239846763614,5.59899287331051,5.5345499999991885
16.114,5.535249999999188,5.563939846763614,5.599692873310509,5.535249999999188
16.116,5.535949999999188,5.564639846763614,5.6003928733105095,5.535949999999188
16.118,5.536649999999187,5.565339846763614,5.60109287331051,5.536649999999187
16.12,5.537349999999187,5.566039846763613,5.601792873310509,5.537349999999187
16.122,5.5380499999991875,5.566739846763613,5.602492873310509,5.5380499999991875
16.124,5.538749999999187,5.567439846763613,5.603192873310509,5.538749999999187
16.126,5.539449999999187,5.5681398467636125,5.6038928733105084,5.539449999999187
16.128,5.540149999999187,5.568839846763613,5.604592873310509,5.540149999999187
16.13,5.540849999999186,5.569539846763613,5.605292873310509,5.540849999999186
16.132,5.541549999999186,5.570239846763612,5.605992873310508,5.541549999999186
16.134,5.5422499999991865,5.570939846763612,5.606692873310508,5.5422499999991865
16.136,5.542949999999186,5.5716398467636115,5.607392873310507,5.542949999999186
16.138,5.543649999999186,5.572339846763612,5.6080928733105075,5.543649999999186
16.14,5.544349999999185,5.573039846763612,5.608792873310508,5.544349999999185
16.142,5.545049999999185,5.573739846763611,5.609492873310507,5.545049999999185
16.144,5.5457499999991855,5.574439846763611,5.610192873310507,5.5457499999991855
16.146,5.546449999999185,5.575139846763611,5.610892873310507,5.546449999999185
16.148,5.547149999999185,5.5758398467636106,5.6115928733105065,5.547149999999185
16.15,5.547849999999185,5.576539846763611,5.612292873310507,5.547849999999185
16.152,5.548549999999184,5.577239846763611,5.612992873310506,5.548549999999184
16.154,5.5492499999991844,5.57793984676361,5.613692873310506,5.5492499999991844
16.156,5.549949999999184,5.57863984676361,5.614392873310506,5.549949999999184
16.158,5.550649999999184,5.5793398467636095,5.615092873310505,5.550649999999184
16.16,5.551349999999184,5.58003984676361,5.615792873310506,5.551349999999184
16.162,5.552049999999183,5.58073984676361,5.616492873310506,5.552049999999183
16.164,5.552749999999183,5.581439846763609,5.617192873310505,5.552749999999183
16.166,5.5534499999991835,5.582139846763609,5.617892873310505,5.5534499999991835
16.168,5.554149999999183,5.582839846763609,5.618592873310505,5.554149999999183
16.17,5.554849999999183,5.583539846763609,5.6192928733105045,5.554849999999183
16.172,5.555549999999183,5.584239846763609,5.619992873310505,5.555549999999183
16.174,5.556249999999182,5.584939846763609,5.620692873310504,5.556249999999182
16.176,5.5569499999991825,5.585639846763608,5.621392873310504,5.5569499999991825
16.178,5.557649999999182,5.586339846763608,5.622092873310504,5.557649999999182
16.18,5.558349999999182,5.5870398467636075,5.6227928733105035,5.558349999999182
16.182,5.559049999999182,5.587739846763608,5.623492873310504,5.559049999999182
16.184,5.559749999999181,5.588439846763608,5.624192873310504,5.559749999999181
16.186,5.560449999999181,5.589139846763607,5.624892873310503,5.560449999999181
16.188,5.561149999999182,5.589839846763607,5.625592873310503,5.561149999999182
16.19,5.561849999999181,5.590539846763607,5.626292873310502,5.561849999999181
16.192,5.562549999999181,5.591239846763607,5.626992873310503,5.562549999999181
16.194,5.56324999999918,5.591939846763607,5.627692873310503,5.56324999999918
16.196,5.56394999999918,5.592639846763606,5.628392873310502,5.56394999999918
16.198,5.5646499999991805,5.593339846763606,5.629092873310502,5.5646499999991805
16.2,5.56534999999918,5.594039846763606,5.629792873310502,5.56534999999918
16.202,5.56604999999918,5.594739846763606,5.6304928733105015,5.56604999999918
16.204,5.56674999999918,5.595439846763606,5.631192873310502,5.56674999999918
16.206,5.567449999999179,5.596139846763606,5.631892873310502,5.567449999999179
16.208,5.5681499999991795,5.596839846763605,5.632592873310501,5.5681499999991795
16.21,5.56884999999918,5.597539846763605,5.633292873310501,5.56884999999918
16.212,5.569549999999179,5.598239846763605,5.6339928733105005,5.569549999999179
16.214,5.570249999999179,5.598939846763605,5.634692873310501,5.570249999999179
16.216,5.570949999999178,5.599639846763605,5.635392873310501,5.570949999999178
16.218,5.571649999999178,5.600339846763604,5.6360928733105,5.571649999999178
16.22,5.572349999999179,5.601039846763604,5.6367928733105,5.572349999999179
16.222,5.573049999999178,5.601739846763604,5.6374928733105,5.573049999999178
16.224,5.573749999999178,5.602439846763604,5.6381928733105,5.573749999999178
16.226,5.574449999999178,5.603139846763604,5.6388928733105,5.574449999999178
16.228,5.575149999999177,5.603839846763604,5.639592873310499,5.575149999999177
16.23,5.5758499999991775,5.604539846763603,5.640292873310499,5.5758499999991775
16.232,5.576549999999177,5.605239846763603,5.640992873310499,5.576549999999177
16.234,5.577249999999177,5.605939846763603,5.6416928733104985,5.577249999999177
16.236,5.577949999999177,5.606639846763603,5.642392873310499,5.577949999999177
16.238,5.578649999999176,5.607339846763603,5.643092873310499,5.578649999999176
16.24,5.5793499999991765,5.608039846763602,5.643792873310498,5.5793499999991765
16.242,5.580049999999177,5.608739846763602,5.644492873310498,5.580049999999177
16.244,5.580749999999176,5.609439846763602,5.645192873310498,5.580749999999176
16.246,5.581449999999176,5.610139846763602,5.645892873310498,5.581449999999176
16.248,5.582149999999176,5.610839846763602,5.646592873310498,5.582149999999176
16.25,5.582849999999175,5.611539846763602,5.647292873310497,5.582849999999175
16.252,5.583549999999176,5.612239846763601,5.647992873310497,5.583549999999176
16.254,5.584249999999175,5.612939846763601,5.648692873310497,5.584249999999175
16.256,5.584949999999175,5.613639846763601,5.6493928733104966,5.584949999999175
16.258,5.585649999999175,5.614339846763601,5.650092873310497,5.585649999999175
16.26,5.586349999999174,5.615039846763601,5.650792873310497,5.586349999999174
16.262,5.5870499999991745,5.6157398467636,5.651492873310496,5.5870499999991745
16.264,5.587749999999175,5.6164398467636,5.652192873310496,5.587749999999175
16.266,5.588449999999174,5.6171398467636005,5.6528928733104955,5.588449999999174
16.268,5.589149999999174,5.6178398467636,5.653592873310496,5.589149999999174
16.27,5.589849999999173,5.6185398467636,5.654292873310496,5.589849999999173
16.272,5.5905499999991735,5.619239846763599,5.654992873310495,5.5905499999991735
16.274,5.591249999999174,5.619939846763599,5.655692873310495,5.591249999999174
16.276,5.591949999999173,5.620639846763599,5.656392873310495,5.591949999999173
16.278,5.592649999999173,5.621339846763599,5.657092873310495,5.592649999999173
16.28,5.593349999999173,5.622039846763599,5.657792873310495,5.593349999999173
16.282,5.594049999999172,5.622739846763599,5.658492873310495,5.594049999999172
16.284,5.5947499999991726,5.623439846763598,5.659192873310494,5.5947499999991726
16.286,5.595449999999173,5.624139846763598,5.659892873310494,5.595449999999173
16.288,5.596149999999172,5.6248398467635985,5.6605928733104935,5.596149999999172
16.29,5.596849999999172,5.625539846763598,5.661292873310494,5.596849999999172
16.292,5.597549999999171,5.626239846763598,5.661992873310494,5.597549999999171
16.294,5.5982499999991715,5.626939846763597,5.662692873310493,5.5982499999991715
16.296,5.598949999999172,5.627639846763597,5.663392873310493,5.598949999999172
16.298,5.599649999999171,5.628339846763597,5.664092873310493,5.599649999999171
16.3,5.600349999999171,5.629039846763597,5.664792873310493,5.600349999999171
16.302,5.601049999999171,5.629739846763597,5.665492873310493,5.601049999999171
16.304,5.6017499999991704,5.630439846763597,5.666192873310492,5.6017499999991704
16.306,5.602449999999171,5.631139846763596,5.666892873310492,5.602449999999171
16.308,5.60314999999917,5.631839846763596,5.667592873310492,5.60314999999917
16.31,5.60384999999917,5.632539846763596,5.668292873310492,5.60384999999917
16.312,5.60454999999917,5.633239846763596,5.668992873310492,5.60454999999917
16.314,5.605249999999169,5.633939846763596,5.669692873310492,5.605249999999169
16.316,5.6059499999991695,5.634639846763595,5.670392873310491,5.6059499999991695
16.318,5.60664999999917,5.635339846763595,5.671092873310491,5.60664999999917
16.32,5.607349999999169,5.6360398467635955,5.671792873310491,5.607349999999169
16.322,5.608049999999169,5.636739846763595,5.672492873310491,5.608049999999169
16.324,5.608749999999169,5.637439846763595,5.673192873310491,5.608749999999169
16.326,5.6094499999991685,5.638139846763595,5.67389287331049,5.6094499999991685
16.328,5.610149999999169,5.638839846763594,5.67459287331049,5.610149999999169
16.33,5.610849999999168,5.639539846763594,5.67529287331049,5.610849999999168
16.332,5.611549999999168,5.640239846763594,5.67599287331049,5.611549999999168
16.334,5.612249999999168,5.640939846763594,5.67669287331049,5.612249999999168
16.336,5.612949999999167,5.641639846763594,5.67739287331049,5.612949999999167
16.338,5.613649999999168,5.642339846763593,5.678092873310489,5.613649999999168
16.34,5.614349999999168,5.643039846763593,5.678792873310489,5.614349999999168
16.342,5.615049999999167,5.6437398467635935,5.6794928733104895,5.615049999999167
16.344,5.615749999999167,5.644439846763593,5.680192873310489,5.615749999999167
16.346,5.616449999999167,5.645139846763593,5.680892873310489,5.616449999999167
16.348,5.6171499999991665,5.645839846763592,5.681592873310488,5.6171499999991665
16.35,5.617849999999167,5.646539846763592,5.682292873310488,5.617849999999167
16.352,5.618549999999166,5.6472398467635925,5.682992873310488,5.618549999999166
16.354,5.619249999999166,5.647939846763592,5.683692873310488,5.619249999999166
16.356,5.619949999999166,5.648639846763592,5.684392873310488,5.619949999999166
16.358,5.6206499999991655,5.649339846763592,5.685092873310488,5.6206499999991655
16.36,5.621349999999166,5.650039846763591,5.685792873310487,5.621349999999166
16.362,5.622049999999166,5.650739846763591,5.686492873310487,5.622049999999166
16.364,5.622749999999165,5.651439846763592,5.687192873310487,5.622749999999165
16.366,5.623449999999165,5.652139846763591,5.687892873310487,5.623449999999165
16.368,5.624149999999164,5.652839846763591,5.688592873310487,5.624149999999164
16.37,5.624849999999165,5.65353984676359,5.689292873310486,5.624849999999165
16.372,5.625549999999165,5.65423984676359,5.689992873310486,5.625549999999165
16.374,5.626249999999164,5.6549398467635905,5.6906928733104865,5.626249999999164
16.376,5.626949999999164,5.65563984676359,5.691392873310486,5.626949999999164
16.378,5.627649999999164,5.65633984676359,5.692092873310486,5.627649999999164
16.38,5.6283499999991635,5.65703984676359,5.692792873310486,5.6283499999991635
16.382,5.629049999999164,5.657739846763589,5.693492873310485,5.629049999999164
16.384,5.629749999999164,5.6584398467635895,5.694192873310485,5.629749999999164
16.386,5.630449999999163,5.65913984676359,5.694892873310485,5.630449999999163
16.388,5.631149999999163,5.659839846763589,5.695592873310485,5.631149999999163
16.39,5.6318499999991625,5.660539846763589,5.696292873310485,5.6318499999991625
16.392,5.632549999999163,5.661239846763588,5.696992873310484,5.632549999999163
16.394,5.633249999999163,5.661939846763588,5.697692873310484,5.633249999999163
16.396,5.633949999999162,5.662639846763589,5.6983928733104845,5.633949999999162
16.398,5.634649999999162,5.663339846763588,5.699092873310484,5.634649999999162
16.4,5.635349999999162,5.664039846763588,5.699792873310484,5.635349999999162
16.402,5.636049999999162,5.664739846763588,5.700492873310483,5.636049999999162
16.404,5.636749999999162,5.665439846763587,5.701192873310483,5.636749999999162
16.406,5.637449999999161,5.6661398467635875,5.7018928733104834,5.637449999999161
16.408,5.638149999999161,5.666839846763587,5.702592873310483,5.638149999999161
16.41,5.638849999999161,5.667539846763587,5.703292873310483,5.638849999999161
16.412,5.6395499999991605,5.668239846763587,5.703992873310483,5.6395499999991605
16.414,5.640249999999161,5.668939846763586,5.704692873310482,5.640249999999161
16.416,5.640949999999161,5.6696398467635865,5.705392873310482,5.640949999999161
16.418,5.64164999999916,5.670339846763587,5.7060928733104825,5.64164999999916
16.42,5.64234999999916,5.671039846763586,5.706792873310482,5.64234999999916
16.422,5.64304999999916,5.671739846763586,5.707492873310482,5.64304999999916
16.424,5.64374999999916,5.672439846763586,5.708192873310481,5.64374999999916
16.426,5.64444999999916,5.673139846763585,5.708892873310481,5.64444999999916
16.428,5.645149999999159,5.6738398467635855,5.7095928733104815,5.645149999999159
16.43,5.645849999999159,5.674539846763585,5.710292873310481,5.645849999999159
16.432,5.646549999999159,5.675239846763585,5.710992873310481,5.646549999999159
16.434,5.6472499999991586,5.675939846763585,5.711692873310481,5.6472499999991586
16.436,5.647949999999159,5.676639846763584,5.71239287331048,5.647949999999159
16.438,5.648649999999159,5.6773398467635845,5.71309287331048,5.648649999999159
16.44,5.649349999999158,5.678039846763585,5.71379287331048,5.649349999999158
16.442,5.650049999999158,5.678739846763584,5.71449287331048,5.650049999999158
16.444,5.6507499999991575,5.679439846763584,5.71519287331048,5.6507499999991575
16.446,5.651449999999158,5.680139846763583,5.715892873310479,5.651449999999158
16.448,5.652149999999158,5.6808398467635834,5.716592873310479,5.652149999999158
16.45,5.652849999999157,5.681539846763584,5.7172928733104795,5.652849999999157
16.452,5.653549999999157,5.682239846763583,5.717992873310479,5.653549999999157
16.454,5.654249999999157,5.682939846763583,5.718692873310479,5.654249999999157
16.456,5.654949999999157,5.683639846763583,5.719392873310479,5.654949999999157
16.458,5.655649999999157,5.684339846763582,5.720092873310478,5.655649999999157
16.46,5.656349999999157,5.6850398467635825,5.7207928733104785,5.656349999999157
16.462,5.657049999999156,5.685739846763583,5.721492873310478,5.657049999999156
16.464,5.657749999999156,5.686439846763582,5.722192873310478,5.657749999999156
16.466,5.6584499999991555,5.687139846763582,5.722892873310478,5.6584499999991555
16.468,5.659149999999156,5.687839846763581,5.723592873310477,5.659149999999156
16.47,5.659849999999156,5.6885398467635815,5.724292873310477,5.659849999999156
16.472,5.660549999999155,5.689239846763582,5.724992873310478,5.660549999999155
16.474,5.661249999999155,5.689939846763581,5.725692873310477,5.661249999999155
16.476,5.661949999999155,5.690639846763581,5.726392873310477,5.661949999999155
16.478,5.662649999999155,5.691339846763581,5.727092873310476,5.662649999999155
16.48,5.663349999999155,5.69203984676358,5.727792873310476,5.663349999999155
16.482,5.664049999999154,5.692739846763581,5.7284928733104765,5.664049999999154
16.484,5.664749999999154,5.69343984676358,5.729192873310476,5.664749999999154
16.486,5.665449999999154,5.69413984676358,5.729892873310476,5.665449999999154
16.488,5.666149999999154,5.69483984676358,5.730592873310476,5.666149999999154
16.49,5.666849999999154,5.695539846763579,5.731292873310475,5.666849999999154
16.492,5.667549999999154,5.6962398467635795,5.7319928733104755,5.667549999999154
16.494,5.668249999999153,5.69693984676358,5.732692873310476,5.668249999999153
16.496,5.668949999999153,5.697639846763579,5.733392873310475,5.668949999999153
16.498,5.669649999999153,5.698339846763579,5.734092873310475,5.669649999999153
16.5,5.670349999999153,5.699039846763579,5.734792873310474,5.670349999999153
16.502,5.671049999999153,5.6997398467635785,5.735492873310474,5.671049999999153
16.504,5.671749999999152,5.700439846763579,5.736192873310475,5.671749999999152
16.506,5.672449999999152,5.701139846763578,5.736892873310474,5.672449999999152
16.508,5.673149999999152,5.701839846763578,5.737592873310474,5.673149999999152
16.51,5.673849999999152,5.702539846763578,5.738292873310474,5.673849999999152
16.512,5.674549999999152,5.703239846763577,5.738992873310473,5.674549999999152
16.514,5.675249999999152,5.703939846763578,5.7396928733104735,5.675249999999152
16.516,5.675949999999151,5.704639846763578,5.740392873310473,5.675949999999151
16.518,5.676649999999151,5.705339846763577,5.741092873310473,5.676649999999151
16.52,5.677349999999151,5.706039846763577,5.741792873310473,5.677349999999151
16.522,5.678049999999151,5.706739846763576,5.742492873310472,5.678049999999151
16.524,5.678749999999151,5.7074398467635765,5.7431928733104725,5.678749999999151
16.526,5.67944999999915,5.708139846763577,5.743892873310473,5.67944999999915
16.528,5.68014999999915,5.708839846763576,5.744592873310472,5.68014999999915
16.53,5.68084999999915,5.709539846763576,5.745292873310472,5.68084999999915
16.532,5.68154999999915,5.710239846763576,5.745992873310472,5.68154999999915
16.534,5.68224999999915,5.7109398467635755,5.746692873310471,5.68224999999915
16.536,5.68294999999915,5.711639846763576,5.7473928733104716,5.68294999999915
16.538,5.683649999999149,5.712339846763576,5.748092873310471,5.683649999999149
16.54,5.684349999999149,5.713039846763575,5.748792873310471,5.684349999999149
16.542,5.685049999999149,5.713739846763575,5.749492873310471,5.685049999999149
16.544,5.685749999999149,5.714439846763574,5.75019287331047,5.685749999999149
16.546,5.686449999999149,5.715139846763575,5.7508928733104705,5.686449999999149
16.548,5.687149999999148,5.715839846763575,5.751592873310471,5.687149999999148
16.55,5.687849999999148,5.716539846763574,5.75229287331047,5.687849999999148
16.552,5.6885499999991485,5.717239846763574,5.75299287331047,5.6885499999991485
16.554,5.689249999999148,5.717939846763574,5.753692873310469,5.689249999999148
16.556,5.689949999999148,5.7186398467635735,5.7543928733104694,5.689949999999148
16.558,5.690649999999148,5.719339846763574,5.75509287331047,5.690649999999148
16.56,5.691349999999147,5.720039846763573,5.755792873310469,5.691349999999147
16.562,5.692049999999147,5.720739846763573,5.756492873310469,5.692049999999147
16.564,5.692749999999147,5.721439846763573,5.757192873310469,5.692749999999147
16.566,5.693449999999147,5.7221398467635725,5.757892873310468,5.693449999999147
16.568,5.694149999999147,5.722839846763573,5.7585928733104685,5.694149999999147
16.57,5.694849999999146,5.723539846763573,5.759292873310469,5.694849999999146
16.572,5.695549999999146,5.724239846763572,5.759992873310468,5.695549999999146
16.574,5.6962499999991465,5.724939846763572,5.760692873310468,5.6962499999991465
16.576,5.696949999999146,5.725639846763572,5.761392873310467,5.696949999999146
16.578,5.697649999999146,5.7263398467635716,5.7620928733104675,5.697649999999146
16.58,5.698349999999145,5.727039846763572,5.762792873310468,5.698349999999145
16.582,5.699049999999145,5.727739846763571,5.763492873310467,5.699049999999145
16.584,5.6997499999991454,5.728439846763571,5.764192873310467,5.6997499999991454
16.586,5.700449999999145,5.729139846763571,5.764892873310467,5.700449999999145
16.588,5.701149999999145,5.7298398467635705,5.765592873310466,5.701149999999145
16.59,5.701849999999145,5.730539846763571,5.766292873310467,5.701849999999145
16.592,5.702549999999144,5.731239846763571,5.766992873310467,5.702549999999144
16.594,5.703249999999144,5.73193984676357,5.767692873310466,5.703249999999144
16.596,5.7039499999991445,5.73263984676357,5.768392873310466,5.7039499999991445
16.598,5.704649999999144,5.7333398467635694,5.769092873310465,5.704649999999144
16.6,5.705349999999144,5.73403984676357,5.7697928733104655,5.705349999999144
16.602,5.706049999999143,5.73473984676357,5.770492873310466,5.706049999999143
16.604,5.706749999999143,5.735439846763569,5.771192873310465,5.706749999999143
16.606,5.7074499999991435,5.736139846763569,5.771892873310465,5.7074499999991435
16.608,5.708149999999143,5.736839846763569,5.772592873310465,5.708149999999143
16.61,5.708849999999143,5.7375398467635685,5.7732928733104645,5.708849999999143
16.612,5.709549999999143,5.738239846763569,5.773992873310465,5.709549999999143
16.614,5.710249999999142,5.738939846763569,5.774692873310464,5.710249999999142
16.616,5.710949999999142,5.739639846763568,5.775392873310464,5.710949999999142
16.618,5.711649999999142,5.740339846763568,5.776092873310464,5.711649999999142
16.62,5.712349999999142,5.7410398467635675,5.776792873310463,5.712349999999142
16.622,5.713049999999142,5.741739846763568,5.777492873310464,5.713049999999142
16.624,5.713749999999141,5.742439846763568,5.778192873310464,5.713749999999141
16.626,5.714449999999141,5.743139846763567,5.778892873310463,5.714449999999141
16.628,5.7151499999991415,5.743839846763567,5.779592873310463,5.7151499999991415
16.63,5.715849999999141,5.744539846763567,5.780292873310463,5.715849999999141
16.632,5.716549999999141,5.745239846763567,5.7809928733104625,5.716549999999141
16.634,5.717249999999141,5.745939846763567,5.781692873310463,5.717249999999141
16.636,5.71794999999914,5.746639846763567,5.782392873310462,5.71794999999914
16.638,5.7186499999991405,5.747339846763566,5.783092873310462,5.7186499999991405
16.64,5.71934999999914,5.748039846763566,5.783792873310462,5.71934999999914
16.642,5.72004999999914,5.7487398467635655,5.7844928733104615,5.72004999999914
16.644,5.72074999999914,5.749439846763566,5.785192873310462,5.72074999999914
16.646,5.721449999999139,5.750139846763566,5.785892873310462,5.721449999999139
16.648,5.722149999999139,5.750839846763565,5.786592873310461,5.722149999999139
16.65,5.72284999999914,5.751539846763565,5.787292873310461,5.72284999999914
16.652,5.723549999999139,5.752239846763565,5.78799287331046,5.723549999999139
16.654,5.724249999999139,5.752939846763565,5.788692873310461,5.724249999999139
16.656,5.724949999999138,5.753639846763565,5.789392873310461,5.724949999999138
16.658,5.725649999999138,5.754339846763564,5.79009287331046,5.725649999999138
16.66,5.7263499999991385,5.755039846763564,5.79079287331046,5.7263499999991385
16.662,5.727049999999138,5.755739846763564,5.79149287331046,5.727049999999138
16.664,5.727749999999138,5.756439846763564,5.7921928733104595,5.727749999999138
16.666,5.728449999999138,5.757139846763564,5.79289287331046,5.728449999999138
16.668,5.729149999999137,5.757839846763564,5.79359287331046,5.729149999999137
16.67,5.7298499999991375,5.758539846763563,5.794292873310459,5.7298499999991375
16.672,5.730549999999138,5.759239846763563,5.794992873310459,5.730549999999138
16.674,5.731249999999137,5.759939846763563,5.7956928733104585,5.731249999999137
16.676,5.731949999999137,5.760639846763563,5.796392873310459,5.731949999999137
16.678,5.732649999999136,5.761339846763563,5.797092873310459,5.732649999999136
16.68,5.733349999999136,5.762039846763562,5.797792873310458,5.733349999999136
16.682,5.734049999999137,5.762739846763562,5.798492873310458,5.734049999999137
16.684,5.734749999999136,5.763439846763562,5.799192873310458,5.734749999999136
16.686,5.735449999999136,5.764139846763562,5.7998928733104576,5.735449999999136
16.688,5.736149999999136,5.764839846763562,5.800592873310458,5.736149999999136
16.69,5.736849999999135,5.765539846763562,5.801292873310457,5.736849999999135
16.692,5.7375499999991355,5.766239846763561,5.801992873310457,5.7375499999991355
16.694,5.738249999999135,5.766939846763561,5.802692873310457,5.738249999999135
16.696,5.738949999999135,5.767639846763561,5.8033928733104565,5.738949999999135
16.698,5.739649999999135,5.768339846763561,5.804092873310457,5.739649999999135
16.7,5.740349999999134,5.769039846763561,5.804792873310457,5.740349999999134
16.702,5.7410499999991345,5.76973984676356,5.805492873310456,5.7410499999991345
16.704,5.741749999999135,5.77043984676356,5.806192873310456,5.741749999999135
16.706,5.742449999999134,5.77113984676356,5.806892873310456,5.742449999999134
16.708,5.743149999999134,5.77183984676356,5.807592873310456,5.743149999999134
16.71,5.743849999999134,5.77253984676356,5.808292873310456,5.743849999999134
16.712,5.744549999999133,5.77323984676356,5.808992873310455,5.744549999999133
16.714,5.7452499999991335,5.773939846763559,5.809692873310455,5.7452499999991335
16.716,5.745949999999133,5.774639846763559,5.810392873310455,5.745949999999133
16.718,5.746649999999133,5.775339846763559,5.8110928733104545,5.746649999999133
16.72,5.747349999999133,5.776039846763559,5.811792873310455,5.747349999999133
16.722,5.748049999999132,5.776739846763559,5.812492873310455,5.748049999999132
16.724,5.7487499999991325,5.777439846763558,5.813192873310454,5.7487499999991325
16.726,5.749449999999133,5.778139846763558,5.813892873310454,5.749449999999133
16.728,5.750149999999132,5.778839846763558,5.8145928733104535,5.750149999999132
16.73,5.750849999999132,5.779539846763558,5.815292873310454,5.750849999999132
16.732,5.751549999999131,5.780239846763558,5.815992873310454,5.751549999999131
16.734,5.7522499999991314,5.780939846763557,5.816692873310453,5.7522499999991314
16.736,5.752949999999132,5.781639846763557,5.817392873310453,5.752949999999132
16.738,5.753649999999131,5.782339846763557,5.818092873310453,5.753649999999131
16.74,5.754349999999131,5.783039846763557,5.818792873310453,5.754349999999131
16.742,5.755049999999131,5.783739846763557,5.819492873310453,5.755049999999131
16.744,5.75574999999913,5.784439846763557,5.820192873310453,5.75574999999913
16.746,5.7564499999991305,5.785139846763556,5.820892873310452,5.7564499999991305
16.748,5.757149999999131,5.785839846763556,5.821592873310452,5.757149999999131
16.75,5.75784999999913,5.7865398467635565,5.8222928733104515,5.75784999999913
16.752,5.75854999999913,5.787239846763556,5.822992873310452,5.75854999999913
16.754,5.759249999999129,5.787939846763556,5.823692873310452,5.759249999999129
16.756,5.7599499999991295,5.788639846763555,5.824392873310451,5.7599499999991295
16.758,5.76064999999913,5.789339846763555,5.825092873310451,5.76064999999913
16.76,5.761349999999129,5.790039846763555,5.825792873310451,5.761349999999129
16.762,5.762049999999129,5.790739846763555,5.826492873310451,5.762049999999129
16.764,5.762749999999129,5.791439846763555,5.827192873310451,5.762749999999129
16.766,5.763449999999128,5.792139846763555,5.82789287331045,5.763449999999128
16.768,5.764149999999129,5.792839846763554,5.82859287331045,5.764149999999129
16.77,5.764849999999128,5.793539846763554,5.82929287331045,5.764849999999128
16.772,5.765549999999128,5.794239846763554,5.82999287331045,5.765549999999128
16.774,5.766249999999128,5.794939846763554,5.83069287331045,5.766249999999128
16.776,5.766949999999127,5.795639846763554,5.83139287331045,5.766949999999127
16.778,5.7676499999991275,5.796339846763553,5.832092873310449,5.7676499999991275
16.78,5.768349999999128,5.797039846763553,5.832792873310449,5.768349999999128
16.782,5.769049999999127,5.7977398467635535,5.833492873310449,5.769049999999127
16.784,5.769749999999127,5.798439846763553,5.834192873310449,5.769749999999127
16.786,5.770449999999127,5.799139846763553,5.834892873310449,5.770449999999127
16.788,5.7711499999991265,5.799839846763553,5.835592873310448,5.7711499999991265
16.79,5.771849999999127,5.800539846763552,5.836292873310448,5.771849999999127
16.792,5.772549999999126,5.801239846763552,5.836992873310448,5.772549999999126
16.794,5.773249999999126,5.801939846763552,5.837692873310448,5.773249999999126
16.796,5.773949999999126,5.802639846763552,5.838392873310448,5.773949999999126
16.798,5.774649999999125,5.803339846763552,5.839092873310448,5.774649999999125
16.8,5.775349999999126,5.804039846763551,5.839792873310447,5.775349999999126
16.802,5.776049999999126,5.804739846763551,5.840492873310447,5.776049999999126
16.804,5.776749999999125,5.8054398467635515,5.841192873310447,5.776749999999125
16.806,5.777449999999125,5.806139846763551,5.841892873310447,5.777449999999125
16.808,5.778149999999125,5.806839846763551,5.842592873310447,5.778149999999125
16.81,5.7788499999991245,5.80753984676355,5.843292873310446,5.7788499999991245
16.812,5.779549999999125,5.80823984676355,5.843992873310446,5.779549999999125
16.814,5.780249999999124,5.8089398467635505,5.844692873310446,5.780249999999124
16.816,5.780949999999124,5.80963984676355,5.845392873310446,5.780949999999124
16.818,5.781649999999124,5.81033984676355,5.846092873310446,5.781649999999124
16.82,5.7823499999991235,5.81103984676355,5.846792873310446,5.7823499999991235
16.822,5.783049999999124,5.811739846763549,5.847492873310445,5.783049999999124
16.824,5.783749999999124,5.812439846763549,5.848192873310445,5.783749999999124
16.826,5.784449999999123,5.81313984676355,5.848892873310445,5.784449999999123
16.828,5.785149999999123,5.813839846763549,5.849592873310445,5.785149999999123
16.83,5.785849999999122,5.814539846763549,5.850292873310445,5.785849999999122
16.832,5.786549999999123,5.815239846763548,5.850992873310444,5.786549999999123
16.834,5.787249999999123,5.815939846763548,5.851692873310444,5.787249999999123
16.836,5.787949999999122,5.8166398467635485,5.852392873310444,5.787949999999122
16.838,5.788649999999122,5.817339846763548,5.853092873310444,5.788649999999122
16.84,5.789349999999122,5.818039846763548,5.853792873310444,5.789349999999122
16.842,5.7900499999991215,5.818739846763548,5.854492873310444,5.7900499999991215
16.844,5.790749999999122,5.819439846763547,5.855192873310443,5.790749999999122
16.846,5.791449999999122,5.8201398467635475,5.855892873310443,5.791449999999122
16.848,5.792149999999121,5.820839846763547,5.856592873310443,5.792149999999121
16.85,5.792849999999121,5.821539846763547,5.857292873310443,5.792849999999121
16.852,5.7935499999991205,5.822239846763547,5.857992873310443,5.7935499999991205
16.854,5.794249999999121,5.822939846763546,5.858692873310442,5.794249999999121
16.856,5.794949999999121,5.823639846763546,5.859392873310442,5.794949999999121
16.858,5.79564999999912,5.8243398467635465,5.8600928733104425,5.79564999999912
16.86,5.79634999999912,5.825039846763546,5.860792873310442,5.79634999999912
16.862,5.79704999999912,5.825739846763546,5.861492873310442,5.79704999999912
16.864,5.7977499999991196,5.826439846763546,5.862192873310441,5.7977499999991196
16.866,5.79844999999912,5.827139846763545,5.862892873310441,5.79844999999912
16.868,5.799149999999119,5.8278398467635455,5.863592873310441,5.799149999999119
16.87,5.799849999999119,5.828539846763545,5.864292873310441,5.799849999999119
16.872,5.800549999999119,5.829239846763545,5.864992873310441,5.800549999999119
16.874,5.8012499999991185,5.829939846763545,5.865692873310441,5.8012499999991185
16.876,5.801949999999119,5.830639846763544,5.86639287331044,5.801949999999119
16.878,5.802649999999119,5.831339846763544,5.86709287331044,5.802649999999119
16.88,5.803349999999118,5.832039846763545,5.8677928733104405,5.803349999999118
16.882,5.804049999999118,5.832739846763544,5.86849287331044,5.804049999999118
16.884,5.804749999999118,5.833439846763544,5.86919287331044,5.804749999999118
16.886,5.805449999999118,5.834139846763544,5.869892873310439,5.805449999999118
16.888,5.806149999999118,5.834839846763543,5.870592873310439,5.806149999999118
16.89,5.806849999999117,5.8355398467635435,5.8712928733104395,5.806849999999117
16.892,5.807549999999117,5.836239846763543,5.871992873310439,5.807549999999117
16.894,5.808249999999117,5.836939846763543,5.872692873310439,5.808249999999117
16.896,5.8089499999991165,5.837639846763543,5.873392873310439,5.8089499999991165
16.898,5.809649999999117,5.838339846763542,5.874092873310438,5.809649999999117
16.9,5.810349999999117,5.8390398467635425,5.874792873310438,5.810349999999117
16.902,5.811049999999116,5.839739846763543,5.875492873310438,5.811049999999116
16.904,5.811749999999116,5.840439846763542,5.876192873310438,5.811749999999116
16.906,5.8124499999991155,5.841139846763542,5.876892873310438,5.8124499999991155
16.908,5.813149999999116,5.841839846763541,5.877592873310437,5.813149999999116
16.91,5.813849999999116,5.842539846763541,5.878292873310437,5.813849999999116
16.912,5.814549999999115,5.843239846763542,5.8789928733104375,5.814549999999115
16.914,5.815249999999115,5.843939846763541,5.879692873310437,5.815249999999115
16.916,5.815949999999115,5.844639846763541,5.880392873310437,5.815949999999115
16.918,5.816649999999115,5.845339846763541,5.881092873310437,5.816649999999115
16.92,5.817349999999115,5.84603984676354,5.881792873310436,5.817349999999115
16.922,5.818049999999115,5.8467398467635405,5.8824928733104365,5.818049999999115
16.924,5.818749999999114,5.847439846763541,5.883192873310436,5.818749999999114
16.926,5.819449999999114,5.84813984676354,5.883892873310436,5.819449999999114
16.928,5.8201499999991135,5.84883984676354,5.884592873310436,5.8201499999991135
16.93,5.820849999999114,5.849539846763539,5.885292873310435,5.820849999999114
16.932,5.821549999999114,5.8502398467635395,5.885992873310435,5.821549999999114
16.934,5.822249999999113,5.85093984676354,5.886692873310436,5.822249999999113
16.936,5.822949999999113,5.851639846763539,5.887392873310435,5.822949999999113
16.938,5.823649999999113,5.852339846763539,5.888092873310435,5.823649999999113
16.94,5.824349999999113,5.853039846763539,5.888792873310434,5.824349999999113
16.942,5.825049999999113,5.853739846763538,5.889492873310434,5.825049999999113
16.944,5.825749999999112,5.854439846763539,5.8901928733104345,5.825749999999112
16.946,5.826449999999112,5.855139846763538,5.890892873310434,5.826449999999112
16.948,5.827149999999112,5.855839846763538,5.891592873310434,5.827149999999112
16.95,5.827849999999112,5.856539846763538,5.892292873310434,5.827849999999112
16.952,5.828549999999112,5.857239846763537,5.892992873310433,5.828549999999112
16.954,5.829249999999112,5.8579398467635375,5.8936928733104335,5.829249999999112
16.956,5.829949999999111,5.858639846763538,5.894392873310434,5.829949999999111
16.958,5.830649999999111,5.859339846763537,5.895092873310433,5.830649999999111
16.96,5.831349999999111,5.860039846763537,5.895792873310433,5.831349999999111
16.962,5.832049999999111,5.860739846763537,5.896492873310432,5.832049999999111
16.964,5.832749999999111,5.8614398467635365,5.897192873310432,5.832749999999111
16.966,5.83344999999911,5.862139846763537,5.8978928733104325,5.83344999999911
16.968,5.83414999999911,5.862839846763536,5.898592873310432,5.83414999999911
16.97,5.83484999999911,5.863539846763536,5.899292873310432,5.83484999999911
16.972,5.83554999999911,5.864239846763536,5.899992873310432,5.83554999999911
16.974,5.83624999999911,5.864939846763535,5.900692873310431,5.83624999999911
16.976,5.83694999999911,5.865639846763536,5.9013928733104315,5.83694999999911
16.978,5.837649999999109,5.866339846763536,5.902092873310431,5.837649999999109
16.98,5.838349999999109,5.867039846763535,5.902792873310431,5.838349999999109
16.982,5.839049999999109,5.867739846763535,5.903492873310431,5.839049999999109
16.984,5.839749999999109,5.868439846763534,5.90419287331043,5.839749999999109
16.986,5.840449999999109,5.8691398467635345,5.9048928733104304,5.840449999999109
16.988,5.841149999999108,5.869839846763535,5.905592873310431,5.841149999999108
16.99,5.841849999999108,5.870539846763534,5.90629287331043,5.841849999999108
16.992,5.842549999999108,5.871239846763534,5.90699287331043,5.842549999999108
16.994,5.843249999999108,5.871939846763534,5.90769287331043,5.843249999999108
16.996,5.843949999999108,5.8726398467635335,5.908392873310429,5.843949999999108
16.998,5.844649999999108,5.873339846763534,5.9090928733104295,5.844649999999108
17.0,5.845349999999107,5.874039846763534,5.909792873310429,5.845349999999107
17.002,5.846049999999107,5.874739846763533,5.910492873310429,5.846049999999107
17.004,5.846749999999107,5.875439846763533,5.911192873310429,5.846749999999107
17.006,5.847449999999107,5.876139846763532,5.911892873310428,5.847449999999107
17.008,5.848149999999107,5.8768398467635325,5.9125928733104285,5.848149999999107
17.01,5.848849999999106,5.877539846763533,5.913292873310429,5.848849999999106
17.012,5.849549999999106,5.878239846763532,5.913992873310428,5.849549999999106
17.014,5.850249999999106,5.878939846763532,5.914692873310428,5.850249999999106
17.016,5.850949999999106,5.879639846763532,5.915392873310427,5.850949999999106
17.018,5.851649999999106,5.8803398467635315,5.916092873310427,5.851649999999106
17.02,5.852349999999105,5.881039846763532,5.916792873310428,5.852349999999105
17.022,5.853049999999105,5.881739846763531,5.917492873310427,5.853049999999105
17.024,5.853749999999105,5.882439846763531,5.918192873310427,5.853749999999105
17.026,5.854449999999105,5.883139846763531,5.918892873310427,5.854449999999105
17.028,5.855149999999105,5.8838398467635304,5.919592873310426,5.855149999999105
17.03,5.855849999999105,5.884539846763531,5.9202928733104265,5.855849999999105
17.032,5.856549999999104,5.885239846763531,5.920992873310427,5.856549999999104
17.034,5.857249999999104,5.88593984676353,5.921692873310426,5.857249999999104
17.036,5.8579499999991045,5.88663984676353,5.922392873310426,5.8579499999991045
17.038,5.858649999999104,5.88733984676353,5.923092873310425,5.858649999999104
17.04,5.859349999999104,5.8880398467635295,5.9237928733104255,5.859349999999104
17.042,5.860049999999103,5.88873984676353,5.924492873310426,5.860049999999103
17.044,5.860749999999103,5.889439846763529,5.925192873310425,5.860749999999103
17.046,5.861449999999103,5.890139846763529,5.925892873310425,5.861449999999103
17.048,5.862149999999103,5.890839846763529,5.926592873310425,5.862149999999103
17.05,5.862849999999103,5.8915398467635285,5.927292873310424,5.862849999999103
17.052,5.863549999999103,5.892239846763529,5.927992873310425,5.863549999999103
17.054,5.864249999999102,5.892939846763529,5.928692873310424,5.864249999999102
17.056,5.864949999999102,5.893639846763528,5.929392873310424,5.864949999999102
17.058,5.8656499999991025,5.894339846763528,5.930092873310424,5.8656499999991025
17.06,5.866349999999102,5.895039846763527,5.930792873310423,5.866349999999102
17.062,5.867049999999102,5.895739846763528,5.9314928733104235,5.867049999999102
17.064,5.867749999999101,5.896439846763528,5.932192873310424,5.867749999999101
17.066,5.868449999999101,5.897139846763527,5.932892873310423,5.868449999999101
17.068,5.8691499999991015,5.897839846763527,5.933592873310423,5.8691499999991015
17.07,5.869849999999101,5.898539846763527,5.934292873310423,5.869849999999101
17.072,5.870549999999101,5.8992398467635265,5.9349928733104225,5.870549999999101
17.074,5.871249999999101,5.899939846763527,5.935692873310423,5.871249999999101
17.076,5.8719499999991,5.900639846763527,5.936392873310422,5.8719499999991
17.078,5.8726499999991,5.901339846763526,5.937092873310422,5.8726499999991
17.08,5.8733499999991,5.902039846763526,5.937792873310422,5.8733499999991
17.082,5.8740499999991,5.9027398467635255,5.938492873310421,5.8740499999991
17.084,5.8747499999991,5.903439846763526,5.939192873310422,5.8747499999991
17.086,5.875449999999099,5.904139846763526,5.939892873310422,5.875449999999099
17.088,5.876149999999099,5.904839846763525,5.940592873310421,5.876149999999099
17.09,5.8768499999990995,5.905539846763525,5.941292873310421,5.8768499999990995
17.092,5.877549999999099,5.906239846763525,5.941992873310421,5.877549999999099
17.094,5.878249999999099,5.906939846763525,5.9426928733104205,5.878249999999099
17.096,5.878949999999099,5.907639846763525,5.943392873310421,5.878949999999099
17.098,5.879649999999098,5.908339846763524,5.94409287331042,5.879649999999098
17.1,5.8803499999990985,5.909039846763524,5.94479287331042,5.8803499999990985
17.102,5.881049999999098,5.909739846763524,5.94549287331042,5.881049999999098
17.104,5.881749999999098,5.9104398467635235,5.9461928733104195,5.881749999999098
17.106,5.882449999999098,5.911139846763524,5.94689287331042,5.882449999999098
17.108,5.883149999999097,5.911839846763524,5.94759287331042,5.883149999999097
17.11,5.883849999999097,5.912539846763523,5.948292873310419,5.883849999999097
17.112,5.884549999999098,5.913239846763523,5.948992873310419,5.884549999999098
17.114,5.885249999999097,5.913939846763523,5.949692873310418,5.885249999999097
17.116,5.885949999999097,5.914639846763523,5.9503928733104186,5.885949999999097
17.118,5.886649999999096,5.915339846763523,5.951092873310419,5.886649999999096
17.12,5.887349999999096,5.916039846763522,5.951792873310418,5.887349999999096
17.122,5.8880499999990965,5.916739846763522,5.952492873310418,5.8880499999990965
17.124,5.888749999999096,5.917439846763522,5.953192873310418,5.888749999999096
17.126,5.889449999999096,5.918139846763522,5.9538928733104175,5.889449999999096
17.128,5.890149999999096,5.918839846763522,5.954592873310418,5.890149999999096
17.13,5.890849999999095,5.919539846763522,5.955292873310418,5.890849999999095
17.132,5.8915499999990955,5.920239846763521,5.955992873310417,5.8915499999990955
17.134,5.892249999999096,5.920939846763521,5.956692873310417,5.892249999999096
17.136,5.892949999999095,5.921639846763521,5.9573928733104164,5.892949999999095
17.138,5.893649999999095,5.922339846763521,5.958092873310417,5.893649999999095
17.14,5.894349999999094,5.923039846763521,5.958792873310417,5.894349999999094
17.142,5.895049999999094,5.92373984676352,5.959492873310416,5.895049999999094
17.144,5.8957499999990945,5.92443984676352,5.960192873310416,5.8957499999990945
17.146,5.896449999999094,5.92513984676352,5.960892873310416,5.896449999999094
17.148,5.897149999999094,5.92583984676352,5.9615928733104155,5.897149999999094
17.15,5.897849999999094,5.92653984676352,5.962292873310416,5.897849999999094
17.152,5.898549999999093,5.92723984676352,5.962992873310415,5.898549999999093
17.154,5.8992499999990935,5.927939846763519,5.963692873310415,5.8992499999990935
17.156,5.899949999999093,5.928639846763519,5.964392873310415,5.899949999999093
17.158,5.900649999999093,5.9293398467635186,5.9650928733104145,5.900649999999093
17.16,5.901349999999093,5.930039846763519,5.965792873310415,5.901349999999093
17.162,5.902049999999092,5.930739846763519,5.966492873310415,5.902049999999092
17.164,5.9027499999990924,5.931439846763518,5.967192873310414,5.9027499999990924
17.166,5.903449999999093,5.932139846763518,5.967892873310414,5.903449999999093
17.168,5.904149999999092,5.932839846763518,5.968592873310414,5.904149999999092
17.17,5.904849999999092,5.933539846763518,5.969292873310414,5.904849999999092
17.172,5.905549999999092,5.934239846763518,5.969992873310414,5.905549999999092
17.174,5.906249999999091,5.934939846763518,5.970692873310413,5.906249999999091
17.176,5.9069499999990915,5.935639846763517,5.971392873310413,5.9069499999990915
17.178,5.907649999999091,5.936339846763517,5.972092873310413,5.907649999999091
17.18,5.908349999999091,5.937039846763517,5.9727928733104125,5.908349999999091
17.182,5.909049999999091,5.937739846763517,5.973492873310413,5.909049999999091
17.184,5.90974999999909,5.938439846763517,5.974192873310413,5.90974999999909
17.186,5.9104499999990905,5.939139846763516,5.974892873310412,5.9104499999990905
17.188,5.911149999999091,5.939839846763516,5.975592873310412,5.911149999999091
17.19,5.91184999999909,5.940539846763516,5.9762928733104115,5.91184999999909
17.192,5.91254999999909,5.941239846763516,5.976992873310412,5.91254999999909
17.194,5.913249999999089,5.941939846763516,5.977692873310412,5.913249999999089
17.196,5.913949999999089,5.942639846763515,5.978392873310411,5.913949999999089
17.198,5.91464999999909,5.943339846763515,5.979092873310411,5.91464999999909
17.2,5.915349999999089,5.944039846763515,5.979792873310411,5.915349999999089
17.202,5.916049999999089,5.944739846763515,5.980492873310411,5.916049999999089
17.204,5.916749999999089,5.945439846763515,5.981192873310411,5.916749999999089
17.206,5.917449999999088,5.946139846763515,5.981892873310411,5.917449999999088
17.208,5.9181499999990885,5.946839846763514,5.98259287331041,5.9181499999990885
17.21,5.918849999999089,5.947539846763514,5.98329287331041,5.918849999999089
17.212,5.919549999999088,5.9482398467635145,5.9839928733104095,5.919549999999088
17.214,5.920249999999088,5.948939846763514,5.98469287331041,5.920249999999088
17.216,5.920949999999087,5.949639846763514,5.98539287331041,5.920949999999087
17.218,5.9216499999990875,5.950339846763513,5.986092873310409,5.9216499999990875
17.22,5.922349999999088,5.951039846763513,5.986792873310409,5.922349999999088
17.222,5.923049999999087,5.951739846763513,5.987492873310409,5.923049999999087
17.224,5.923749999999087,5.952439846763513,5.988192873310409,5.923749999999087
17.226,5.924449999999087,5.953139846763513,5.988892873310409,5.924449999999087
17.228,5.925149999999086,5.953839846763513,5.989592873310408,5.925149999999086
17.23,5.925849999999087,5.954539846763512,5.990292873310408,5.925849999999087
17.232,5.926549999999086,5.955239846763512,5.990992873310408,5.926549999999086
17.234,5.927249999999086,5.955939846763512,5.991692873310408,5.927249999999086
17.236,5.927949999999086,5.956639846763512,5.992392873310408,5.927949999999086
17.238,5.928649999999085,5.957339846763512,5.993092873310408,5.928649999999085
17.24,5.9293499999990855,5.958039846763511,5.993792873310407,5.9293499999990855
17.242,5.930049999999086,5.958739846763511,5.994492873310407,5.930049999999086
17.244,5.930749999999085,5.9594398467635115,5.995192873310407,5.930749999999085
17.246,5.931449999999085,5.960139846763511,5.995892873310407,5.931449999999085
17.248,5.932149999999085,5.960839846763511,5.996592873310407,5.932149999999085
17.25,5.9328499999990845,5.961539846763511,5.997292873310406,5.9328499999990845
17.252,5.933549999999085,5.96223984676351,5.997992873310406,5.933549999999085
17.254,5.934249999999084,5.96293984676351,5.998692873310406,5.934249999999084
17.256,5.934949999999084,5.96363984676351,5.999392873310406,5.934949999999084
17.258,5.935649999999084,5.96433984676351,6.000092873310406,5.935649999999084
17.26,5.936349999999083,5.96503984676351,6.000792873310406,5.936349999999083
17.262,5.937049999999084,5.965739846763509,6.001492873310405,5.937049999999084
17.264,5.937749999999084,5.966439846763509,6.002192873310405,5.937749999999084
17.266,5.938449999999083,5.9671398467635095,6.0028928733104046,5.938449999999083
17.268,5.939149999999083,5.967839846763509,6.003592873310405,5.939149999999083
17.27,5.939849999999082,5.968539846763509,6.004292873310405,5.939849999999082
17.272,5.9405499999990825,5.969239846763508,6.004992873310404,5.9405499999990825
17.274,5.941249999999083,5.969939846763508,6.005692873310404,5.941249999999083
17.276,5.941949999999082,5.9706398467635085,6.006392873310404,5.941949999999082
17.278,5.942649999999082,5.971339846763508,6.007092873310404,5.942649999999082
17.28,5.943349999999082,5.972039846763508,6.007792873310404,5.943349999999082
17.282,5.9440499999990815,5.972739846763508,6.008492873310404,5.9440499999990815
17.284,5.944749999999082,5.973439846763507,6.009192873310403,5.944749999999082
17.286,5.945449999999082,5.974139846763507,6.009892873310403,5.945449999999082
17.288,5.946149999999081,5.9748398467635075,6.010592873310403,5.946149999999081
17.29,5.946849999999081,5.975539846763507,6.011292873310403,5.946849999999081
17.292,5.94754999999908,5.976239846763507,6.011992873310403,5.94754999999908
17.294,5.9482499999990806,5.976939846763506,6.012692873310402,5.9482499999990806
17.296,5.948949999999081,5.977639846763506,6.013392873310402,5.948949999999081
17.298,5.94964999999908,5.9783398467635065,6.014092873310402,5.94964999999908
17.3,5.95034999999908,5.979039846763506,6.014792873310402,5.95034999999908
17.302,5.95104999999908,5.979739846763506,6.015492873310402,5.95104999999908
17.304,5.9517499999990795,5.980439846763506,6.016192873310402,5.9517499999990795
17.306,5.95244999999908,5.981139846763505,6.016892873310401,5.95244999999908
17.308,5.95314999999908,5.981839846763505,6.017592873310401,5.95314999999908
17.31,5.953849999999079,5.982539846763505,6.018292873310401,5.953849999999079
17.312,5.954549999999079,5.983239846763505,6.018992873310401,5.954549999999079
17.314,5.9552499999990784,5.983939846763505,6.019692873310401,5.9552499999990784
17.316,5.955949999999079,5.984639846763504,6.0203928733104,5.955949999999079
17.318,5.956649999999079,5.985339846763504,6.0210928733104,5.956649999999079
17.32,5.957349999999078,5.9860398467635045,6.0217928733104005,5.957349999999078
17.322,5.958049999999078,5.986739846763504,6.0224928733104,5.958049999999078
17.324,5.958749999999078,5.987439846763504,6.0231928733104,5.958749999999078
17.326,5.9594499999990775,5.988139846763504,6.023892873310399,5.9594499999990775
17.328,5.960149999999078,5.988839846763503,6.024592873310399,5.960149999999078
17.33,5.960849999999077,5.9895398467635035,6.025292873310399,5.960849999999077
17.332,5.961549999999077,5.990239846763503,6.025992873310399,5.961549999999077
17.334,5.962249999999077,5.990939846763503,6.026692873310399,5.962249999999077
17.336,5.9629499999990765,5.991639846763503,6.027392873310399,5.9629499999990765
17.338,5.963649999999077,5.992339846763502,6.028092873310398,5.963649999999077
17.34,5.964349999999077,5.993039846763502,6.028792873310398,5.964349999999077
17.342,5.965049999999076,5.993739846763503,6.0294928733103985,5.965049999999076
17.344,5.965749999999076,5.994439846763502,6.030192873310398,5.965749999999076
17.346,5.966449999999076,5.995139846763502,6.030892873310398,5.966449999999076
17.348,5.967149999999076,5.995839846763502,6.031592873310397,5.967149999999076
17.35,5.967849999999076,5.996539846763501,6.032292873310397,5.967849999999076
17.352,5.968549999999075,5.9972398467635015,6.0329928733103975,5.968549999999075
17.354,5.969249999999075,5.997939846763501,6.033692873310397,5.969249999999075
17.356,5.969949999999075,5.998639846763501,6.034392873310397,5.969949999999075
17.358,5.9706499999990745,5.999339846763501,6.035092873310397,5.9706499999990745
17.36,5.971349999999075,6.0000398467635,6.035792873310396,5.971349999999075
17.362,5.972049999999075,6.0007398467635005,6.036492873310396,5.972049999999075
17.364,5.972749999999074,6.001439846763501,6.037192873310396,5.972749999999074
17.366,5.973449999999074,6.0021398467635,6.037892873310396,5.973449999999074
17.368,5.9741499999990735,6.0028398467635,6.038592873310396,5.9741499999990735
17.37,5.974849999999074,6.003539846763499,6.039292873310395,5.974849999999074
17.372,5.975549999999074,6.004239846763499,6.039992873310395,5.975549999999074
17.374,5.976249999999073,6.0049398467635,6.0406928733103955,5.976249999999073
17.376,5.976949999999073,6.005639846763499,6.041392873310395,5.976949999999073
17.378,5.977649999999073,6.006339846763499,6.042092873310395,5.977649999999073
17.38,5.978349999999073,6.007039846763499,6.042792873310395,5.978349999999073
17.382,5.979049999999073,6.007739846763498,6.043492873310394,5.979049999999073
17.384,5.979749999999073,6.0084398467634985,6.0441928733103945,5.979749999999073
17.386,5.980449999999072,6.009139846763499,6.044892873310394,5.980449999999072
17.388,5.981149999999072,6.009839846763498,6.045592873310394,5.981149999999072
17.39,5.9818499999990715,6.010539846763498,6.046292873310394,5.9818499999990715
17.392,5.982549999999072,6.011239846763497,6.046992873310393,5.982549999999072
17.394,5.983249999999072,6.0119398467634975,6.047692873310393,5.983249999999072
17.396,5.983949999999071,6.012639846763498,6.0483928733103935,5.983949999999071
17.398,5.984649999999071,6.013339846763497,6.049092873310393,5.984649999999071
17.4,5.985349999999071,6.014039846763497,6.049792873310393,5.985349999999071
17.402,5.986049999999071,6.014739846763497,6.050492873310392,5.986049999999071
17.404,5.986749999999071,6.015439846763496,6.051192873310392,5.986749999999071
17.406,5.98744999999907,6.016139846763497,6.0518928733103925,5.98744999999907
17.408,5.98814999999907,6.016839846763496,6.052592873310392,5.98814999999907
17.41,5.98884999999907,6.017539846763496,6.053292873310392,5.98884999999907
17.412,5.98954999999907,6.018239846763496,6.053992873310392,5.98954999999907
17.414,5.99024999999907,6.018939846763495,6.054692873310391,5.99024999999907
17.416,5.99094999999907,6.0196398467634955,6.055392873310391,5.99094999999907
17.418,5.991649999999069,6.020339846763496,6.056092873310392,5.991649999999069
17.42,5.992349999999069,6.021039846763495,6.056792873310391,5.992349999999069
17.422,5.993049999999069,6.021739846763495,6.057492873310391,5.993049999999069
17.424,5.993749999999069,6.022439846763495,6.05819287331039,5.993749999999069
17.426,5.994449999999069,6.0231398467634945,6.05889287331039,5.994449999999069
17.428,5.995149999999068,6.023839846763495,6.0595928733103905,5.995149999999068
17.43,5.995849999999068,6.024539846763494,6.06029287331039,5.995849999999068
17.432,5.996549999999068,6.025239846763494,6.06099287331039,5.996549999999068
17.434,5.997249999999068,6.025939846763494,6.06169287331039,5.997249999999068
17.436,5.997949999999068,6.026639846763493,6.062392873310389,5.997949999999068
17.438,5.998649999999068,6.0273398467634935,6.0630928733103895,5.998649999999068
17.44,5.999349999999067,6.028039846763494,6.063792873310389,5.999349999999067
17.442,6.000049999999067,6.028739846763493,6.064492873310389,6.000049999999067
17.444,6.0007499999990666,6.029439846763493,6.065192873310389,6.0007499999990666
17.446,6.001449999999067,6.030139846763492,6.065892873310388,6.001449999999067
17.448,6.002149999999067,6.0308398467634925,6.066592873310388,6.002149999999067
17.45,6.002849999999066,6.031539846763493,6.067292873310389,6.002849999999066
17.452,6.003549999999066,6.032239846763492,6.067992873310388,6.003549999999066
17.454,6.004249999999066,6.032939846763492,6.068692873310388,6.004249999999066
17.456,6.004949999999066,6.033639846763492,6.069392873310388,6.004949999999066
17.458,6.005649999999066,6.034339846763491,6.070092873310387,6.005649999999066
17.46,6.006349999999066,6.035039846763492,6.0707928733103875,6.006349999999066
17.462,6.007049999999065,6.035739846763492,6.071492873310387,6.007049999999065
17.464,6.007749999999065,6.036439846763491,6.072192873310387,6.007749999999065
17.466,6.008449999999065,6.037139846763491,6.072892873310387,6.008449999999065
17.468,6.009149999999065,6.03783984676349,6.073592873310386,6.009149999999065
17.47,6.009849999999065,6.0385398467634905,6.0742928733103865,6.009849999999065
17.472,6.010549999999064,6.039239846763491,6.074992873310387,6.010549999999064
17.474,6.011249999999064,6.03993984676349,6.075692873310386,6.011249999999064
17.476,6.011949999999064,6.04063984676349,6.076392873310386,6.011949999999064
17.478,6.012649999999064,6.04133984676349,6.077092873310385,6.012649999999064
17.48,6.013349999999064,6.0420398467634895,6.077792873310385,6.013349999999064
17.482,6.014049999999063,6.04273984676349,6.078492873310386,6.014049999999063
17.484,6.014749999999063,6.043439846763489,6.079192873310385,6.014749999999063
17.486,6.015449999999063,6.044139846763489,6.079892873310385,6.015449999999063
17.488,6.016149999999063,6.044839846763489,6.080592873310385,6.016149999999063
17.49,6.016849999999063,6.045539846763488,6.081292873310384,6.016849999999063
17.492,6.017549999999063,6.046239846763489,6.0819928733103845,6.017549999999063
17.494,6.018249999999062,6.046939846763489,6.082692873310385,6.018249999999062
17.496,6.018949999999062,6.047639846763488,6.083392873310384,6.018949999999062
17.498,6.0196499999990625,6.048339846763488,6.084092873310384,6.0196499999990625
17.5,6.020349999999062,6.049039846763488,6.084792873310383,6.020349999999062
17.502,6.021049999999062,6.0497398467634875,6.0854928733103835,6.021049999999062
17.504,6.021749999999061,6.050439846763488,6.086192873310384,6.021749999999061
17.506,6.022449999999061,6.051139846763487,6.086892873310383,6.022449999999061
17.508,6.023149999999061,6.051839846763487,6.087592873310383,6.023149999999061
17.51,6.023849999999061,6.052539846763487,6.088292873310383,6.023849999999061
17.512,6.024549999999061,6.0532398467634865,6.088992873310382,6.024549999999061
17.514,6.025249999999061,6.053939846763487,6.089692873310383,6.025249999999061
17.516,6.02594999999906,6.054639846763487,6.090392873310382,6.02594999999906
17.518,6.02664999999906,6.055339846763486,6.091092873310382,6.02664999999906
17.52,6.0273499999990605,6.056039846763486,6.091792873310382,6.0273499999990605
17.522,6.02804999999906,6.056739846763485,6.092492873310381,6.02804999999906
17.524,6.02874999999906,6.057439846763486,6.0931928733103815,6.02874999999906
17.526,6.029449999999059,6.058139846763486,6.093892873310382,6.029449999999059
17.528,6.030149999999059,6.058839846763485,6.094592873310381,6.030149999999059
17.53,6.0308499999990595,6.059539846763485,6.095292873310381,6.0308499999990595
17.532,6.031549999999059,6.060239846763485,6.095992873310381,6.031549999999059
17.534,6.032249999999059,6.0609398467634845,6.0966928733103805,6.032249999999059
17.536,6.032949999999059,6.061639846763485,6.097392873310381,6.032949999999059
17.538,6.033649999999058,6.062339846763485,6.09809287331038,6.033649999999058
17.54,6.034349999999058,6.063039846763484,6.09879287331038,6.034349999999058
17.542,6.035049999999058,6.063739846763484,6.09949287331038,6.035049999999058
17.544,6.035749999999058,6.0644398467634835,6.100192873310379,6.035749999999058
17.546,6.036449999999058,6.065139846763484,6.1008928733103795,6.036449999999058
17.548,6.037149999999057,6.065839846763484,6.10159287331038,6.037149999999057
17.55,6.037849999999057,6.066539846763483,6.102292873310379,6.037849999999057
17.552,6.0385499999990575,6.067239846763483,6.102992873310379,6.0385499999990575
17.554,6.039249999999057,6.067939846763483,6.103692873310379,6.039249999999057
17.556,6.039949999999057,6.068639846763483,6.1043928733103785,6.039949999999057
17.558,6.040649999999057,6.069339846763483,6.105092873310379,6.040649999999057
17.56,6.041349999999056,6.070039846763482,6.105792873310378,6.041349999999056
17.562,6.0420499999990565,6.070739846763482,6.106492873310378,6.0420499999990565
17.564,6.042749999999056,6.071439846763482,6.107192873310378,6.042749999999056
17.566,6.043449999999056,6.0721398467634815,6.1078928733103774,6.043449999999056
17.568,6.044149999999056,6.072839846763482,6.108592873310378,6.044149999999056
17.57,6.044849999999055,6.073539846763482,6.109292873310378,6.044849999999055
17.572,6.045549999999055,6.074239846763481,6.109992873310377,6.045549999999055
17.574,6.0462499999990555,6.074939846763481,6.110692873310377,6.0462499999990555
17.576,6.046949999999055,6.075639846763481,6.111392873310376,6.046949999999055
17.578,6.047649999999055,6.076339846763481,6.1120928733103765,6.047649999999055
17.58,6.048349999999054,6.077039846763481,6.112792873310377,6.048349999999054
17.582,6.049049999999054,6.07773984676348,6.113492873310376,6.049049999999054
17.584,6.0497499999990545,6.07843984676348,6.114192873310376,6.0497499999990545
17.586,6.050449999999054,6.07913984676348,6.114892873310376,6.050449999999054
17.588,6.051149999999054,6.0798398467634795,6.1155928733103755,6.051149999999054
17.59,6.051849999999054,6.08053984676348,6.116292873310376,6.051849999999054
17.592,6.052549999999053,6.08123984676348,6.116992873310376,6.052549999999053
17.594,6.053249999999053,6.081939846763479,6.117692873310375,6.053249999999053
17.596,6.053949999999054,6.082639846763479,6.118392873310375,6.053949999999054
17.598,6.054649999999053,6.083339846763479,6.119092873310374,6.054649999999053
17.6,6.055349999999053,6.084039846763479,6.119792873310375,6.055349999999053
17.602,6.056049999999052,6.084739846763479,6.120492873310375,6.056049999999052
17.604,6.056749999999052,6.085439846763478,6.121192873310374,6.056749999999052
17.606,6.0574499999990525,6.086139846763478,6.121892873310374,6.0574499999990525
17.608,6.058149999999052,6.086839846763478,6.122592873310374,6.058149999999052
17.61,6.058849999999052,6.087539846763478,6.1232928733103735,6.058849999999052
17.612,6.059549999999052,6.088239846763478,6.123992873310374,6.059549999999052
17.614,6.060249999999051,6.088939846763478,6.124692873310373,6.060249999999051
17.616,6.0609499999990515,6.089639846763477,6.125392873310373,6.0609499999990515
17.618,6.061649999999051,6.090339846763477,6.126092873310373,6.061649999999051
17.62,6.062349999999051,6.0910398467634765,6.1267928733103725,6.062349999999051
17.622,6.063049999999051,6.091739846763477,6.127492873310373,6.063049999999051
17.624,6.06374999999905,6.092439846763477,6.128192873310373,6.06374999999905
17.626,6.06444999999905,6.093139846763476,6.128892873310372,6.06444999999905
17.628,6.065149999999051,6.093839846763476,6.129592873310372,6.065149999999051
17.63,6.06584999999905,6.094539846763476,6.130292873310372,6.06584999999905
17.632,6.06654999999905,6.095239846763476,6.130992873310372,6.06654999999905
17.634,6.06724999999905,6.095939846763476,6.131692873310372,6.06724999999905
17.636,6.067949999999049,6.096639846763476,6.132392873310371,6.067949999999049
17.638,6.0686499999990495,6.097339846763475,6.133092873310371,6.0686499999990495
17.64,6.069349999999049,6.098039846763475,6.133792873310371,6.069349999999049
17.642,6.070049999999049,6.098739846763475,6.1344928733103705,6.070049999999049
17.644,6.070749999999049,6.099439846763475,6.135192873310371,6.070749999999049
17.646,6.071449999999048,6.100139846763475,6.135892873310371,6.071449999999048
17.648,6.0721499999990485,6.100839846763474,6.13659287331037,6.0721499999990485
17.65,6.072849999999049,6.101539846763474,6.13729287331037,6.072849999999049
17.652,6.073549999999048,6.102239846763474,6.1379928733103695,6.073549999999048
17.654,6.074249999999048,6.102939846763474,6.13869287331037,6.074249999999048
17.656,6.074949999999047,6.103639846763474,6.13939287331037,6.074949999999047
17.658,6.075649999999047,6.104339846763473,6.140092873310369,6.075649999999047
17.66,6.076349999999048,6.105039846763473,6.140792873310369,6.076349999999048
17.662,6.077049999999047,6.105739846763473,6.141492873310369,6.077049999999047
17.664,6.077749999999047,6.106439846763473,6.142192873310369,6.077749999999047
17.666,6.078449999999047,6.107139846763473,6.142892873310369,6.078449999999047
17.668,6.079149999999046,6.107839846763473,6.143592873310369,6.079149999999046
17.67,6.0798499999990465,6.108539846763472,6.144292873310368,6.0798499999990465
17.672,6.080549999999047,6.109239846763472,6.144992873310368,6.080549999999047
17.674,6.081249999999046,6.1099398467634725,6.1456928733103675,6.081249999999046
17.676,6.081949999999046,6.110639846763472,6.146392873310368,6.081949999999046
17.678,6.082649999999045,6.111339846763472,6.147092873310368,6.082649999999045
17.68,6.0833499999990455,6.112039846763471,6.147792873310367,6.0833499999990455
17.682,6.084049999999046,6.112739846763471,6.148492873310367,6.084049999999046
17.684,6.084749999999045,6.113439846763471,6.149192873310367,6.084749999999045
17.686,6.085449999999045,6.114139846763471,6.149892873310367,6.085449999999045
17.688,6.086149999999045,6.114839846763471,6.150592873310367,6.086149999999045
17.69,6.086849999999044,6.115539846763471,6.151292873310366,6.086849999999044
17.692,6.087549999999045,6.11623984676347,6.151992873310366,6.087549999999045
17.694,6.088249999999044,6.11693984676347,6.152692873310366,6.088249999999044
17.696,6.088949999999044,6.11763984676347,6.1533928733103656,6.088949999999044
17.698,6.089649999999044,6.11833984676347,6.154092873310366,6.089649999999044
17.7,6.090349999999043,6.11903984676347,6.154792873310366,6.090349999999043
17.702,6.0910499999990435,6.119739846763469,6.155492873310365,6.0910499999990435
17.704,6.091749999999044,6.120439846763469,6.156192873310365,6.091749999999044
17.706,6.092449999999043,6.1211398467634694,6.156892873310365,6.092449999999043
17.708,6.093149999999043,6.121839846763469,6.157592873310365,6.093149999999043
17.71,6.093849999999043,6.122539846763469,6.158292873310365,6.093849999999043
17.712,6.0945499999990425,6.123239846763469,6.158992873310364,6.0945499999990425
17.714,6.095249999999043,6.123939846763468,6.159692873310364,6.095249999999043
17.716,6.095949999999042,6.124639846763468,6.160392873310364,6.095949999999042
17.718,6.096649999999042,6.125339846763468,6.161092873310364,6.096649999999042
17.72,6.097349999999042,6.126039846763468,6.161792873310364,6.097349999999042
17.722,6.098049999999041,6.126739846763468,6.162492873310364,6.098049999999041
17.724,6.0987499999990415,6.127439846763467,6.163192873310363,6.0987499999990415
17.726,6.099449999999042,6.128139846763467,6.163892873310363,6.099449999999042
17.728,6.100149999999041,6.1288398467634675,6.1645928733103625,6.100149999999041
17.73,6.100849999999041,6.129539846763467,6.165292873310363,6.100849999999041
17.732,6.10154999999904,6.130239846763467,6.165992873310363,6.10154999999904
17.734,6.1022499999990405,6.130939846763466,6.166692873310362,6.1022499999990405
17.736,6.102949999999041,6.131639846763466,6.167392873310362,6.102949999999041
17.738,6.10364999999904,6.132339846763466,6.168092873310362,6.10364999999904
17.74,6.10434999999904,6.133039846763466,6.168792873310362,6.10434999999904
17.742,6.10504999999904,6.133739846763466,6.169492873310362,6.10504999999904
17.744,6.1057499999990394,6.134439846763466,6.170192873310362,6.1057499999990394
17.746,6.10644999999904,6.135139846763465,6.170892873310361,6.10644999999904
17.748,6.10714999999904,6.135839846763465,6.171592873310361,6.10714999999904
17.75,6.107849999999039,6.1365398467634655,6.172292873310361,6.107849999999039
17.752,6.108549999999039,6.137239846763465,6.172992873310361,6.108549999999039
17.754,6.109249999999038,6.137939846763465,6.173692873310361,6.109249999999038
17.756,6.1099499999990385,6.138639846763464,6.17439287331036,6.1099499999990385
17.758,6.110649999999039,6.139339846763464,6.17509287331036,6.110649999999039
17.76,6.111349999999038,6.1400398467634645,6.17579287331036,6.111349999999038
17.762,6.112049999999038,6.140739846763464,6.17649287331036,6.112049999999038
17.764,6.112749999999038,6.141439846763464,6.17719287331036,6.112749999999038
17.766,6.1134499999990375,6.142139846763464,6.177892873310359,6.1134499999990375
17.768,6.114149999999038,6.142839846763463,6.178592873310359,6.114149999999038
17.77,6.114849999999038,6.143539846763463,6.179292873310359,6.114849999999038
17.772,6.115549999999037,6.144239846763463,6.179992873310359,6.115549999999037
17.774,6.116249999999037,6.144939846763463,6.180692873310359,6.116249999999037
17.776,6.116949999999036,6.145639846763463,6.181392873310359,6.116949999999036
17.778,6.117649999999037,6.146339846763462,6.182092873310358,6.117649999999037
17.78,6.118349999999037,6.147039846763462,6.182792873310358,6.118349999999037
17.782,6.119049999999036,6.1477398467634625,6.1834928733103585,6.119049999999036
17.784,6.119749999999036,6.148439846763462,6.184192873310358,6.119749999999036
17.786,6.120449999999036,6.149139846763462,6.184892873310358,6.120449999999036
17.788,6.1211499999990355,6.149839846763462,6.185592873310357,6.1211499999990355
17.79,6.121849999999036,6.150539846763461,6.186292873310357,6.121849999999036
17.792,6.122549999999035,6.1512398467634615,6.186992873310357,6.122549999999035
17.794,6.123249999999035,6.151939846763461,6.187692873310357,6.123249999999035
17.796,6.123949999999035,6.152639846763461,6.188392873310357,6.123949999999035
17.798,6.1246499999990345,6.153339846763461,6.189092873310357,6.1246499999990345
17.8,6.125349999999035,6.15403984676346,6.189792873310356,6.125349999999035
17.802,6.126049999999035,6.15473984676346,6.190492873310356,6.126049999999035
17.804,6.126749999999034,6.155439846763461,6.1911928733103565,6.126749999999034
17.806,6.127449999999034,6.15613984676346,6.191892873310356,6.127449999999034
17.808,6.128149999999034,6.15683984676346,6.192592873310356,6.128149999999034
17.81,6.128849999999034,6.157539846763459,6.193292873310355,6.128849999999034
17.812,6.129549999999034,6.158239846763459,6.193992873310355,6.129549999999034
17.814,6.130249999999033,6.1589398467634595,6.1946928733103555,6.130249999999033
17.816,6.130949999999033,6.159639846763459,6.195392873310355,6.130949999999033
17.818,6.131649999999033,6.160339846763459,6.196092873310355,6.131649999999033
17.82,6.1323499999990325,6.161039846763459,6.196792873310355,6.1323499999990325
17.822,6.133049999999033,6.161739846763458,6.197492873310354,6.133049999999033
17.824,6.133749999999033,6.1624398467634585,6.198192873310354,6.133749999999033
17.826,6.134449999999032,6.163139846763459,6.198892873310354,6.134449999999032
17.828,6.135149999999032,6.163839846763458,6.199592873310354,6.135149999999032
17.83,6.1358499999990315,6.164539846763458,6.200292873310354,6.1358499999990315
17.832,6.136549999999032,6.165239846763457,6.200992873310353,6.136549999999032
17.834,6.137249999999032,6.165939846763457,6.201692873310353,6.137249999999032
17.836,6.137949999999031,6.1666398467634576,6.2023928733103535,6.137949999999031
17.838,6.138649999999031,6.167339846763457,6.203092873310353,6.138649999999031
17.84,6.139349999999031,6.168039846763457,6.203792873310353,6.139349999999031
17.842,6.140049999999031,6.168739846763457,6.204492873310353,6.140049999999031
17.844,6.140749999999031,6.169439846763456,6.205192873310352,6.140749999999031
17.846,6.141449999999031,6.1701398467634565,6.205892873310352,6.141449999999031
17.848,6.14214999999903,6.170839846763457,6.206592873310352,6.14214999999903
17.85,6.14284999999903,6.171539846763456,6.207292873310352,6.14284999999903
17.852,6.1435499999990295,6.172239846763456,6.207992873310352,6.1435499999990295
17.854,6.14424999999903,6.172939846763455,6.208692873310351,6.14424999999903
17.856,6.14494999999903,6.1736398467634555,6.209392873310351,6.14494999999903
17.858,6.145649999999029,6.174339846763456,6.2100928733103515,6.145649999999029
17.86,6.146349999999029,6.175039846763455,6.210792873310351,6.146349999999029
17.862,6.147049999999029,6.175739846763455,6.211492873310351,6.147049999999029
17.864,6.147749999999029,6.176439846763455,6.21219287331035,6.147749999999029
17.866,6.148449999999029,6.177139846763454,6.21289287331035,6.148449999999029
17.868,6.149149999999028,6.1778398467634545,6.2135928733103505,6.149149999999028
17.87,6.149849999999028,6.178539846763454,6.21429287331035,6.149849999999028
17.872,6.150549999999028,6.179239846763454,6.21499287331035,6.150549999999028
17.874,6.1512499999990276,6.179939846763454,6.21569287331035,6.1512499999990276
17.876,6.151949999999028,6.180639846763453,6.216392873310349,6.151949999999028
17.878,6.152649999999028,6.1813398467634535,6.217092873310349,6.152649999999028
17.88,6.153349999999027,6.182039846763454,6.21779287331035,6.153349999999027
17.882,6.154049999999027,6.182739846763453,6.218492873310349,6.154049999999027
17.884,6.154749999999027,6.183439846763453,6.219192873310349,6.154749999999027
17.886,6.155449999999027,6.184139846763453,6.219892873310348,6.155449999999027
17.888,6.156149999999027,6.184839846763452,6.220592873310348,6.156149999999027
17.89,6.156849999999026,6.185539846763453,6.2212928733103485,6.156849999999026
17.892,6.157549999999026,6.186239846763452,6.221992873310348,6.157549999999026
17.894,6.158249999999026,6.186939846763452,6.222692873310348,6.158249999999026
17.896,6.158949999999026,6.187639846763452,6.223392873310348,6.158949999999026
17.898,6.159649999999026,6.188339846763451,6.224092873310347,6.159649999999026
17.9,6.160349999999026,6.1890398467634515,6.2247928733103475,6.160349999999026
17.902,6.161049999999025,6.189739846763452,6.225492873310347,6.161049999999025
17.904,6.161749999999025,6.190439846763451,6.226192873310347,6.161749999999025
17.906,6.1624499999990245,6.191139846763451,6.226892873310347,6.1624499999990245
17.908,6.163149999999025,6.19183984676345,6.227592873310346,6.163149999999025
17.91,6.163849999999025,6.1925398467634505,6.228292873310346,6.163849999999025
17.912,6.164549999999024,6.193239846763451,6.228992873310347,6.164549999999024
17.914,6.165249999999024,6.19393984676345,6.229692873310346,6.165249999999024
17.916,6.165949999999024,6.19463984676345,6.230392873310346,6.165949999999024
17.918,6.166649999999024,6.19533984676345,6.231092873310346,6.166649999999024
17.92,6.167349999999024,6.196039846763449,6.231792873310345,6.167349999999024
17.922,6.168049999999024,6.19673984676345,6.2324928733103455,6.168049999999024
17.924,6.168749999999023,6.19743984676345,6.233192873310345,6.168749999999023
17.926,6.169449999999023,6.198139846763449,6.233892873310345,6.169449999999023
17.928,6.170149999999023,6.198839846763449,6.234592873310345,6.170149999999023
17.93,6.170849999999023,6.199539846763448,6.235292873310344,6.170849999999023
17.932,6.171549999999023,6.2002398467634485,6.2359928733103445,6.171549999999023
17.934,6.172249999999022,6.200939846763449,6.236692873310345,6.172249999999022
17.936,6.172949999999022,6.201639846763448,6.237392873310344,6.172949999999022
17.938,6.173649999999022,6.202339846763448,6.238092873310344,6.173649999999022
17.94,6.174349999999022,6.203039846763448,6.238792873310343,6.174349999999022
17.942,6.175049999999022,6.2037398467634475,6.239492873310343,6.175049999999022
17.944,6.175749999999021,6.204439846763448,6.240192873310344,6.175749999999021
17.946,6.176449999999021,6.205139846763447,6.240892873310343,6.176449999999021
17.948,6.177149999999021,6.205839846763447,6.241592873310343,6.177149999999021
17.95,6.177849999999021,6.206539846763447,6.242292873310343,6.177849999999021
17.952,6.178549999999021,6.207239846763446,6.242992873310342,6.178549999999021
17.954,6.179249999999021,6.207939846763447,6.2436928733103425,6.179249999999021
17.956,6.17994999999902,6.208639846763447,6.244392873310343,6.17994999999902
17.958,6.18064999999902,6.209339846763446,6.245092873310342,6.18064999999902
17.96,6.1813499999990205,6.210039846763446,6.245792873310342,6.1813499999990205
17.962,6.18204999999902,6.210739846763446,6.246492873310341,6.18204999999902
17.964,6.18274999999902,6.2114398467634455,6.2471928733103415,6.18274999999902
17.966,6.183449999999019,6.212139846763446,6.247892873310342,6.183449999999019
17.968,6.184149999999019,6.212839846763445,6.248592873310341,6.184149999999019
17.97,6.184849999999019,6.213539846763445,6.249292873310341,6.184849999999019
17.972,6.185549999999019,6.214239846763445,6.249992873310341,6.185549999999019
17.974,6.186249999999019,6.2149398467634445,6.25069287331034,6.186249999999019
17.976,6.186949999999019,6.215639846763445,6.2513928733103405,6.186949999999019
17.978,6.187649999999018,6.216339846763445,6.25209287331034,6.187649999999018
17.98,6.188349999999018,6.217039846763444,6.25279287331034,6.188349999999018
17.982,6.189049999999018,6.217739846763444,6.25349287331034,6.189049999999018
17.984,6.189749999999018,6.218439846763443,6.254192873310339,6.189749999999018
17.986,6.190449999999018,6.219139846763444,6.2548928733103395,6.190449999999018
17.988,6.191149999999017,6.219839846763444,6.25559287331034,6.191149999999017
17.99,6.191849999999017,6.220539846763443,6.256292873310339,6.191849999999017
17.992,6.1925499999990175,6.221239846763443,6.256992873310339,6.1925499999990175
17.994,6.193249999999017,6.221939846763443,6.257692873310339,6.193249999999017
17.996,6.193949999999017,6.2226398467634425,6.2583928733103384,6.193949999999017
17.998,6.194649999999017,6.223339846763443,6.259092873310339,6.194649999999017
18.0,6.195349999999016,6.224039846763443,6.259792873310338,6.195349999999016
18.002,6.196049999999016,6.224739846763442,6.260492873310338,6.196049999999016
18.004,6.196749999999016,6.225439846763442,6.261192873310338,6.196749999999016
18.006,6.197449999999016,6.2261398467634415,6.261892873310337,6.197449999999016
18.008,6.198149999999016,6.226839846763442,6.2625928733103375,6.198149999999016
18.01,6.198849999999015,6.227539846763442,6.263292873310338,6.198849999999015
18.012,6.199549999999015,6.228239846763441,6.263992873310337,6.199549999999015
18.014,6.2002499999990155,6.228939846763441,6.264692873310337,6.2002499999990155
18.016,6.200949999999015,6.229639846763441,6.265392873310336,6.200949999999015
18.018,6.201649999999015,6.2303398467634405,6.2660928733103365,6.201649999999015
18.02,6.202349999999015,6.231039846763441,6.266792873310337,6.202349999999015
18.022,6.203049999999014,6.23173984676344,6.267492873310336,6.203049999999014
18.024,6.203749999999014,6.23243984676344,6.268192873310336,6.203749999999014
18.026,6.204449999999014,6.23313984676344,6.268892873310336,6.204449999999014
18.028,6.205149999999014,6.2338398467634395,6.269592873310335,6.205149999999014
18.03,6.205849999999014,6.23453984676344,6.270292873310336,6.205849999999014
18.032,6.206549999999013,6.23523984676344,6.270992873310336,6.206549999999013
18.034,6.207249999999013,6.235939846763439,6.271692873310335,6.207249999999013
18.036,6.2079499999990135,6.236639846763439,6.272392873310335,6.2079499999990135
18.038,6.208649999999013,6.237339846763439,6.273092873310334,6.208649999999013
18.04,6.209349999999013,6.238039846763439,6.2737928733103345,6.209349999999013
18.042,6.210049999999012,6.238739846763439,6.274492873310335,6.210049999999012
18.044,6.210749999999012,6.239439846763438,6.275192873310334,6.210749999999012
18.046,6.2114499999990125,6.240139846763438,6.275892873310334,6.2114499999990125
18.048,6.212149999999012,6.240839846763438,6.276592873310334,6.212149999999012
18.05,6.212849999999012,6.2415398467634375,6.2772928733103335,6.212849999999012
18.052,6.213549999999012,6.242239846763438,6.277992873310334,6.213549999999012
18.054,6.214249999999011,6.242939846763438,6.278692873310334,6.214249999999011
18.056,6.214949999999011,6.243639846763437,6.279392873310333,6.214949999999011
18.058,6.215649999999012,6.244339846763437,6.280092873310333,6.215649999999012
18.06,6.216349999999011,6.2450398467634365,6.280792873310332,6.216349999999011
18.062,6.217049999999011,6.245739846763437,6.281492873310333,6.217049999999011
18.064,6.21774999999901,6.246439846763437,6.282192873310333,6.21774999999901
18.066,6.21844999999901,6.247139846763436,6.282892873310332,6.21844999999901
18.068,6.2191499999990105,6.247839846763436,6.283592873310332,6.2191499999990105
18.07,6.21984999999901,6.248539846763436,6.284292873310332,6.21984999999901
18.072,6.22054999999901,6.249239846763436,6.2849928733103315,6.22054999999901
18.074,6.22124999999901,6.249939846763436,6.285692873310332,6.22124999999901
18.076,6.221949999999009,6.250639846763436,6.286392873310331,6.221949999999009
18.078,6.2226499999990095,6.251339846763435,6.287092873310331,6.2226499999990095
18.08,6.223349999999009,6.252039846763435,6.287792873310331,6.223349999999009
18.082,6.224049999999009,6.2527398467634345,6.2884928733103305,6.224049999999009
18.084,6.224749999999009,6.253439846763435,6.289192873310331,6.224749999999009
18.086,6.225449999999008,6.254139846763435,6.289892873310331,6.225449999999008
18.088,6.226149999999008,6.254839846763434,6.29059287331033,6.226149999999008
18.09,6.226849999999009,6.255539846763434,6.29129287331033,6.226849999999009
18.092,6.227549999999008,6.256239846763434,6.29199287331033,6.227549999999008
18.094,6.228249999999008,6.256939846763434,6.29269287331033,6.228249999999008
18.096,6.228949999999008,6.257639846763434,6.29339287331033,6.228949999999008
18.098,6.229649999999007,6.258339846763434,6.294092873310329,6.229649999999007
18.1,6.2303499999990075,6.259039846763433,6.294792873310329,6.2303499999990075
18.102,6.231049999999007,6.259739846763433,6.295492873310329,6.231049999999007
18.104,6.231749999999007,6.260439846763433,6.2961928733103285,6.231749999999007
18.106,6.232449999999007,6.261139846763433,6.296892873310329,6.232449999999007
18.108,6.233149999999006,6.261839846763433,6.297592873310329,6.233149999999006
18.11,6.2338499999990065,6.262539846763432,6.298292873310328,6.2338499999990065
18.112,6.234549999999007,6.263239846763432,6.298992873310328,6.234549999999007
18.114,6.235249999999006,6.263939846763432,6.2996928733103275,6.235249999999006
18.116,6.235949999999006,6.264639846763432,6.300392873310328,6.235949999999006
18.118,6.236649999999005,6.265339846763432,6.301092873310328,6.236649999999005
18.12,6.237349999999005,6.266039846763431,6.301792873310327,6.237349999999005
18.122,6.238049999999006,6.266739846763431,6.302492873310327,6.238049999999006
18.124,6.238749999999005,6.267439846763431,6.303192873310327,6.238749999999005
18.126,6.239449999999005,6.268139846763431,6.3038928733103266,6.239449999999005
18.128,6.240149999999005,6.268839846763431,6.304592873310327,6.240149999999005
18.13,6.240849999999004,6.269539846763431,6.305292873310327,6.240849999999004
18.132,6.2415499999990045,6.27023984676343,6.305992873310326,6.2415499999990045
18.134,6.242249999999005,6.27093984676343,6.306692873310326,6.242249999999005
18.136,6.242949999999004,6.2716398467634304,6.3073928733103255,6.242949999999004
18.138,6.243649999999004,6.27233984676343,6.308092873310326,6.243649999999004
18.14,6.244349999999003,6.27303984676343,6.308792873310326,6.244349999999003
18.142,6.2450499999990035,6.273739846763429,6.309492873310325,6.2450499999990035
18.144,6.245749999999004,6.274439846763429,6.310192873310325,6.245749999999004
18.146,6.246449999999003,6.275139846763429,6.310892873310325,6.246449999999003
18.148,6.247149999999003,6.275839846763429,6.311592873310325,6.247149999999003
18.15,6.247849999999003,6.276539846763429,6.312292873310325,6.247849999999003
18.152,6.248549999999002,6.277239846763429,6.312992873310324,6.248549999999002
18.154,6.2492499999990025,6.277939846763428,6.313692873310324,6.2492499999990025
18.156,6.249949999999002,6.278639846763428,6.314392873310324,6.249949999999002
18.158,6.250649999999002,6.279339846763428,6.3150928733103235,6.250649999999002
18.16,6.251349999999002,6.280039846763428,6.315792873310324,6.251349999999002
18.162,6.252049999999001,6.280739846763428,6.316492873310324,6.252049999999001
18.164,6.2527499999990015,6.281439846763427,6.317192873310323,6.2527499999990015
18.166,6.253449999999002,6.282139846763427,6.317892873310323,6.253449999999002
18.168,6.254149999999001,6.282839846763427,6.318592873310323,6.254149999999001
18.17,6.254849999999001,6.283539846763427,6.319292873310323,6.254849999999001
18.172,6.255549999999001,6.284239846763427,6.319992873310323,6.255549999999001
18.174,6.256249999999,6.284939846763427,6.320692873310322,6.256249999999
18.176,6.256949999999001,6.285639846763426,6.321392873310322,6.256949999999001
18.178,6.257649999999,6.286339846763426,6.322092873310322,6.257649999999
18.18,6.258349999999,6.287039846763426,6.322792873310322,6.258349999999
18.182,6.259049999999,6.287739846763426,6.323492873310322,6.259049999999
18.184,6.259749999998999,6.288439846763426,6.324192873310322,6.259749999998999
18.186,6.2604499999989995,6.289139846763425,6.324892873310321,6.2604499999989995
18.188,6.261149999999,6.289839846763425,6.325592873310321,6.261149999999
18.19,6.261849999998999,6.2905398467634255,6.3262928733103205,6.261849999998999
18.192,6.262549999998999,6.291239846763425,6.326992873310321,6.262549999998999
18.194,6.263249999998998,6.291939846763425,6.327692873310321,6.263249999998998
18.196,6.2639499999989985,6.292639846763424,6.32839287331032,6.2639499999989985
18.198,6.264649999998999,6.293339846763424,6.32909287331032,6.264649999998999
18.2,6.265349999998998,6.294039846763424,6.32979287331032,6.265349999998998
18.202,6.266049999998998,6.294739846763424,6.33049287331032,6.266049999998998
18.204,6.266749999998998,6.295439846763424,6.33119287331032,6.266749999998998
18.206,6.267449999998997,6.296139846763424,6.33189287331032,6.267449999998997
18.208,6.268149999998998,6.296839846763423,6.332592873310319,6.268149999998998
18.21,6.268849999998998,6.297539846763423,6.333292873310319,6.268849999998998
18.212,6.269549999998997,6.2982398467634235,6.333992873310319,6.269549999998997
18.214,6.270249999998997,6.298939846763423,6.334692873310319,6.270249999998997
18.216,6.270949999998996,6.299639846763423,6.335392873310319,6.270949999998996
18.218,6.2716499999989965,6.300339846763422,6.336092873310318,6.2716499999989965
18.22,6.272349999998997,6.301039846763422,6.336792873310318,6.272349999998997
18.222,6.273049999998996,6.3017398467634225,6.337492873310318,6.273049999998996
18.224,6.273749999998996,6.302439846763422,6.338192873310318,6.273749999998996
18.226,6.274449999998996,6.303139846763422,6.338892873310318,6.274449999998996
18.228,6.2751499999989955,6.303839846763422,6.339592873310317,6.2751499999989955
18.23,6.275849999998996,6.304539846763421,6.340292873310317,6.275849999998996
18.232,6.276549999998995,6.305239846763421,6.340992873310317,6.276549999998995
18.234,6.277249999998995,6.305939846763421,6.341692873310317,6.277249999998995
18.236,6.277949999998995,6.306639846763421,6.342392873310317,6.277949999998995
18.238,6.278649999998994,6.307339846763421,6.343092873310317,6.278649999998994
18.24,6.279349999998995,6.30803984676342,6.343792873310316,6.279349999998995
18.242,6.280049999998995,6.30873984676342,6.344492873310316,6.280049999998995
18.244,6.280749999998994,6.3094398467634205,6.3451928733103165,6.280749999998994
18.246,6.281449999998994,6.31013984676342,6.345892873310316,6.281449999998994
18.248,6.282149999998994,6.31083984676342,6.346592873310316,6.282149999998994
18.25,6.2828499999989935,6.31153984676342,6.347292873310315,6.2828499999989935
18.252,6.283549999998994,6.312239846763419,6.347992873310315,6.283549999998994
18.254,6.284249999998993,6.3129398467634195,6.348692873310315,6.284249999998993
18.256,6.284949999998993,6.313639846763419,6.349392873310315,6.284949999998993
18.258,6.285649999998993,6.314339846763419,6.350092873310315,6.285649999998993
18.26,6.2863499999989925,6.315039846763419,6.350792873310315,6.2863499999989925
18.262,6.287049999998993,6.315739846763418,6.351492873310314,6.287049999998993
18.264,6.287749999998993,6.316439846763418,6.352192873310314,6.287749999998993
18.266,6.288449999998992,6.3171398467634186,6.3528928733103145,6.288449999998992
18.268,6.289149999998992,6.317839846763418,6.353592873310314,6.289149999998992
18.27,6.289849999998992,6.318539846763418,6.354292873310314,6.289849999998992
18.272,6.290549999998992,6.319239846763417,6.354992873310313,6.290549999998992
18.274,6.291249999998992,6.319939846763417,6.355692873310313,6.291249999998992
18.276,6.291949999998991,6.3206398467634175,6.356392873310313,6.291949999998991
18.278,6.292649999998991,6.321339846763417,6.357092873310313,6.292649999998991
18.28,6.293349999998991,6.322039846763417,6.357792873310313,6.293349999998991
18.282,6.2940499999989905,6.322739846763417,6.358492873310313,6.2940499999989905
18.284,6.294749999998991,6.323439846763416,6.359192873310312,6.294749999998991
18.286,6.295449999998991,6.3241398467634165,6.359892873310312,6.295449999998991
18.288,6.29614999999899,6.324839846763417,6.360592873310312,6.29614999999899
18.29,6.29684999999899,6.325539846763416,6.361292873310312,6.29684999999899
18.292,6.2975499999989895,6.326239846763416,6.361992873310312,6.2975499999989895
18.294,6.29824999999899,6.326939846763415,6.362692873310311,6.29824999999899
18.296,6.29894999999899,6.327639846763415,6.363392873310311,6.29894999999899
18.298,6.299649999998989,6.3283398467634155,6.3640928733103115,6.299649999998989
18.3,6.300349999998989,6.329039846763415,6.364792873310311,6.300349999998989
18.302,6.301049999998989,6.329739846763415,6.365492873310311,6.301049999998989
18.304,6.3017499999989885,6.330439846763415,6.366192873310311,6.3017499999989885
18.306,6.302449999998989,6.331139846763414,6.36689287331031,6.302449999998989
18.308,6.303149999998989,6.3318398467634145,6.36759287331031,6.303149999998989
18.31,6.303849999998988,6.332539846763415,6.36829287331031,6.303849999998988
18.312,6.304549999998988,6.333239846763414,6.36899287331031,6.304549999998988
18.314,6.3052499999989875,6.333939846763414,6.36969287331031,6.3052499999989875
18.316,6.305949999998988,6.334639846763413,6.370392873310309,6.305949999998988
18.318,6.306649999998988,6.335339846763413,6.371092873310309,6.306649999998988
18.32,6.307349999998987,6.336039846763414,6.3717928733103095,6.307349999998987
18.322,6.308049999998987,6.336739846763413,6.372492873310309,6.308049999998987
18.324,6.308749999998987,6.337439846763413,6.373192873310309,6.308749999998987
18.326,6.309449999998987,6.338139846763413,6.373892873310308,6.309449999998987
18.328,6.310149999998987,6.338839846763412,6.374592873310308,6.310149999998987
18.33,6.310849999998986,6.3395398467634125,6.3752928733103085,6.310849999998986
18.332,6.311549999998986,6.340239846763412,6.375992873310308,6.311549999998986
18.334,6.312249999998986,6.340939846763412,6.376692873310308,6.312249999998986
18.336,6.3129499999989855,6.341639846763412,6.377392873310308,6.3129499999989855
18.338,6.313649999998986,6.342339846763411,6.378092873310307,6.313649999998986
18.34,6.314349999998986,6.3430398467634115,6.378792873310307,6.314349999998986
18.342,6.315049999998985,6.343739846763412,6.379492873310308,6.315049999998985
18.344,6.315749999998985,6.344439846763411,6.380192873310307,6.315749999998985
18.346,6.316449999998985,6.345139846763411,6.380892873310307,6.316449999998985
18.348,6.317149999998985,6.345839846763411,6.381592873310306,6.317149999998985
18.35,6.317849999998985,6.34653984676341,6.382292873310306,6.317849999998985
18.352,6.318549999998984,6.347239846763411,6.3829928733103065,6.318549999998984
18.354,6.319249999998984,6.34793984676341,6.383692873310306,6.319249999998984
18.356,6.319949999998984,6.34863984676341,6.384392873310306,6.319949999998984
18.358,6.320649999998984,6.34933984676341,6.385092873310306,6.320649999998984
18.36,6.321349999998984,6.350039846763409,6.385792873310305,6.321349999998984
18.362,6.322049999998984,6.3507398467634095,6.3864928733103055,6.322049999998984
18.364,6.322749999998983,6.35143984676341,6.387192873310305,6.322749999998983
18.366,6.323449999998983,6.352139846763409,6.387892873310305,6.323449999998983
18.368,6.3241499999989825,6.352839846763409,6.388592873310305,6.3241499999989825
18.37,6.324849999998983,6.353539846763408,6.389292873310304,6.324849999998983
18.372,6.325549999998983,6.3542398467634085,6.389992873310304,6.325549999998983
18.374,6.326249999998982,6.354939846763409,6.3906928733103046,6.326249999998982
18.376,6.326949999998982,6.355639846763408,6.391392873310304,6.326949999998982
18.378,6.327649999998982,6.356339846763408,6.392092873310304,6.327649999998982
18.38,6.328349999998982,6.357039846763408,6.392792873310304,6.328349999998982
18.382,6.329049999998982,6.357739846763407,6.393492873310303,6.329049999998982
18.384,6.329749999998982,6.358439846763408,6.3941928733103035,6.329749999998982
18.386,6.330449999998981,6.359139846763408,6.394892873310303,6.330449999998981
18.388,6.331149999998981,6.359839846763407,6.395592873310303,6.331149999998981
18.39,6.331849999998981,6.360539846763407,6.396292873310303,6.331849999998981
18.392,6.332549999998981,6.361239846763406,6.396992873310302,6.332549999998981
18.394,6.333249999998981,6.3619398467634065,6.3976928733103025,6.333249999998981
18.396,6.33394999999898,6.362639846763407,6.398392873310303,6.33394999999898
18.398,6.33464999999898,6.363339846763406,6.399092873310302,6.33464999999898
18.4,6.33534999999898,6.364039846763406,6.399792873310302,6.33534999999898
18.402,6.33604999999898,6.364739846763406,6.400492873310301,6.33604999999898
18.404,6.33674999999898,6.3654398467634055,6.401192873310301,6.33674999999898
18.406,6.337449999998979,6.366139846763406,6.4018928733103015,6.337449999998979
18.408,6.338149999998979,6.366839846763405,6.402592873310301,6.338149999998979
18.41,6.338849999998979,6.367539846763405,6.403292873310301,6.338849999998979
18.412,6.339549999998979,6.368239846763405,6.403992873310301,6.339549999998979
18.414,6.340249999998979,6.368939846763404,6.4046928733103,6.340249999998979
18.416,6.340949999998979,6.369639846763405,6.4053928733103005,6.340949999998979
18.418,6.341649999998978,6.370339846763405,6.406092873310301,6.341649999998978
18.42,6.342349999998978,6.371039846763404,6.4067928733103,6.342349999998978
18.422,6.3430499999989784,6.371739846763404,6.4074928733103,6.3430499999989784
18.424,6.343749999998978,6.372439846763404,6.408192873310299,6.343749999998978
18.426,6.344449999998978,6.3731398467634035,6.408892873310299,6.344449999998978
18.428,6.345149999998977,6.373839846763404,6.4095928733103,6.345149999998977
18.43,6.345849999998977,6.374539846763403,6.410292873310299,6.345849999998977
18.432,6.346549999998977,6.375239846763403,6.410992873310299,6.346549999998977
18.434,6.347249999998977,6.375939846763403,6.411692873310299,6.347249999998977
18.436,6.347949999998977,6.3766398467634025,6.412392873310298,6.347949999998977
18.438,6.348649999998977,6.377339846763403,6.4130928733102985,6.348649999998977
18.44,6.349349999998976,6.378039846763403,6.413792873310298,6.349349999998976
18.442,6.350049999998976,6.378739846763402,6.414492873310298,6.350049999998976
18.444,6.350749999998976,6.379439846763402,6.415192873310298,6.350749999998976
18.446,6.351449999998976,6.380139846763401,6.415892873310297,6.351449999998976
18.448,6.352149999998976,6.3808398467634015,6.4165928733102975,6.352149999998976
18.45,6.352849999998975,6.381539846763402,6.417292873310298,6.352849999998975
18.452,6.353549999998975,6.382239846763401,6.417992873310297,6.353549999998975
18.454,6.354249999998975,6.382939846763401,6.418692873310297,6.354249999998975
18.456,6.354949999998975,6.383639846763401,6.419392873310297,6.354949999998975
18.458,6.355649999998975,6.3843398467634005,6.420092873310296,6.355649999998975
18.46,6.356349999998975,6.385039846763401,6.420792873310297,6.356349999998975
18.462,6.357049999998974,6.385739846763401,6.421492873310296,6.357049999998974
18.464,6.357749999998974,6.3864398467634,6.422192873310296,6.357749999998974
18.466,6.358449999998974,6.3871398467634,6.422892873310296,6.358449999998974
18.468,6.359149999998974,6.387839846763399,6.423592873310295,6.359149999998974
18.47,6.359849999998974,6.3885398467634,6.4242928733102955,6.359849999998974
18.472,6.360549999998973,6.3892398467634,6.424992873310296,6.360549999998973
18.474,6.361249999998973,6.389939846763399,6.425692873310295,6.361249999998973
18.476,6.3619499999989735,6.390639846763399,6.426392873310295,6.3619499999989735
18.478,6.362649999998973,6.391339846763399,6.427092873310294,6.362649999998973
18.48,6.363349999998973,6.3920398467633985,6.4277928733102945,6.363349999998973
18.482,6.364049999998973,6.392739846763399,6.428492873310295,6.364049999998973
18.484,6.364749999998972,6.393439846763398,6.429192873310294,6.364749999998972
18.486,6.365449999998972,6.394139846763398,6.429892873310294,6.365449999998972
18.488,6.366149999998972,6.394839846763398,6.430592873310294,6.366149999998972
18.49,6.366849999998972,6.3955398467633975,6.431292873310293,6.366849999998972
18.492,6.367549999998972,6.396239846763398,6.431992873310294,6.367549999998972
18.494,6.368249999998971,6.396939846763398,6.432692873310294,6.368249999998971
18.496,6.368949999998971,6.397639846763397,6.433392873310293,6.368949999998971
18.498,6.3696499999989715,6.398339846763397,6.434092873310293,6.3696499999989715
18.5,6.370349999998971,6.399039846763397,6.434792873310292,6.370349999998971
18.502,6.371049999998971,6.399739846763397,6.4354928733102925,6.371049999998971
18.504,6.37174999999897,6.400439846763397,6.436192873310293,6.37174999999897
18.506,6.37244999999897,6.401139846763396,6.436892873310292,6.37244999999897
18.508,6.3731499999989705,6.401839846763396,6.437592873310292,6.3731499999989705
18.51,6.37384999999897,6.402539846763396,6.438292873310292,6.37384999999897
18.512,6.37454999999897,6.4032398467633955,6.4389928733102915,6.37454999999897
18.514,6.37524999999897,6.403939846763396,6.439692873310292,6.37524999999897
18.516,6.375949999998969,6.404639846763396,6.440392873310292,6.375949999998969
18.518,6.376649999998969,6.405339846763395,6.441092873310291,6.376649999998969
18.52,6.37734999999897,6.406039846763395,6.441792873310291,6.37734999999897
18.522,6.378049999998969,6.4067398467633945,6.44249287331029,6.378049999998969
18.524,6.378749999998969,6.407439846763395,6.443192873310291,6.378749999998969
18.526,6.379449999998968,6.408139846763395,6.443892873310291,6.379449999998968
18.528,6.380149999998968,6.408839846763394,6.44459287331029,6.380149999998968
18.53,6.3808499999989685,6.409539846763394,6.44529287331029,6.3808499999989685
18.532,6.381549999998968,6.410239846763394,6.44599287331029,6.381549999998968
18.534,6.382249999998968,6.410939846763394,6.4466928733102895,6.382249999998968
18.536,6.382949999998968,6.411639846763394,6.44739287331029,6.382949999998968
18.538,6.383649999998967,6.412339846763394,6.448092873310289,6.383649999998967
18.54,6.3843499999989675,6.413039846763393,6.448792873310289,6.3843499999989675
18.542,6.385049999998967,6.413739846763393,6.449492873310289,6.385049999998967
18.544,6.385749999998967,6.4144398467633925,6.4501928733102885,6.385749999998967
18.546,6.386449999998967,6.415139846763393,6.450892873310289,6.386449999998967
18.548,6.387149999998966,6.415839846763393,6.451592873310289,6.387149999998966
18.55,6.387849999998966,6.416539846763392,6.452292873310288,6.387849999998966
18.552,6.3885499999989666,6.417239846763392,6.452992873310288,6.3885499999989666
18.554,6.389249999998966,6.417939846763392,6.453692873310288,6.389249999998966
18.556,6.389949999998966,6.418639846763392,6.4543928733102875,6.389949999998966
18.558,6.390649999998966,6.419339846763392,6.455092873310288,6.390649999998966
18.56,6.391349999998965,6.420039846763392,6.455792873310287,6.391349999998965
18.562,6.3920499999989655,6.420739846763391,6.456492873310287,6.3920499999989655
18.564,6.392749999998965,6.421439846763391,6.457192873310287,6.392749999998965
18.566,6.393449999998965,6.422139846763391,6.4578928733102865,6.393449999998965
18.568,6.394149999998965,6.422839846763391,6.458592873310287,6.394149999998965
18.57,6.394849999998964,6.423539846763391,6.459292873310287,6.394849999998964
18.572,6.3955499999989645,6.42423984676339,6.459992873310286,6.3955499999989645
18.574,6.396249999998965,6.42493984676339,6.460692873310286,6.396249999998965
18.576,6.396949999998964,6.42563984676339,6.4613928733102854,6.396949999998964
18.578,6.397649999998964,6.42633984676339,6.462092873310286,6.397649999998964
18.58,6.398349999998963,6.42703984676339,6.462792873310286,6.398349999998963
18.582,6.399049999998963,6.427739846763389,6.463492873310285,6.399049999998963
18.584,6.3997499999989635,6.428439846763389,6.464192873310285,6.3997499999989635
18.586,6.400449999998963,6.429139846763389,6.464892873310285,6.400449999998963
18.588,6.401149999998963,6.429839846763389,6.4655928733102845,6.401149999998963
18.59,6.401849999998963,6.430539846763389,6.466292873310285,6.401849999998963
18.592,6.402549999998962,6.431239846763389,6.466992873310285,6.402549999998962
18.594,6.4032499999989625,6.431939846763388,6.467692873310284,6.4032499999989625
18.596,6.403949999998963,6.432639846763388,6.468392873310284,6.403949999998963
18.598,6.404649999998962,6.433339846763388,6.4690928733102835,6.404649999998962
18.6,6.405349999998962,6.434039846763388,6.469792873310284,6.405349999998962
18.602,6.406049999998961,6.434739846763388,6.470492873310284,6.406049999998961
18.604,6.406749999998961,6.435439846763387,6.471192873310283,6.406749999998961
18.606,6.407449999998962,6.436139846763387,6.471892873310283,6.407449999998962
18.608,6.408149999998961,6.436839846763387,6.472592873310283,6.408149999998961
18.61,6.408849999998961,6.437539846763387,6.473292873310283,6.408849999998961
18.612,6.409549999998961,6.438239846763387,6.473992873310283,6.409549999998961
18.614,6.41024999999896,6.438939846763387,6.474692873310282,6.41024999999896
18.616,6.4109499999989605,6.439639846763386,6.475392873310282,6.4109499999989605
18.618,6.41164999999896,6.440339846763386,6.476092873310282,6.41164999999896
18.62,6.41234999999896,6.441039846763386,6.4767928733102815,6.41234999999896
18.622,6.41304999999896,6.441739846763386,6.477492873310282,6.41304999999896
18.624,6.413749999998959,6.442439846763386,6.478192873310282,6.413749999998959
18.626,6.4144499999989595,6.443139846763385,6.478892873310281,6.4144499999989595
18.628,6.41514999999896,6.443839846763385,6.479592873310281,6.41514999999896
18.63,6.415849999998959,6.444539846763385,6.480292873310281,6.415849999998959
18.632,6.416549999998959,6.445239846763385,6.480992873310281,6.416549999998959
18.634,6.417249999998959,6.445939846763385,6.481692873310281,6.417249999998959
18.636,6.417949999998958,6.446639846763385,6.48239287331028,6.417949999998958
18.638,6.418649999998959,6.447339846763384,6.48309287331028,6.418649999998959
18.64,6.419349999998958,6.448039846763384,6.48379287331028,6.419349999998958
18.642,6.420049999998958,6.448739846763384,6.48449287331028,6.420049999998958
18.644,6.420749999998958,6.449439846763384,6.48519287331028,6.420749999998958
18.646,6.421449999998957,6.450139846763384,6.48589287331028,6.421449999998957
18.648,6.4221499999989575,6.450839846763383,6.486592873310279,6.4221499999989575
18.65,6.422849999998958,6.451539846763383,6.487292873310279,6.422849999998958
18.652,6.423549999998957,6.4522398467633835,6.4879928733102785,6.423549999998957
18.654,6.424249999998957,6.452939846763383,6.488692873310279,6.424249999998957
18.656,6.424949999998956,6.453639846763383,6.489392873310279,6.424949999998956
18.658,6.4256499999989565,6.454339846763382,6.490092873310278,6.4256499999989565
18.66,6.426349999998957,6.455039846763382,6.490792873310278,6.426349999998957
18.662,6.427049999998956,6.455739846763382,6.491492873310278,6.427049999998956
18.664,6.427749999998956,6.456439846763382,6.492192873310278,6.427749999998956
18.666,6.428449999998956,6.457139846763382,6.492892873310278,6.428449999998956
18.668,6.429149999998955,6.457839846763382,6.493592873310278,6.429149999998955
18.67,6.429849999998956,6.458539846763381,6.494292873310277,6.429849999998956
18.672,6.430549999998956,6.459239846763381,6.494992873310277,6.430549999998956
18.674,6.431249999998955,6.4599398467633815,6.495692873310277,6.431249999998955
18.676,6.431949999998955,6.460639846763381,6.496392873310277,6.431949999998955
18.678,6.432649999998954,6.461339846763381,6.497092873310277,6.432649999998954
18.68,6.4333499999989545,6.46203984676338,6.497792873310276,6.4333499999989545
18.682,6.434049999998955,6.46273984676338,6.498492873310276,6.434049999998955
18.684,6.434749999998954,6.4634398467633805,6.499192873310276,6.434749999998954
18.686,6.435449999998954,6.46413984676338,6.499892873310276,6.435449999998954
18.688,6.436149999998954,6.46483984676338,6.500592873310276,6.436149999998954
18.69,6.4368499999989535,6.46553984676338,6.501292873310275,6.4368499999989535
18.692,6.437549999998954,6.466239846763379,6.501992873310275,6.437549999998954
18.694,6.438249999998953,6.466939846763379,6.502692873310275,6.438249999998953
18.696,6.438949999998953,6.467639846763379,6.503392873310275,6.438949999998953
18.698,6.439649999998953,6.468339846763379,6.504092873310275,6.439649999998953
18.7,6.440349999998952,6.469039846763379,6.504792873310275,6.440349999998952
18.702,6.441049999998953,6.469739846763378,6.505492873310274,6.441049999998953
18.704,6.441749999998953,6.470439846763378,6.506192873310274,6.441749999998953
18.706,6.442449999998952,6.4711398467633785,6.506892873310274,6.442449999998952
18.708,6.443149999998952,6.471839846763378,6.507592873310274,6.443149999998952
18.71,6.443849999998952,6.472539846763378,6.508292873310274,6.443849999998952
18.712,6.4445499999989515,6.473239846763378,6.508992873310273,6.4445499999989515
18.714,6.445249999998952,6.473939846763377,6.509692873310273,6.445249999998952
18.716,6.445949999998951,6.4746398467633774,6.510392873310273,6.445949999998951
18.718,6.446649999998951,6.475339846763377,6.511092873310273,6.446649999998951
18.72,6.447349999998951,6.476039846763377,6.511792873310273,6.447349999998951
18.722,6.4480499999989505,6.476739846763377,6.512492873310273,6.4480499999989505
18.724,6.448749999998951,6.477439846763376,6.513192873310272,6.448749999998951
18.726,6.449449999998951,6.478139846763376,6.513892873310272,6.449449999998951
18.728,6.45014999999895,6.4788398467633765,6.514592873310272,6.45014999999895
18.73,6.45084999999895,6.479539846763376,6.515292873310272,6.45084999999895
18.732,6.45154999999895,6.480239846763376,6.515992873310272,6.45154999999895
18.734,6.4522499999989495,6.480939846763375,6.516692873310271,6.4522499999989495
18.736,6.45294999999895,6.481639846763375,6.517392873310271,6.45294999999895
18.738,6.453649999998949,6.4823398467633755,6.518092873310271,6.453649999998949
18.74,6.454349999998949,6.483039846763375,6.518792873310271,6.454349999998949
18.742,6.455049999998949,6.483739846763375,6.519492873310271,6.455049999998949
18.744,6.4557499999989485,6.484439846763375,6.520192873310271,6.4557499999989485
18.746,6.456449999998949,6.485139846763374,6.52089287331027,6.456449999998949
18.748,6.457149999998949,6.485839846763374,6.52159287331027,6.457149999998949
18.75,6.457849999998948,6.486539846763375,6.52229287331027,6.457849999998948
18.752,6.458549999998948,6.487239846763374,6.52299287331027,6.458549999998948
18.754,6.4592499999989474,6.487939846763374,6.52369287331027,6.4592499999989474
18.756,6.459949999998948,6.488639846763373,6.524392873310269,6.459949999998948
18.758,6.460649999998948,6.489339846763373,6.525092873310269,6.460649999998948
18.76,6.461349999998947,6.4900398467633735,6.5257928733102695,6.461349999998947
18.762,6.462049999998947,6.490739846763373,6.526492873310269,6.462049999998947
18.764,6.462749999998947,6.491439846763373,6.527192873310269,6.462749999998947
18.766,6.4634499999989465,6.492139846763373,6.527892873310269,6.4634499999989465
18.768,6.464149999998947,6.492839846763372,6.528592873310268,6.464149999998947
18.77,6.464849999998947,6.4935398467633725,6.529292873310268,6.464849999998947
18.772,6.465549999998946,6.494239846763372,6.529992873310268,6.465549999998946
18.774,6.466249999998946,6.494939846763372,6.530692873310268,6.466249999998946
18.776,6.4669499999989455,6.495639846763372,6.531392873310268,6.4669499999989455
18.778,6.467649999998946,6.496339846763371,6.532092873310267,6.467649999998946
18.78,6.468349999998946,6.497039846763371,6.532792873310267,6.468349999998946
18.782,6.469049999998945,6.497739846763372,6.5334928733102675,6.469049999998945
18.784,6.469749999998945,6.498439846763371,6.534192873310267,6.469749999998945
18.786,6.470449999998945,6.499139846763371,6.534892873310267,6.470449999998945
18.788,6.471149999998945,6.499839846763371,6.535592873310266,6.471149999998945
18.79,6.471849999998945,6.50053984676337,6.536292873310266,6.471849999998945
18.792,6.472549999998944,6.5012398467633705,6.5369928733102665,6.472549999998944
18.794,6.473249999998944,6.50193984676337,6.537692873310266,6.473249999998944
18.796,6.473949999998944,6.50263984676337,6.538392873310266,6.473949999998944
18.798,6.4746499999989435,6.50333984676337,6.539092873310266,6.4746499999989435
18.8,6.475349999998944,6.504039846763369,6.539792873310265,6.475349999998944
18.802,6.476049999998944,6.5047398467633695,6.540492873310265,6.476049999998944
18.804,6.476749999998943,6.50543984676337,6.5411928733102656,6.476749999998943
18.806,6.477449999998943,6.506139846763369,6.541892873310265,6.477449999998943
18.808,6.478149999998943,6.506839846763369,6.542592873310265,6.478149999998943
18.81,6.478849999998943,6.507539846763369,6.543292873310264,6.478849999998943
18.812,6.479549999998943,6.508239846763368,6.543992873310264,6.479549999998943
18.814,6.480249999998942,6.508939846763369,6.5446928733102645,6.480249999998942
18.816,6.480949999998942,6.509639846763368,6.545392873310264,6.480949999998942
18.818,6.481649999998942,6.510339846763368,6.546092873310264,6.481649999998942
18.82,6.482349999998942,6.511039846763368,6.546792873310264,6.482349999998942
18.822,6.483049999998942,6.511739846763367,6.547492873310263,6.483049999998942
18.824,6.483749999998942,6.5124398467633675,6.5481928733102635,6.483749999998942
18.826,6.484449999998941,6.513139846763368,6.548892873310263,6.484449999998941
18.828,6.485149999998941,6.513839846763367,6.549592873310263,6.485149999998941
18.83,6.4858499999989405,6.514539846763367,6.550292873310263,6.4858499999989405
18.832,6.486549999998941,6.515239846763366,6.550992873310262,6.486549999998941
18.834,6.487249999998941,6.5159398467633665,6.551692873310262,6.487249999998941
18.836,6.48794999999894,6.516639846763367,6.5523928733102625,6.48794999999894
18.838,6.48864999999894,6.517339846763366,6.553092873310262,6.48864999999894
18.84,6.48934999999894,6.518039846763366,6.553792873310262,6.48934999999894
18.842,6.49004999999894,6.518739846763366,6.554492873310262,6.49004999999894
18.844,6.49074999999894,6.519439846763365,6.555192873310261,6.49074999999894
18.846,6.49144999999894,6.5201398467633656,6.5558928733102615,6.49144999999894
18.848,6.492149999998939,6.520839846763366,6.556592873310261,6.492149999998939
18.85,6.492849999998939,6.521539846763365,6.557292873310261,6.492849999998939
18.852,6.493549999998939,6.522239846763365,6.557992873310261,6.493549999998939
18.854,6.494249999998939,6.522939846763364,6.55869287331026,6.494249999998939
18.856,6.494949999998939,6.5236398467633645,6.55939287331026,6.494949999998939
18.858,6.495649999998938,6.524339846763365,6.560092873310261,6.495649999998938
18.86,6.496349999998938,6.525039846763364,6.56079287331026,6.496349999998938
18.862,6.497049999998938,6.525739846763364,6.56149287331026,6.497049999998938
18.864,6.497749999998938,6.526439846763364,6.562192873310259,6.497749999998938
18.866,6.498449999998938,6.5271398467633635,6.562892873310259,6.498449999998938
18.868,6.499149999998937,6.527839846763364,6.5635928733102595,6.499149999998937
18.87,6.499849999998937,6.528539846763363,6.564292873310259,6.499849999998937
18.872,6.500549999998937,6.529239846763363,6.564992873310259,6.500549999998937
18.874,6.501249999998937,6.529939846763363,6.565692873310259,6.501249999998937
18.876,6.501949999998937,6.530639846763362,6.566392873310258,6.501949999998937
18.878,6.502649999998937,6.5313398467633625,6.5670928733102585,6.502649999998937
18.88,6.503349999998936,6.532039846763363,6.567792873310259,6.503349999998936
18.882,6.504049999998936,6.532739846763362,6.568492873310258,6.504049999998936
18.884,6.504749999998936,6.533439846763362,6.569192873310258,6.504749999998936
18.886,6.505449999998936,6.534139846763362,6.569892873310257,6.505449999998936
18.888,6.506149999998936,6.5348398467633615,6.570592873310257,6.506149999998936
18.89,6.506849999998935,6.535539846763362,6.571292873310258,6.506849999998935
18.892,6.507549999998935,6.536239846763361,6.571992873310257,6.507549999998935
18.894,6.508249999998935,6.536939846763361,6.572692873310257,6.508249999998935
18.896,6.508949999998935,6.537639846763361,6.573392873310257,6.508949999998935
18.898,6.509649999998935,6.53833984676336,6.574092873310256,6.509649999998935
18.9,6.510349999998935,6.539039846763361,6.5747928733102565,6.510349999998935
18.902,6.511049999998934,6.539739846763361,6.575492873310256,6.511049999998934
18.904,6.511749999998934,6.54043984676336,6.576192873310256,6.511749999998934
18.906,6.512449999998934,6.54113984676336,6.576892873310256,6.512449999998934
18.908,6.513149999998934,6.541839846763359,6.577592873310255,6.513149999998934
18.91,6.513849999998934,6.5425398467633595,6.5782928733102555,6.513849999998934
18.912,6.514549999998933,6.54323984676336,6.578992873310256,6.514549999998933
18.914,6.515249999998933,6.543939846763359,6.579692873310255,6.515249999998933
18.916,6.515949999998933,6.544639846763359,6.580392873310255,6.515949999998933
18.918,6.516649999998933,6.545339846763359,6.581092873310255,6.516649999998933
18.92,6.517349999998933,6.5460398467633585,6.581792873310254,6.517349999998933
18.922,6.518049999998933,6.546739846763359,6.582492873310255,6.518049999998933
18.924,6.518749999998932,6.547439846763359,6.583192873310254,6.518749999998932
18.926,6.519449999998932,6.548139846763358,6.583892873310254,6.519449999998932
18.928,6.520149999998932,6.548839846763358,6.584592873310254,6.520149999998932
18.93,6.520849999998932,6.549539846763357,6.585292873310253,6.520849999998932
18.932,6.521549999998932,6.550239846763358,6.5859928733102535,6.521549999998932
18.934,6.522249999998931,6.550939846763358,6.586692873310254,6.522249999998931
18.936,6.522949999998931,6.551639846763357,6.587392873310253,6.522949999998931
18.938,6.5236499999989315,6.552339846763357,6.588092873310253,6.5236499999989315
18.94,6.524349999998931,6.553039846763357,6.588792873310252,6.524349999998931
18.942,6.525049999998931,6.5537398467633565,6.5894928733102525,6.525049999998931
18.944,6.52574999999893,6.554439846763357,6.590192873310253,6.52574999999893
18.946,6.52644999999893,6.555139846763356,6.590892873310252,6.52644999999893
18.948,6.52714999999893,6.555839846763356,6.591592873310252,6.52714999999893
18.95,6.52784999999893,6.556539846763356,6.592292873310252,6.52784999999893
18.952,6.52854999999893,6.5572398467633555,6.592992873310251,6.52854999999893
18.954,6.52924999999893,6.557939846763356,6.593692873310252,6.52924999999893
18.956,6.529949999998929,6.558639846763356,6.594392873310252,6.529949999998929
18.958,6.530649999998929,6.559339846763355,6.595092873310251,6.530649999998929
18.96,6.5313499999989295,6.560039846763355,6.595792873310251,6.5313499999989295
18.962,6.532049999998929,6.560739846763355,6.59649287331025,6.532049999998929
18.964,6.532749999998929,6.561439846763355,6.5971928733102505,6.532749999998929
18.966,6.533449999998928,6.562139846763355,6.597892873310251,6.533449999998928
18.968,6.534149999998928,6.562839846763354,6.59859287331025,6.534149999998928
18.97,6.5348499999989285,6.563539846763354,6.59929287331025,6.5348499999989285
18.972,6.535549999998928,6.564239846763354,6.59999287331025,6.535549999998928
18.974,6.536249999998928,6.5649398467633535,6.6006928733102495,6.536249999998928
18.976,6.536949999998928,6.565639846763354,6.60139287331025,6.536949999998928
18.978,6.537649999998927,6.566339846763354,6.602092873310249,6.537649999998927
18.98,6.538349999998927,6.567039846763353,6.602792873310249,6.538349999998927
18.982,6.5390499999989276,6.567739846763353,6.603492873310249,6.5390499999989276
18.984,6.539749999998927,6.5684398467633525,6.604192873310248,6.539749999998927
18.986,6.540449999998927,6.569139846763353,6.6048928733102485,6.540449999998927
18.988,6.541149999998926,6.569839846763353,6.605592873310249,6.541149999998926
18.99,6.541849999998926,6.570539846763352,6.606292873310248,6.541849999998926
18.992,6.5425499999989265,6.571239846763352,6.606992873310248,6.5425499999989265
18.994,6.543249999998926,6.571939846763352,6.607692873310248,6.543249999998926
18.996,6.543949999998926,6.572639846763352,6.6083928733102475,6.543949999998926
18.998,6.544649999998926,6.573339846763352,6.609092873310248,6.544649999998926
19.0,6.545349999998925,6.574039846763352,6.609792873310247,6.545349999998925
19.002,6.5460499999989255,6.574739846763351,6.610492873310247,6.5460499999989255
19.004,6.546749999998925,6.575439846763351,6.611192873310247,6.546749999998925
19.006,6.547449999998925,6.5761398467633505,6.611892873310246,6.547449999998925
19.008,6.548149999998925,6.576839846763351,6.612592873310247,6.548149999998925
19.01,6.548849999998924,6.577539846763351,6.613292873310247,6.548849999998924
19.012,6.549549999998924,6.57823984676335,6.613992873310246,6.549549999998924
19.014,6.5502499999989245,6.57893984676335,6.614692873310246,6.5502499999989245
19.016,6.550949999998924,6.57963984676335,6.615392873310246,6.550949999998924
19.018,6.551649999998924,6.58033984676335,6.6160928733102455,6.551649999998924
19.02,6.552349999998924,6.58103984676335,6.616792873310246,6.552349999998924
19.022,6.553049999998923,6.581739846763349,6.617492873310245,6.553049999998923
19.024,6.5537499999989235,6.582439846763349,6.618192873310245,6.5537499999989235
19.026,6.554449999998923,6.583139846763349,6.618892873310245,6.554449999998923
19.028,6.555149999998923,6.5838398467633485,6.6195928733102445,6.555149999998923
19.03,6.555849999998923,6.584539846763349,6.620292873310245,6.555849999998923
19.032,6.556549999998922,6.585239846763349,6.620992873310245,6.556549999998922
19.034,6.557249999998922,6.585939846763348,6.621692873310244,6.557249999998922
19.036,6.557949999998923,6.586639846763348,6.622392873310244,6.557949999998923
19.038,6.558649999998922,6.587339846763348,6.623092873310243,6.558649999998922
19.04,6.559349999998922,6.588039846763348,6.623792873310244,6.559349999998922
19.042,6.560049999998921,6.588739846763348,6.624492873310244,6.560049999998921
19.044,6.560749999998921,6.589439846763347,6.625192873310243,6.560749999998921
19.046,6.5614499999989215,6.590139846763347,6.625892873310243,6.5614499999989215
19.048,6.562149999998921,6.590839846763347,6.626592873310243,6.562149999998921
19.05,6.562849999998921,6.591539846763347,6.6272928733102425,6.562849999998921
19.052,6.563549999998921,6.592239846763347,6.627992873310243,6.563549999998921
19.054,6.56424999999892,6.592939846763347,6.628692873310243,6.56424999999892
19.056,6.5649499999989205,6.593639846763346,6.629392873310242,6.5649499999989205
19.058,6.565649999998921,6.594339846763346,6.630092873310242,6.565649999998921
19.06,6.56634999999892,6.595039846763346,6.6307928733102415,6.56634999999892
19.062,6.56704999999892,6.595739846763346,6.631492873310242,6.56704999999892
19.064,6.567749999998919,6.596439846763346,6.632192873310242,6.567749999998919
19.066,6.568449999998919,6.597139846763345,6.632892873310241,6.568449999998919
19.068,6.56914999999892,6.597839846763345,6.633592873310241,6.56914999999892
19.07,6.569849999998919,6.598539846763345,6.634292873310241,6.569849999998919
19.072,6.570549999998919,6.599239846763345,6.634992873310241,6.570549999998919
19.074,6.571249999998919,6.599939846763345,6.635692873310241,6.571249999998919
19.076,6.571949999998918,6.600639846763345,6.63639287331024,6.571949999998918
19.078,6.5726499999989185,6.601339846763344,6.63709287331024,6.5726499999989185
19.08,6.573349999998918,6.602039846763344,6.63779287331024,6.573349999998918
19.082,6.574049999998918,6.602739846763344,6.6384928733102395,6.574049999998918
19.084,6.574749999998918,6.603439846763344,6.63919287331024,6.574749999998918
19.086,6.575449999998917,6.604139846763344,6.63989287331024,6.575449999998917
19.088,6.5761499999989175,6.604839846763343,6.640592873310239,6.5761499999989175
19.09,6.576849999998918,6.605539846763343,6.641292873310239,6.576849999998918
19.092,6.577549999998917,6.606239846763343,6.641992873310239,6.577549999998917
19.094,6.578249999998917,6.606939846763343,6.642692873310239,6.578249999998917
19.096,6.578949999998917,6.607639846763343,6.643392873310239,6.578949999998917
19.098,6.579649999998916,6.608339846763343,6.644092873310238,6.579649999998916
19.1,6.580349999998917,6.609039846763342,6.644792873310238,6.580349999998917
19.102,6.581049999998916,6.609739846763342,6.645492873310238,6.581049999998916
19.104,6.581749999998916,6.610439846763342,6.646192873310238,6.581749999998916
19.106,6.582449999998916,6.611139846763342,6.646892873310238,6.582449999998916
19.108,6.583149999998915,6.611839846763342,6.647592873310238,6.583149999998915
19.11,6.5838499999989155,6.612539846763341,6.648292873310237,6.5838499999989155
19.112,6.584549999998916,6.613239846763341,6.648992873310237,6.584549999998916
19.114,6.585249999998915,6.6139398467633415,6.6496928733102365,6.585249999998915
19.116,6.585949999998915,6.614639846763341,6.650392873310237,6.585949999998915
19.118,6.586649999998914,6.615339846763341,6.651092873310237,6.586649999998914
19.12,6.5873499999989145,6.61603984676334,6.651792873310236,6.5873499999989145
19.122,6.588049999998915,6.61673984676334,6.652492873310236,6.588049999998915
19.124,6.588749999998914,6.61743984676334,6.653192873310236,6.588749999998914
19.126,6.589449999998914,6.61813984676334,6.653892873310236,6.589449999998914
19.128,6.590149999998914,6.61883984676334,6.654592873310236,6.590149999998914
19.13,6.590849999998913,6.61953984676334,6.655292873310236,6.590849999998913
19.132,6.591549999998914,6.620239846763339,6.655992873310235,6.591549999998914
19.134,6.592249999998914,6.620939846763339,6.656692873310235,6.592249999998914
19.136,6.592949999998913,6.6216398467633395,6.6573928733102345,6.592949999998913
19.138,6.593649999998913,6.622339846763339,6.658092873310235,6.593649999998913
19.14,6.594349999998912,6.623039846763339,6.658792873310235,6.594349999998912
19.142,6.5950499999989125,6.623739846763338,6.659492873310234,6.5950499999989125
19.144,6.595749999998913,6.624439846763338,6.660192873310234,6.595749999998913
19.146,6.596449999998912,6.6251398467633384,6.660892873310234,6.596449999998912
19.148,6.597149999998912,6.625839846763338,6.661592873310234,6.597149999998912
19.15,6.597849999998912,6.626539846763338,6.662292873310234,6.597849999998912
19.152,6.5985499999989115,6.627239846763338,6.662992873310233,6.5985499999989115
19.154,6.599249999998912,6.627939846763337,6.663692873310233,6.599249999998912
19.156,6.599949999998911,6.628639846763337,6.664392873310233,6.599949999998911
19.158,6.600649999998911,6.629339846763337,6.665092873310233,6.600649999998911
19.16,6.601349999998911,6.630039846763337,6.665792873310233,6.601349999998911
19.162,6.60204999999891,6.630739846763337,6.666492873310233,6.60204999999891
19.164,6.6027499999989105,6.631439846763336,6.667192873310232,6.6027499999989105
19.166,6.603449999998911,6.632139846763336,6.667892873310232,6.603449999998911
19.168,6.60414999999891,6.6328398467633365,6.668592873310232,6.60414999999891
19.17,6.60484999999891,6.633539846763336,6.669292873310232,6.60484999999891
19.172,6.60554999999891,6.634239846763336,6.669992873310232,6.60554999999891
19.174,6.6062499999989095,6.634939846763336,6.670692873310231,6.6062499999989095
19.176,6.60694999999891,6.635639846763335,6.671392873310231,6.60694999999891
19.178,6.607649999998909,6.636339846763335,6.672092873310231,6.607649999998909
19.18,6.608349999998909,6.637039846763335,6.672792873310231,6.608349999998909
19.182,6.609049999998909,6.637739846763335,6.673492873310231,6.609049999998909
19.184,6.609749999998908,6.638439846763335,6.674192873310231,6.609749999998908
19.186,6.610449999998909,6.639139846763334,6.67489287331023,6.610449999998909
19.188,6.611149999998909,6.639839846763334,6.67559287331023,6.611149999998909
19.19,6.611849999998908,6.6405398467633345,6.67629287331023,6.611849999998908
19.192,6.612549999998908,6.641239846763334,6.67699287331023,6.612549999998908
19.194,6.613249999998907,6.641939846763334,6.67769287331023,6.613249999998907
19.196,6.6139499999989075,6.642639846763333,6.678392873310229,6.6139499999989075
19.198,6.614649999998908,6.643339846763333,6.679092873310229,6.614649999998908
19.2,6.615349999998907,6.6440398467633335,6.679792873310229,6.615349999998907
19.202,6.616049999998907,6.644739846763333,6.680492873310229,6.616049999998907
19.204,6.616749999998907,6.645439846763333,6.681192873310229,6.616749999998907
19.206,6.6174499999989065,6.646139846763333,6.681892873310229,6.6174499999989065
19.208,6.618149999998907,6.646839846763332,6.682592873310228,6.618149999998907
19.21,6.618849999998907,6.647539846763332,6.683292873310228,6.618849999998907
19.212,6.619549999998906,6.648239846763333,6.683992873310228,6.619549999998906
19.214,6.620249999998906,6.648939846763332,6.684692873310228,6.620249999998906
19.216,6.620949999998905,6.649639846763332,6.685392873310228,6.620949999998905
19.218,6.621649999998906,6.650339846763331,6.686092873310227,6.621649999998906
19.22,6.622349999998906,6.651039846763331,6.686792873310227,6.622349999998906
19.222,6.623049999998905,6.6517398467633315,6.6874928733102275,6.623049999998905
19.224,6.623749999998905,6.652439846763331,6.688192873310227,6.623749999998905
19.226,6.624449999998905,6.653139846763331,6.688892873310227,6.624449999998905
19.228,6.6251499999989045,6.653839846763331,6.689592873310227,6.6251499999989045
19.23,6.625849999998905,6.65453984676333,6.690292873310226,6.625849999998905
19.232,6.626549999998905,6.6552398467633305,6.690992873310226,6.626549999998905
19.234,6.627249999998904,6.65593984676333,6.691692873310226,6.627249999998904
19.236,6.627949999998904,6.65663984676333,6.692392873310226,6.627949999998904
19.238,6.6286499999989035,6.65733984676333,6.693092873310226,6.6286499999989035
19.24,6.629349999998904,6.658039846763329,6.693792873310225,6.629349999998904
19.242,6.630049999998904,6.658739846763329,6.694492873310225,6.630049999998904
19.244,6.630749999998903,6.65943984676333,6.6951928733102255,6.630749999998903
19.246,6.631449999998903,6.660139846763329,6.695892873310225,6.631449999998903
19.248,6.632149999998903,6.660839846763329,6.696592873310225,6.632149999998903
19.25,6.632849999998903,6.661539846763329,6.697292873310224,6.632849999998903
19.252,6.633549999998903,6.662239846763328,6.697992873310224,6.633549999998903
19.254,6.634249999998902,6.6629398467633285,6.6986928733102244,6.634249999998902
19.256,6.634949999998902,6.663639846763328,6.699392873310224,6.634949999998902
19.258,6.635649999998902,6.664339846763328,6.700092873310224,6.635649999998902
19.26,6.6363499999989015,6.665039846763328,6.700792873310224,6.6363499999989015
19.262,6.637049999998902,6.665739846763327,6.701492873310223,6.637049999998902
19.264,6.637749999998902,6.6664398467633275,6.702192873310223,6.637749999998902
19.266,6.638449999998901,6.667139846763328,6.7028928733102235,6.638449999998901
19.268,6.639149999998901,6.667839846763327,6.703592873310223,6.639149999998901
19.27,6.639849999998901,6.668539846763327,6.704292873310223,6.639849999998901
19.272,6.640549999998901,6.669239846763327,6.704992873310222,6.640549999998901
19.274,6.641249999998901,6.669939846763326,6.705692873310222,6.641249999998901
19.276,6.6419499999989,6.6706398467633266,6.7063928733102225,6.6419499999989
19.278,6.6426499999989,6.671339846763326,6.707092873310222,6.6426499999989
19.28,6.6433499999989,6.672039846763326,6.707792873310222,6.6433499999989
19.282,6.6440499999989,6.672739846763326,6.708492873310222,6.6440499999989
19.284,6.6447499999989,6.673439846763325,6.709192873310221,6.6447499999989
19.286,6.6454499999989,6.6741398467633255,6.709892873310221,6.6454499999989
19.288,6.646149999998899,6.674839846763326,6.710592873310221,6.646149999998899
19.29,6.646849999998899,6.675539846763325,6.711292873310221,6.646849999998899
19.292,6.6475499999988985,6.676239846763325,6.711992873310221,6.6475499999988985
19.294,6.648249999998899,6.676939846763324,6.71269287331022,6.648249999998899
19.296,6.648949999998899,6.6776398467633244,6.71339287331022,6.648949999998899
19.298,6.649649999998898,6.678339846763325,6.7140928733102205,6.649649999998898
19.3,6.650349999998898,6.679039846763324,6.71479287331022,6.650349999998898
19.302,6.651049999998898,6.679739846763324,6.71549287331022,6.651049999998898
19.304,6.651749999998898,6.680439846763324,6.71619287331022,6.651749999998898
19.306,6.652449999998898,6.681139846763323,6.716892873310219,6.652449999998898
19.308,6.653149999998898,6.6818398467633235,6.7175928733102195,6.653149999998898
19.31,6.653849999998897,6.682539846763324,6.718292873310219,6.653849999998897
19.312,6.654549999998897,6.683239846763323,6.718992873310219,6.654549999998897
19.314,6.6552499999988965,6.683939846763323,6.719692873310219,6.6552499999988965
19.316,6.655949999998897,6.684639846763322,6.720392873310218,6.655949999998897
19.318,6.656649999998897,6.6853398467633225,6.721092873310218,6.656649999998897
19.32,6.657349999998896,6.686039846763323,6.721792873310219,6.657349999998896
19.322,6.658049999998896,6.686739846763322,6.722492873310218,6.658049999998896
19.324,6.658749999998896,6.687439846763322,6.723192873310218,6.658749999998896
19.326,6.659449999998896,6.688139846763322,6.723892873310217,6.659449999998896
19.328,6.660149999998896,6.688839846763321,6.724592873310217,6.660149999998896
19.33,6.660849999998895,6.689539846763322,6.7252928733102175,6.660849999998895
19.332,6.661549999998895,6.690239846763321,6.725992873310217,6.661549999998895
19.334,6.662249999998895,6.690939846763321,6.726692873310217,6.662249999998895
19.336,6.662949999998895,6.691639846763321,6.727392873310217,6.662949999998895
19.338,6.663649999998895,6.69233984676332,6.728092873310216,6.663649999998895
19.34,6.664349999998895,6.6930398467633205,6.7287928733102165,6.664349999998895
19.342,6.665049999998894,6.693739846763321,6.729492873310217,6.665049999998894
19.344,6.665749999998894,6.69443984676332,6.730192873310216,6.665749999998894
19.346,6.666449999998894,6.69513984676332,6.730892873310216,6.666449999998894
19.348,6.667149999998894,6.69583984676332,6.731592873310215,6.667149999998894
19.35,6.667849999998894,6.6965398467633195,6.732292873310215,6.667849999998894
19.352,6.668549999998893,6.69723984676332,6.732992873310216,6.668549999998893
19.354,6.669249999998893,6.697939846763319,6.733692873310215,6.669249999998893
19.356,6.669949999998893,6.698639846763319,6.734392873310215,6.669949999998893
19.358,6.670649999998893,6.699339846763319,6.735092873310215,6.670649999998893
19.36,6.671349999998893,6.700039846763318,6.735792873310214,6.671349999998893
19.362,6.672049999998893,6.700739846763319,6.7364928733102145,6.672049999998893
19.364,6.672749999998892,6.701439846763319,6.737192873310214,6.672749999998892
19.366,6.673449999998892,6.702139846763318,6.737892873310214,6.673449999998892
19.368,6.674149999998892,6.702839846763318,6.738592873310214,6.674149999998892
19.37,6.674849999998892,6.703539846763317,6.739292873310213,6.674849999998892
19.372,6.675549999998892,6.7042398467633175,6.7399928733102135,6.675549999998892
19.374,6.676249999998891,6.704939846763318,6.740692873310214,6.676249999998891
19.376,6.676949999998891,6.705639846763317,6.741392873310213,6.676949999998891
19.378,6.677649999998891,6.706339846763317,6.742092873310213,6.677649999998891
19.38,6.678349999998891,6.707039846763317,6.742792873310213,6.678349999998891
19.382,6.679049999998891,6.7077398467633165,6.743492873310212,6.679049999998891
19.384,6.679749999998891,6.708439846763317,6.7441928733102126,6.679749999998891
19.386,6.68044999999889,6.709139846763317,6.744892873310212,6.68044999999889
19.388,6.68114999999889,6.709839846763316,6.745592873310212,6.68114999999889
19.39,6.68184999999889,6.710539846763316,6.746292873310212,6.68184999999889
19.392,6.68254999999889,6.711239846763315,6.746992873310211,6.68254999999889
19.394,6.68324999999889,6.711939846763316,6.7476928733102115,6.68324999999889
19.396,6.683949999998889,6.712639846763316,6.748392873310212,6.683949999998889
19.398,6.684649999998889,6.713339846763315,6.749092873310211,6.684649999998889
19.4,6.6853499999988895,6.714039846763315,6.749792873310211,6.6853499999988895
19.402,6.686049999998889,6.714739846763315,6.75049287331021,6.686049999998889
19.404,6.686749999998889,6.7154398467633145,6.7511928733102105,6.686749999998889
19.406,6.687449999998888,6.716139846763315,6.751892873310211,6.687449999998888
19.408,6.688149999998888,6.716839846763314,6.75259287331021,6.688149999998888
19.41,6.688849999998888,6.717539846763314,6.75329287331021,6.688849999998888
19.412,6.689549999998888,6.718239846763314,6.75399287331021,6.689549999998888
19.414,6.690249999998888,6.7189398467633135,6.754692873310209,6.690249999998888
19.416,6.690949999998888,6.719639846763314,6.7553928733102095,6.690949999998888
19.418,6.691649999998887,6.720339846763314,6.75609287331021,6.691649999998887
19.42,6.692349999998887,6.721039846763313,6.756792873310209,6.692349999998887
19.422,6.6930499999988875,6.721739846763313,6.757492873310209,6.6930499999988875
19.424,6.693749999998887,6.722439846763313,6.758192873310208,6.693749999998887
19.426,6.694449999998887,6.7231398467633126,6.7588928733102085,6.694449999998887
19.428,6.695149999998886,6.723839846763313,6.759592873310209,6.695149999998886
19.43,6.695849999998886,6.724539846763312,6.760292873310208,6.695849999998886
19.432,6.6965499999988864,6.725239846763312,6.760992873310208,6.6965499999988864
19.434,6.697249999998886,6.725939846763312,6.761692873310208,6.697249999998886
19.436,6.697949999998886,6.7266398467633115,6.762392873310207,6.697949999998886
19.438,6.698649999998886,6.727339846763312,6.763092873310208,6.698649999998886
19.44,6.699349999998885,6.728039846763312,6.763792873310207,6.699349999998885
19.442,6.700049999998885,6.728739846763311,6.764492873310207,6.700049999998885
19.444,6.7007499999988855,6.729439846763311,6.765192873310207,6.7007499999988855
19.446,6.701449999998885,6.7301398467633105,6.765892873310206,6.701449999998885
19.448,6.702149999998885,6.730839846763311,6.7665928733102065,6.702149999998885
19.45,6.702849999998884,6.731539846763311,6.767292873310207,6.702849999998884
19.452,6.703549999998884,6.73223984676331,6.767992873310206,6.703549999998884
19.454,6.7042499999988845,6.73293984676331,6.768692873310206,6.7042499999988845
19.456,6.704949999998884,6.73363984676331,6.769392873310206,6.704949999998884
19.458,6.705649999998884,6.7343398467633095,6.7700928733102055,6.705649999998884
19.46,6.706349999998884,6.73503984676331,6.770792873310206,6.706349999998884
19.462,6.707049999998883,6.73573984676331,6.771492873310205,6.707049999998883
19.464,6.707749999998883,6.736439846763309,6.772192873310205,6.707749999998883
19.466,6.708449999998883,6.737139846763309,6.772892873310205,6.708449999998883
19.468,6.709149999998883,6.7378398467633085,6.773592873310204,6.709149999998883
19.47,6.709849999998883,6.738539846763309,6.774292873310205,6.709849999998883
19.472,6.710549999998882,6.739239846763309,6.774992873310205,6.710549999998882
19.474,6.711249999998882,6.739939846763308,6.775692873310204,6.711249999998882
19.476,6.7119499999988825,6.740639846763308,6.776392873310204,6.7119499999988825
19.478,6.712649999998882,6.741339846763308,6.777092873310204,6.712649999998882
19.48,6.713349999998882,6.742039846763308,6.7777928733102035,6.713349999998882
19.482,6.714049999998882,6.742739846763308,6.778492873310204,6.714049999998882
19.484,6.714749999998881,6.743439846763307,6.779192873310203,6.714749999998881
19.486,6.7154499999988815,6.744139846763307,6.779892873310203,6.7154499999988815
19.488,6.716149999998881,6.744839846763307,6.780592873310203,6.716149999998881
19.49,6.716849999998881,6.7455398467633065,6.7812928733102025,6.716849999998881
19.492,6.717549999998881,6.746239846763307,6.781992873310203,6.717549999998881
19.494,6.71824999999888,6.746939846763307,6.782692873310203,6.71824999999888
19.496,6.71894999999888,6.747639846763306,6.783392873310202,6.71894999999888
19.498,6.719649999998881,6.748339846763306,6.784092873310202,6.719649999998881
19.5,6.72034999999888,6.749039846763306,6.784792873310201,6.72034999999888
19.502,6.72104999999888,6.749739846763306,6.785492873310202,6.72104999999888
19.504,6.721749999998879,6.750439846763306,6.786192873310202,6.721749999998879
19.506,6.722449999998879,6.751139846763305,6.786892873310201,6.722449999998879
19.508,6.7231499999988795,6.751839846763305,6.787592873310201,6.7231499999988795
19.51,6.723849999998879,6.752539846763305,6.788292873310201,6.723849999998879
19.512,6.724549999998879,6.753239846763305,6.7889928733102005,6.724549999998879
19.514,6.725249999998879,6.753939846763305,6.789692873310201,6.725249999998879
19.516,6.725949999998878,6.754639846763305,6.790392873310201,6.725949999998878
19.518,6.7266499999988785,6.755339846763304,6.7910928733102,6.7266499999988785
19.52,6.727349999998879,6.756039846763304,6.7917928733102,6.727349999998879
19.522,6.728049999998878,6.756739846763304,6.7924928733101995,6.728049999998878
19.524,6.728749999998878,6.757439846763304,6.7931928733102,6.728749999998878
19.526,6.729449999998877,6.758139846763304,6.7938928733102,6.729449999998877
19.528,6.730149999998877,6.758839846763303,6.794592873310199,6.730149999998877
19.53,6.730849999998878,6.759539846763303,6.795292873310199,6.730849999998878
19.532,6.731549999998877,6.760239846763303,6.795992873310199,6.731549999998877
19.534,6.732249999998877,6.760939846763303,6.796692873310199,6.732249999998877
19.536,6.732949999998877,6.761639846763303,6.797392873310199,6.732949999998877
19.538,6.733649999998876,6.762339846763303,6.798092873310198,6.733649999998876
19.54,6.7343499999988765,6.763039846763302,6.798792873310198,6.7343499999988765
19.542,6.735049999998876,6.763739846763302,6.799492873310198,6.735049999998876
19.544,6.735749999998876,6.764439846763302,6.8001928733101975,6.735749999998876
19.546,6.736449999998876,6.765139846763302,6.800892873310198,6.736449999998876
19.548,6.737149999998875,6.765839846763302,6.801592873310198,6.737149999998875
19.55,6.7378499999988755,6.766539846763301,6.802292873310197,6.7378499999988755
19.552,6.738549999998876,6.767239846763301,6.802992873310197,6.738549999998876
19.554,6.739249999998875,6.767939846763301,6.803692873310197,6.739249999998875
19.556,6.739949999998875,6.768639846763301,6.804392873310197,6.739949999998875
19.558,6.740649999998875,6.769339846763301,6.805092873310197,6.740649999998875
19.56,6.741349999998874,6.770039846763301,6.805792873310196,6.741349999998874
19.562,6.7420499999988746,6.7707398467633,6.806492873310196,6.7420499999988746
19.564,6.742749999998874,6.7714398467633,6.807192873310196,6.742749999998874
19.566,6.743449999998874,6.7721398467633,6.8078928733101955,6.743449999998874
19.568,6.744149999998874,6.7728398467633,6.808592873310196,6.744149999998874
19.57,6.744849999998873,6.7735398467633,6.809292873310196,6.744849999998873
19.572,6.7455499999988735,6.774239846763299,6.809992873310195,6.7455499999988735
19.574,6.746249999998874,6.774939846763299,6.810692873310195,6.746249999998874
19.576,6.746949999998873,6.7756398467632994,6.8113928733101945,6.746949999998873
19.578,6.747649999998873,6.776339846763299,6.812092873310195,6.747649999998873
19.58,6.748349999998872,6.777039846763299,6.812792873310195,6.748349999998872
19.582,6.7490499999988725,6.777739846763298,6.813492873310194,6.7490499999988725
19.584,6.749749999998873,6.778439846763298,6.814192873310194,6.749749999998873
19.586,6.750449999998872,6.779139846763298,6.814892873310194,6.750449999998872
19.588,6.751149999998872,6.779839846763298,6.815592873310194,6.751149999998872
19.59,6.751849999998872,6.780539846763298,6.816292873310194,6.751849999998872
19.592,6.752549999998871,6.781239846763298,6.816992873310194,6.752549999998871
19.594,6.7532499999988715,6.781939846763297,6.817692873310193,6.7532499999988715
19.596,6.753949999998872,6.782639846763297,6.818392873310193,6.753949999998872
19.598,6.754649999998871,6.7833398467632975,6.8190928733101925,6.754649999998871
19.6,6.755349999998871,6.784039846763297,6.819792873310193,6.755349999998871
19.602,6.75604999999887,6.784739846763297,6.820492873310193,6.75604999999887
19.604,6.7567499999988705,6.785439846763296,6.821192873310192,6.7567499999988705
19.606,6.757449999998871,6.786139846763296,6.821892873310192,6.757449999998871
19.608,6.75814999999887,6.786839846763296,6.822592873310192,6.75814999999887
19.61,6.75884999999887,6.787539846763296,6.823292873310192,6.75884999999887
19.612,6.75954999999887,6.788239846763296,6.823992873310192,6.75954999999887
19.614,6.760249999998869,6.788939846763296,6.824692873310191,6.760249999998869
19.616,6.76094999999887,6.789639846763295,6.825392873310191,6.76094999999887
19.618,6.761649999998869,6.790339846763295,6.826092873310191,6.761649999998869
19.62,6.762349999998869,6.791039846763295,6.826792873310191,6.762349999998869
19.622,6.763049999998869,6.791739846763295,6.827492873310191,6.763049999998869
19.624,6.763749999998868,6.792439846763295,6.828192873310191,6.763749999998868
19.626,6.7644499999988685,6.793139846763294,6.82889287331019,6.7644499999988685
19.628,6.765149999998869,6.793839846763294,6.82959287331019,6.765149999998869
19.63,6.765849999998868,6.7945398467632945,6.83029287331019,6.765849999998868
19.632,6.766549999998868,6.795239846763294,6.83099287331019,6.766549999998868
19.634,6.767249999998868,6.795939846763294,6.83169287331019,6.767249999998868
19.636,6.7679499999988675,6.796639846763294,6.832392873310189,6.7679499999988675
19.638,6.768649999998868,6.797339846763293,6.833092873310189,6.768649999998868
19.64,6.769349999998867,6.798039846763293,6.833792873310189,6.769349999998867
19.642,6.770049999998867,6.798739846763293,6.834492873310189,6.770049999998867
19.644,6.770749999998867,6.799439846763293,6.835192873310189,6.770749999998867
19.646,6.771449999998866,6.800139846763293,6.835892873310189,6.771449999998866
19.648,6.772149999998867,6.800839846763292,6.836592873310188,6.772149999998867
19.65,6.772849999998867,6.801539846763292,6.837292873310188,6.772849999998867
19.652,6.773549999998866,6.8022398467632925,6.837992873310188,6.773549999998866
19.654,6.774249999998866,6.802939846763292,6.838692873310188,6.774249999998866
19.656,6.774949999998865,6.803639846763292,6.839392873310188,6.774949999998865
19.658,6.7756499999988655,6.804339846763291,6.840092873310187,6.7756499999988655
19.66,6.776349999998866,6.805039846763291,6.840792873310187,6.776349999998866
19.662,6.777049999998865,6.8057398467632915,6.841492873310187,6.777049999998865
19.664,6.777749999998865,6.806439846763291,6.842192873310187,6.777749999998865
19.666,6.778449999998865,6.807139846763291,6.842892873310187,6.778449999998865
19.668,6.7791499999988645,6.807839846763291,6.843592873310187,6.7791499999988645
19.67,6.779849999998865,6.80853984676329,6.844292873310186,6.779849999998865
19.672,6.780549999998865,6.80923984676329,6.844992873310186,6.780549999998865
19.674,6.781249999998864,6.809939846763291,6.845692873310186,6.781249999998864
19.676,6.781949999998864,6.81063984676329,6.846392873310186,6.781949999998864
19.678,6.782649999998863,6.81133984676329,6.847092873310186,6.782649999998863
19.68,6.783349999998864,6.812039846763289,6.847792873310185,6.783349999998864
19.682,6.784049999998864,6.812739846763289,6.848492873310185,6.784049999998864
19.684,6.784749999998863,6.8134398467632895,6.8491928733101854,6.784749999998863
19.686,6.785449999998863,6.814139846763289,6.849892873310185,6.785449999998863
19.688,6.786149999998863,6.814839846763289,6.850592873310185,6.786149999998863
19.69,6.7868499999988625,6.815539846763289,6.851292873310184,6.7868499999988625
19.692,6.787549999998863,6.816239846763288,6.851992873310184,6.787549999998863
19.694,6.788249999998863,6.8169398467632885,6.852692873310184,6.788249999998863
19.696,6.788949999998862,6.817639846763288,6.853392873310184,6.788949999998862
19.698,6.789649999998862,6.818339846763288,6.854092873310184,6.789649999998862
19.7,6.7903499999988615,6.819039846763288,6.854792873310184,6.7903499999988615
19.702,6.791049999998862,6.819739846763287,6.855492873310183,6.791049999998862
19.704,6.791749999998862,6.820439846763287,6.856192873310183,6.791749999998862
19.706,6.792449999998861,6.8211398467632876,6.8568928733101835,6.792449999998861
19.708,6.793149999998861,6.821839846763287,6.857592873310183,6.793149999998861
19.71,6.793849999998861,6.822539846763287,6.858292873310183,6.793849999998861
19.712,6.794549999998861,6.823239846763287,6.858992873310182,6.794549999998861
19.714,6.795249999998861,6.823939846763286,6.859692873310182,6.795249999998861
19.716,6.79594999999886,6.8246398467632865,6.860392873310182,6.79594999999886
19.718,6.79664999999886,6.825339846763286,6.861092873310182,6.79664999999886
19.72,6.79734999999886,6.826039846763286,6.861792873310182,6.79734999999886
19.722,6.7980499999988595,6.826739846763286,6.862492873310182,6.7980499999988595
19.724,6.79874999999886,6.827439846763285,6.863192873310181,6.79874999999886
19.726,6.79944999999886,6.8281398467632854,6.863892873310181,6.79944999999886
19.728,6.800149999998859,6.828839846763286,6.8645928733101815,6.800149999998859
19.73,6.800849999998859,6.829539846763285,6.865292873310181,6.800849999998859
19.732,6.801549999998859,6.830239846763285,6.865992873310181,6.801549999998859
19.734,6.802249999998859,6.830939846763284,6.86669287331018,6.802249999998859
19.736,6.802949999998859,6.831639846763284,6.86739287331018,6.802949999998859
19.738,6.803649999998858,6.8323398467632845,6.8680928733101805,6.803649999998858
19.74,6.804349999998858,6.833039846763284,6.86879287331018,6.804349999998858
19.742,6.805049999998858,6.833739846763284,6.86949287331018,6.805049999998858
19.744,6.8057499999988575,6.834439846763284,6.87019287331018,6.8057499999988575
19.746,6.806449999998858,6.835139846763283,6.870892873310179,6.806449999998858
19.748,6.807149999998858,6.8358398467632835,6.871592873310179,6.807149999998858
19.75,6.807849999998857,6.836539846763284,6.872292873310179,6.807849999998857
19.752,6.808549999998857,6.837239846763283,6.872992873310179,6.808549999998857
19.754,6.8092499999988565,6.837939846763283,6.873692873310179,6.8092499999988565
19.756,6.809949999998857,6.838639846763282,6.874392873310178,6.809949999998857
19.758,6.810649999998857,6.839339846763282,6.875092873310178,6.810649999998857
19.76,6.811349999998856,6.840039846763283,6.8757928733101785,6.811349999998856
19.762,6.812049999998856,6.840739846763282,6.876492873310178,6.812049999998856
19.764,6.812749999998856,6.841439846763282,6.877192873310178,6.812749999998856
19.766,6.813449999998856,6.842139846763282,6.877892873310178,6.813449999998856
19.768,6.814149999998856,6.842839846763281,6.878592873310177,6.814149999998856
19.77,6.814849999998856,6.8435398467632815,6.8792928733101775,6.814849999998856
19.772,6.815549999998855,6.844239846763282,6.879992873310177,6.815549999998855
19.774,6.816249999998855,6.844939846763281,6.880692873310177,6.816249999998855
19.776,6.8169499999988545,6.845639846763281,6.881392873310177,6.8169499999988545
19.778,6.817649999998855,6.84633984676328,6.882092873310176,6.817649999998855
19.78,6.818349999998855,6.8470398467632805,6.882792873310176,6.818349999998855
19.782,6.819049999998854,6.847739846763281,6.883492873310177,6.819049999998854
19.784,6.819749999998854,6.84843984676328,6.884192873310176,6.819749999998854
19.786,6.820449999998854,6.84913984676328,6.884892873310176,6.820449999998854
19.788,6.821149999998854,6.84983984676328,6.885592873310175,6.821149999998854
19.79,6.821849999998854,6.850539846763279,6.886292873310175,6.821849999998854
19.792,6.822549999998853,6.85123984676328,6.8869928733101755,6.822549999998853
19.794,6.823249999998853,6.851939846763279,6.887692873310175,6.823249999998853
19.796,6.823949999998853,6.852639846763279,6.888392873310175,6.823949999998853
19.798,6.824649999998853,6.853339846763279,6.889092873310175,6.824649999998853
19.8,6.825349999998853,6.854039846763278,6.889792873310174,6.825349999998853
19.802,6.826049999998853,6.8547398467632785,6.8904928733101745,6.826049999998853
19.804,6.826749999998852,6.855439846763279,6.891192873310175,6.826749999998852
19.806,6.827449999998852,6.856139846763278,6.891892873310174,6.827449999998852
19.808,6.828149999998852,6.856839846763278,6.892592873310174,6.828149999998852
19.81,6.828849999998852,6.857539846763278,6.893292873310173,6.828849999998852
19.812,6.829549999998852,6.8582398467632775,6.893992873310173,6.829549999998852
19.814,6.830249999998851,6.858939846763278,6.8946928733101736,6.830249999998851
19.816,6.830949999998851,6.859639846763277,6.895392873310173,6.830949999998851
19.818,6.831649999998851,6.860339846763277,6.896092873310173,6.831649999998851
19.82,6.832349999998851,6.861039846763277,6.896792873310173,6.832349999998851
19.822,6.833049999998851,6.861739846763276,6.897492873310172,6.833049999998851
19.824,6.833749999998851,6.862439846763277,6.8981928733101725,6.833749999998851
19.826,6.83444999999885,6.863139846763277,6.898892873310172,6.83444999999885
19.828,6.83514999999885,6.863839846763276,6.899592873310172,6.83514999999885
19.83,6.83584999999885,6.864539846763276,6.900292873310172,6.83584999999885
19.832,6.83654999999885,6.865239846763275,6.900992873310171,6.83654999999885
19.834,6.83724999999885,6.8659398467632755,6.9016928733101714,6.83724999999885
19.836,6.837949999998849,6.866639846763276,6.902392873310172,6.837949999998849
19.838,6.838649999998849,6.867339846763275,6.903092873310171,6.838649999998849
19.84,6.839349999998849,6.868039846763275,6.903792873310171,6.839349999998849
19.842,6.840049999998849,6.868739846763275,6.904492873310171,6.840049999998849
19.844,6.840749999998849,6.8694398467632745,6.90519287331017,6.840749999998849
19.846,6.841449999998849,6.870139846763275,6.9058928733101705,6.841449999998849
19.848,6.842149999998848,6.870839846763275,6.90659287331017,6.842149999998848
19.85,6.842849999998848,6.871539846763274,6.90729287331017,6.842849999998848
19.852,6.843549999998848,6.872239846763274,6.90799287331017,6.843549999998848
19.854,6.844249999998848,6.872939846763273,6.908692873310169,6.844249999998848
19.856,6.844949999998848,6.8736398467632736,6.9093928733101695,6.844949999998848
19.858,6.845649999998847,6.874339846763274,6.91009287331017,6.845649999998847
19.86,6.846349999998847,6.875039846763273,6.910792873310169,6.846349999998847
19.862,6.8470499999988474,6.875739846763273,6.911492873310169,6.8470499999988474
19.864,6.847749999998847,6.876439846763273,6.912192873310168,6.847749999998847
19.866,6.848449999998847,6.8771398467632725,6.912892873310168,6.848449999998847
19.868,6.849149999998846,6.877839846763273,6.913592873310169,6.849149999998846
19.87,6.849849999998846,6.878539846763272,6.914292873310168,6.849849999998846
19.872,6.850549999998846,6.879239846763272,6.914992873310168,6.850549999998846
19.874,6.851249999998846,6.879939846763272,6.915692873310168,6.851249999998846
19.876,6.851949999998846,6.8806398467632714,6.916392873310167,6.851949999998846
19.878,6.852649999998846,6.881339846763272,6.9170928733101675,6.852649999998846
19.88,6.853349999998845,6.882039846763272,6.917792873310168,6.853349999998845
19.882,6.854049999998845,6.882739846763271,6.918492873310167,6.854049999998845
19.884,6.8547499999988455,6.883439846763271,6.919192873310167,6.8547499999988455
19.886,6.855449999998845,6.884139846763271,6.919892873310166,6.855449999998845
19.888,6.856149999998845,6.8848398467632705,6.9205928733101665,6.856149999998845
19.89,6.856849999998844,6.885539846763271,6.921292873310167,6.856849999998844
19.892,6.857549999998844,6.88623984676327,6.921992873310166,6.857549999998844
19.894,6.858249999998844,6.88693984676327,6.922692873310166,6.858249999998844
19.896,6.858949999998844,6.88763984676327,6.923392873310166,6.858949999998844
19.898,6.859649999998844,6.8883398467632695,6.924092873310165,6.859649999998844
19.9,6.860349999998844,6.88903984676327,6.924792873310166,6.860349999998844
19.902,6.861049999998843,6.88973984676327,6.925492873310165,6.861049999998843
19.904,6.861749999998843,6.890439846763269,6.926192873310165,6.861749999998843
19.906,6.862449999998843,6.891139846763269,6.926892873310165,6.862449999998843
19.908,6.863149999998843,6.891839846763268,6.927592873310164,6.863149999998843
19.91,6.863849999998843,6.892539846763269,6.9282928733101645,6.863849999998843
19.912,6.864549999998842,6.893239846763269,6.928992873310165,6.864549999998842
19.914,6.865249999998842,6.893939846763268,6.929692873310164,6.865249999998842
19.916,6.8659499999988425,6.894639846763268,6.930392873310164,6.8659499999988425
19.918,6.866649999998842,6.895339846763268,6.931092873310164,6.866649999998842
19.92,6.867349999998842,6.8960398467632675,6.9317928733101635,6.867349999998842
19.922,6.868049999998842,6.896739846763268,6.932492873310164,6.868049999998842
19.924,6.868749999998841,6.897439846763268,6.933192873310163,6.868749999998841
19.926,6.869449999998841,6.898139846763267,6.933892873310163,6.869449999998841
19.928,6.870149999998841,6.898839846763267,6.934592873310163,6.870149999998841
19.93,6.870849999998841,6.8995398467632665,6.935292873310162,6.870849999998841
19.932,6.871549999998841,6.900239846763267,6.935992873310163,6.871549999998841
19.934,6.87224999999884,6.900939846763267,6.936692873310163,6.87224999999884
19.936,6.87294999999884,6.901639846763266,6.937392873310162,6.87294999999884
19.938,6.8736499999988405,6.902339846763266,6.938092873310162,6.8736499999988405
19.94,6.87434999999884,6.903039846763266,6.938792873310161,6.87434999999884
19.942,6.87504999999884,6.903739846763266,6.9394928733101615,6.87504999999884
19.944,6.87574999999884,6.904439846763266,6.940192873310162,6.87574999999884
19.946,6.876449999998839,6.905139846763265,6.940892873310161,6.876449999998839
19.948,6.8771499999988395,6.905839846763265,6.941592873310161,6.8771499999988395
19.95,6.877849999998839,6.906539846763265,6.942292873310161,6.877849999998839
19.952,6.878549999998839,6.9072398467632645,6.9429928733101605,6.878549999998839
19.954,6.879249999998839,6.907939846763265,6.943692873310161,6.879249999998839
19.956,6.879949999998838,6.908639846763265,6.944392873310161,6.879949999998838
19.958,6.880649999998838,6.909339846763264,6.94509287331016,6.880649999998838
19.96,6.881349999998839,6.910039846763264,6.94579287331016,6.881349999998839
19.962,6.882049999998838,6.910739846763264,6.946492873310159,6.882049999998838
19.964,6.882749999998838,6.911439846763264,6.9471928733101596,6.882749999998838
19.966,6.883449999998837,6.912139846763264,6.94789287331016,6.883449999998837
19.968,6.884149999998837,6.912839846763263,6.948592873310159,6.884149999998837
19.97,6.8848499999988375,6.913539846763263,6.949292873310159,6.8848499999988375
19.972,6.885549999998837,6.914239846763263,6.949992873310159,6.885549999998837
19.974,6.886249999998837,6.914939846763263,6.9506928733101585,6.886249999998837
19.976,6.886949999998837,6.915639846763263,6.951392873310159,6.886949999998837
19.978,6.887649999998836,6.916339846763263,6.952092873310159,6.887649999998836
19.98,6.8883499999988365,6.917039846763262,6.952792873310158,6.8883499999988365
19.982,6.889049999998837,6.917739846763262,6.953492873310158,6.889049999998837
19.984,6.889749999998836,6.9184398467632615,6.9541928733101575,6.889749999998836
19.986,6.890449999998836,6.919139846763262,6.954892873310158,6.890449999998836
19.988,6.891149999998835,6.919839846763262,6.955592873310158,6.891149999998835
19.99,6.891849999998835,6.920539846763261,6.956292873310157,6.891849999998835
19.992,6.8925499999988356,6.921239846763261,6.956992873310157,6.8925499999988356
19.994,6.893249999998835,6.921939846763261,6.957692873310157,6.893249999998835
19.996,6.893949999998835,6.922639846763261,6.9583928733101565,6.893949999998835
19.998,6.894649999998835,6.923339846763261,6.959092873310157,6.894649999998835
