Time_s,Velocity_Linear_mps,Velocity_Sine_mps,Velocity_Exp_mps,Velocity_Poly5_mps
0.0,0.0,0.0,0.0,0.0
0.002,0.0011666666666667,0.0018325873409969,0.0058248986331722,1.289823457e-07
0.004,0.0023333333333333,0.003665124440686,0.0115535201603016,1.026694321e-06
0.006,0.0035,0.0054975610591372,0.0171874559019814,3.44771e-06
0.008,0.0046666666666667,0.0073298469591749,0.0227282708765888,8.1312553086e-06
0.01,0.0058333333333333,0.0091619319077556,0.0281775042350225,1.58013117284e-05
0.012,0.007,0.0109937656773449,0.0335366696882546,2.716672e-05
0.014,0.0081666666666667,0.0128252980472947,0.0388072559278153,4.29212838272e-05
0.016,0.0093333333333333,0.0146564788052199,0.0439907270393283,6.37438735802e-05
0.018,0.0105,0.0164872577483749,0.0490885229092103,9.029853e-05
0.02,0.0116666666666667,0.0183175846850303,0.054102059624649,0.0001232345679012
0.022,0.0128333333333333,0.0201474094358485,0.0590327298669696,0.0001631866798765
0.024,0.014,0.0219766818352597,0.0638819032984997,0.00021077504
0.026,0.0151666666666667,0.0238053517328369,0.0686509269430396,0.0002666054075309
0.028,0.0163333333333333,0.0256333689946711,0.073341125560045,0.0003312692306173
0.03,0.0175,0.0274606835047457,0.0779538020126235,0.00040534375
0.032,0.0186666666666667,0.0292872451663104,0.0824902376294495,0.000489392102716
0.034,0.0198333333333333,0.0311130039032545,0.0869516925606976,0.0005839634258025
0.036,0.021,0.03293790966148,0.0913394061280918,0.00068959296
0.038,0.0221666666666667,0.0347619124102736,0.0956545971691698,0.0008068021534568
0.04,0.0233333333333333,0.0365849621436787,0.0998984643758568,0.0009360987654321
0.042,0.0245,0.0384070088818658,0.1040721866274432,0.00107797697
0.044,0.0256666666666667,0.0402280026725033,0.1081769233180584,0.0012329174597531
0.046,0.0268333333333333,0.0420478935921265,0.1122138146787328,0.0014013875495062
0.048,0.028,0.0438666317475065,0.116183982094135,0.00158384128
0.05,0.0291666666666667,0.0456841672770181,0.120088528414076,0.0017807195216049
0.052,0.0303333333333333,0.0475004503520065,0.1239285382598621,0.0019924500780247
0.054,0.0315,0.0493154311781539,0.1277050783255867,0.00221944779
0.056,0.0326666666666667,0.0511290599968441,0.1314191976744406,0.0024621146390123
0.058,0.0338333333333333,0.0529412870865267,0.1350719280301248,0.0027208398509877
0.06,0.035,0.0547520627640808,0.1386642840634479,0.002996
0.062,0.0361666666666667,0.0565613373861764,0.142197263674185,0.0032879591119753
0.064,0.0373333333333333,0.0583690613506358,0.1456718482682788,0.0035970687683951
0.066,0.0385,0.0601751850977933,0.1490890030304585,0.00392366821
0.068,0.0396666666666667,0.0619796591118542,0.1524496771923527,0.0042680844404938
0.07,0.0408333333333333,0.0637824339222516,0.1557548042961716,0.0046306323302469
0.072,0.042,0.0655834601050036,0.1590053024540296,0.00501161472
0.074,0.0431666666666667,0.0673826882840676,0.1622020746029827,0.0054113225245679
0.076,0.0443333333333333,0.0691800691326942,0.16534600875585,0.0058300348365432
0.078,0.0455,0.0709755533747794,0.1684379782478899,0.00626801903
0.08,0.0466666666666667,0.0727690917862158,0.1714788419793985,0.0067255308641975
0.082,0.0478333333333333,0.0745606351962418,0.1744694446542986,0.0072028145872839
0.084,0.049,0.0763501344887899,0.1774106170147855,0.00770010304
0.086,0.0501666666666667,0.078137540603833,0.1803031760720935,0.0082176177593827
0.088,0.0513333333333333,0.0799228045387295,0.1831479253334491,0.0087555690824691
0.09,0.0525,0.0817058773495669,0.1859456550252724,0.00931415625
0.092,0.0536666666666667,0.0834867101525033,0.1886971423126898,0.0098935675101235
0.094,0.0548333333333333,0.0852652541251079,0.1914031515154179,0.0104939802220988
0.096,0.056,0.0870414605076992,0.1940644343200796,0.01111556096
0.098,0.0571666666666667,0.088815280604682,0.1966817299890106,0.0117584656164198
0.1,0.0583333333333333,0.0905866657858823,0.1992557655656153,0.0124228395061728
0.102,0.0595,0.0923555674878805,0.2017872560763273,0.01310881747
0.104,0.0606666666666667,0.094121937215343,0.2042769047292328,0.0138165239782716
0.106,0.0618333333333333,0.0958857265423514,0.2067254031094108,0.0145460732346914
0.108,0.063,0.0976468871137302,0.2091334313710444,0.01529756928
0.11,0.0641666666666667,0.0994053706463729,0.2115016584263567,0.016071106095679
0.112,0.0653333333333333,0.1011611289305651,0.2138307421314244,0.0168667677076543
0.114,0.0665,0.1029141138313064,0.2161213294689195,0.01768462829
0.116,0.0676666666666666,0.1046642772896303,0.2183740567278313,0.018524752268642
0.118,0.0688333333333333,0.1064115713239216,0.2205895496802168,0.0193871944250617
0.12,0.07,0.1081559480312316,0.2227684237550309,0.020272
0.122,0.0711666666666666,0.1098973595885917,0.2249112842090826,0.0211792047971605
0.124,0.0723333333333333,0.1116357582543245,0.2270187262951656,0.0221088352869136
0.126,0.0735,0.1133710963693523,0.2290913354274107,0.02306090871
0.128,0.0746666666666667,0.1151033263585041,0.2311296873439036,0.0240354331812346
0.13,0.0758333333333333,0.1168324007318198,0.2331343482666169,0.0250324077932099
0.132,0.077,0.118558272085852,0.2351058750586973,0.02605182272
0.134,0.0781666666666667,0.1202808931049656,0.2370448153791528,0.0270936593208642
0.136,0.0793333333333333,0.1220002165626353,0.2389517078349845,0.0281578902439506
0.138,0.0805,0.12371619532274,0.2408270821308028,0.02924447953
0.14,0.0816666666666667,0.125428782340855,0.2426714592159709,0.0303533827160494
0.142,0.0828333333333333,0.1271379306655424,0.2444853514293164,0.0314845469391358
0.144,0.084,0.1288435934396373,0.2462692626414511,0.03263791104
0.146,0.0851666666666666,0.1305457239015331,0.2480236883947378,0.0338134056667901
0.148,0.0863333333333333,0.1322442753864635,0.2497491160409449,0.0350109533787654
0.15,0.0875,0.1339392013277814,0.2514460248766241,0.03623046875
0.152,0.0886666666666667,0.135630455258236,0.2531148862762524,0.0374718584730864
0.154,0.0898333333333333,0.1373179908112465,0.2547561638231714,0.0387350214628395
0.156,0.091,0.1390017617221732,0.2563703134383648,0.04001984896
0.158,0.0921666666666667,0.140681721829586,0.2579577835071046,0.0413262246349383
0.16,0.0933333333333333,0.14235782507653,0.2595190150035064,0.042654024691358
0.162,0.0945,0.144030025511788,0.2610544416130248,0.04400311797
0.164,0.0956666666666667,0.1456982772911404,0.2625644898529242,0.0453733660523457
0.166,0.0968333333333333,0.1473625346786219,0.264049579190759,0.046764623364321
0.168,0.098,0.1490227520477754,0.2655101221608942,0.04817673728
0.17,0.0991666666666666,0.1506788838829033,0.266946524479102,0.0496095482253086
0.172,0.1003333333333333,0.1523308847803146,0.2683591851552627,0.0510628897817284
0.174,0.1015,0.1539787094495702,0.269748496604203,0.05253658879
0.176,0.1026666666666666,0.1556223127147246,0.2711148447547034,0.0540304654538272
0.178,0.1038333333333333,0.1572616495155638,0.2724586091567025,0.0555443334435802
0.18,0.105,0.1588966749088414,0.2737801630867302,0.057078
0.182,0.1061666666666667,0.1605273440695102,0.2750798736515983,0.0586312660379012
0.184,0.1073333333333333,0.1621536122919516,0.2763581018903765,0.0602039262498765
0.186,0.1085,0.1637754349912006,0.2776152028746834,0.06179576921
0.188,0.1096666666666667,0.1653927677041689,0.2788515258073204,0.0634065774775309
0.19,0.1108333333333333,0.1670055660908629,0.2800674141192739,0.0650361277006173
0.192,0.112,0.1686137859356004,0.2812632055651156,0.06668419072
0.194,0.1131666666666666,0.1702173831482216,0.2824392323168248,0.068350531672716
0.196,0.1143333333333333,0.1718163137652993,0.2835958210560614,0.0700349100958024
0.198,0.1155,0.1734105339513426,0.2847332930649122,0.07173708003
0.2,0.1166666666666667,0.175,0.2858519643151382,0.0734567901234568
0.202,0.1178333333333333,0.1765846683352568,0.2869521455559462,0.0751937837354321
0.204,0.119,0.1781644955126299,0.288034142400311,0.07694779904
0.206,0.1201666666666666,0.1797394382203595,0.2890982554098688,0.0787185691297531
0.208,0.1213333333333333,0.1813094532805956,0.2901447801784092,0.0805058221195062
0.21,0.1225,0.182874497650582,0.2911740074139859,0.08230928125
0.212,0.1236666666666666,0.1844345284238372,0.2921862230196714,0.0841286649916049
0.214,0.1248333333333333,0.185989502831329,0.2931817081729758,0.0859636871480247
0.216,0.126,0.1875393782426488,0.2941607394039538,0.08781405696
0.218,0.1271666666666666,0.1890841121671792,0.2951235886720207,0.0896794792090124
0.22,0.1283333333333333,0.1906236622552595,0.2960705234414974,0.0915596543209876
0.222,0.1295,0.1921579862993461,0.297001806755909,0.09345427847
0.224,0.1306666666666666,0.1936870422351704,0.297917697311053,0.0953630436819753
0.226,0.1318333333333333,0.1952107881428915,0.2988184495268622,0.097285637938395
0.228,0.133,0.1967291822482457,0.2997043136180769,0.09922174528
0.23,0.1341666666666666,0.1982421829236915,0.3005755356637524,0.1011710459104938
0.232,0.1353333333333333,0.199749748689551,0.3014323576756142,0.1031332163002469
0.234,0.1365,0.2012518382151475,0.3022750176652862,0.10510792929
0.236,0.1376666666666666,0.2027484103199376,0.3031037497104064,0.1070948541945679
0.238,0.1388333333333333,0.2042394239746411,0.3039187840196492,0.1090936569065432
0.24,0.14,0.2057248383023656,0.3047203469966748,0.111104
0.242,0.1411666666666666,0.2072046125797268,0.3055086613030198,0.1131255428341975
0.244,0.1423333333333333,0.2086787062379655,0.3062839459199491,0.115157941657284
0.246,0.1435,0.2101470788640594,0.3070464162092862,0.11720084971
0.248,0.1446666666666667,0.2116096902018312,0.3077962839732364,0.1192539173293828
0.25,0.1458333333333334,0.2130665001530522,0.3085337575132224,0.1213167920524692
0.252,0.147,0.2145174687785418,0.3092590416877474,0.12338911872
0.254,0.1481666666666666,0.215962556299262,0.3099723379693014,0.1254705395801234
0.256,0.1493333333333333,0.2174017230974086,0.3106738445003268,0.1275606943920988
0.258,0.1505,0.2188349297174968,0.3113637561482598,0.12965922053
0.26,0.1516666666666667,0.220262136867443,0.3120422645596608,0.1317657530864198
0.262,0.1528333333333333,0.2216833054196426,0.3127095582134516,0.1338799249761728
0.264,0.154,0.2230983964120414,0.3133658224732711,0.13600136704
0.266,0.1551666666666666,0.2245073710492052,0.314011239638967,0.1381297081482716
0.268,0.1563333333333333,0.2259101907033826,0.3146459889972354,0.1402645753046913
0.27,0.1575,0.2273068169155642,0.315270246871424,0.14240559375
0.272,0.1586666666666666,0.2286972113965368,0.3158841866705118,0.144552387065679
0.274,0.1598333333333333,0.2300813360279335,0.3164879789372796,0.1467045772776542
0.276,0.161,0.2314591528632781,0.317081791395684,0.14886178496
0.278,0.1621666666666666,0.2328306241290263,0.3176657889974484,0.151023629338642
0.28,0.1633333333333333,0.2341957122256003,0.318240133967884,0.1531897283950618
0.282,0.1645,0.2355543797284206,0.3188049858509534,0.15535969897
0.284,0.1656666666666666,0.2369065893889312,0.3193605015535896,0.1575331568671606
0.286,0.1668333333333333,0.2382523041356212,0.3199068353892818,0.1597097169569136
0.288,0.168,0.239591487075041,0.3204441391209421,0.16188899328
0.29,0.1691666666666666,0.2409241014928138,0.3209725620030618,0.1640705991512345
0.292,0.1703333333333333,0.2422501108546424,0.3214922508231726,0.1662541472632098
0.294,0.1715,0.24356947880731,0.3220033499426218,0.16843924979
0.296,0.1726666666666667,0.2448821691796778,0.3225060013366736,0.1706255184908642
0.298,0.1738333333333334,0.2461881459836764,0.3230003446339471,0.1728125648139506
0.3,0.175,0.2474873734152916,0.3234865171552036,0.175
0.302,0.1761666666666666,0.2487798158555474,0.323964653951492,0.1771874351860494
0.304,0.1773333333333333,0.2500654378714811,0.3244348878416632,0.1793744815091357
0.306,0.1785,0.251344204217116,0.324897349449266,0.1815607502100001
0.308,0.1796666666666667,0.2526160798344268,0.325352167238832,0.1837458527367901
0.31,0.1808333333333334,0.2538810298543006,0.3257994675515604,0.1859294008487655
0.312,0.182,0.255139019597494,0.3262393746404142,0.18811100672
0.314,0.1831666666666666,0.2563900145755826,0.3266720107046356,0.1902902830430865
0.316,0.1843333333333333,0.257633980491907,0.3270974959236912,0.1924668431328394
0.318,0.1855,0.2588708832425134,0.3275159484906554,0.19464030103
0.32,0.1866666666666667,0.260100688917088,0.327927484645043,0.1968102716049382
0.322,0.1878333333333333,0.261323363799887,0.3283322187050988,0.198976370661358
0.324,0.189,0.2625388743706608,0.328730263099553,0.20113821504
0.326,0.1901666666666666,0.2637471873055732,0.3291217283988524,0.2032954227223456
0.328,0.1913333333333333,0.2649482694781146,0.3295067233458751,0.2054476129343208
0.33,0.1925,0.2661420879600108,0.3298853548861374,0.2075944062500001
0.332,0.1936666666666666,0.2673286100221248,0.3302577281975021,0.2097354246953087
0.334,0.1948333333333333,0.2685078031353548,0.3306239467193941,0.2118702918517284
0.336,0.196,0.2696796349715262,0.3309841121815358,0.2139986329599999
0.338,0.1971666666666666,0.2708440734042772,0.3313383246322046,0.2161200750238272
0.34,0.1983333333333333,0.2720010865099398,0.3316866824660254,0.2182342469135801
0.342,0.1995,0.2731506425684154,0.3320292824513034,0.2203407794699999
0.344,0.2006666666666666,0.2742927100640439,0.332366219756904,0.2224393056079013
0.346,0.2018333333333333,0.275427257686468,0.3326975879786898,0.2245294604198765
0.348,0.203,0.2765542543314916,0.3330234791655198,0.22661088128
0.35,0.2041666666666666,0.2776736691019323,0.333343983844819,0.2286832079475309
0.352,0.2053333333333333,0.2787854713084686,0.3336591910477262,0.2307460826706172
0.354,0.2065,0.2798896304704817,0.3339691883338242,0.23279915029
0.356,0.2076666666666667,0.2809861163168901,0.334274061815464,0.234842058342716
0.358,0.2088333333333333,0.2820748987869805,0.3345738961816838,0.2368744571658024
0.36,0.21,0.2831559480312316,0.3348687747217356,0.2388959999999998
0.362,0.2111666666666666,0.2842292344121322,0.3351587793482212,0.2409063430934568
0.364,0.2123333333333333,0.285294728504994,0.3354439906198461,0.242905145805432
0.366,0.2135,0.2863524010987582,0.3357244877637972,0.24489207071
0.368,0.2146666666666666,0.2874022231967964,0.3360003486977518,0.246866783699753
0.37,0.2158333333333333,0.2884441660177054,0.3362716500515204,0.2488289540895062
0.372,0.217,0.2894782009960966,0.3365384671883352,0.25077825472
0.374,0.2181666666666667,0.2905042997833786,0.336800874225783,0.252714362061605
0.376,0.2193333333333333,0.2915224342485348,0.3370589440563947,0.2546369563180248
0.378,0.2205,0.2925325764788946,0.337312748367894,0.25654572153
0.38,0.2216666666666667,0.2935346987808984,0.3375623576631103,0.2584403456790122
0.382,0.2228333333333333,0.2945287736808571,0.3378078412795641,0.2603205207909876
0.384,0.224,0.2955147739257052,0.3380492674087273,0.2621859430400003
0.386,0.2251666666666666,0.296492672483748,0.338286703114966,0.2640363128519753
0.388,0.2263333333333333,0.2974624425454024,0.3385202143541697,0.265871335008395
0.39,0.2275,0.2984240575239322,0.338749865992073,0.2676907187499997
0.392,0.2286666666666666,0.2993774910561773,0.3389757218222744,0.2694941778804937
0.394,0.2298333333333333,0.3003227170032756,0.3391978445839566,0.2712814308702469
0.396,0.231,0.3012597094513802,0.339416295979315,0.27305220096
0.398,0.2321666666666666,0.30218844271237,0.3396311366906976,0.2748062162645678
0.4,0.2333333333333334,0.3031088913245536,0.339842426397461,0.276543209876543
0.402,0.2345,0.304021030053367,0.3400502237925492,0.27826291997
0.404,0.2356666666666666,0.3049248338920662,0.340254586598797,0.2799650899041976
0.406,0.2368333333333333,0.3058202780624128,0.3404555715849646,0.2816494683272838
0.408,0.238,0.3067073380153522,0.340653234581507,0.2833158092799998
0.41,0.2391666666666666,0.3075859894316878,0.3408476304960834,0.2849638722993826
0.412,0.2403333333333333,0.3084562082227472,0.3410388133288088,0.286593422522469
0.414,0.2415,0.3093179705310426,0.341226836187255,0.28820423079
0.416,0.2426666666666666,0.3101712527309252,0.3414117513012028,0.2897960737501234
0.418,0.2438333333333333,0.311016031429232,0.3415936100371506,0.2913687339620987
0.42,0.245,0.3118522834659287,0.3417724629125834,0.2929219999999998
0.422,0.2461666666666666,0.3126799859147431,0.3419483596100054,0.2944556665564197
0.424,0.2473333333333333,0.3134991160837945,0.3421213489907416,0.2959695345461727
0.426,0.2485,0.3143096515162154,0.3422914791085098,0.2974634112099998
0.428,0.2496666666666666,0.3151115699907678,0.3424587972227701,0.2989371102182714
0.43,0.2508333333333334,0.3159048495224512,0.3426233498118524,0.3003904517746914
0.432,0.252,0.3166894683631068,0.3427851825858673,0.3018232627200001
0.434,0.2531666666666666,0.3174654050020127,0.3429443404994037,0.303235376635679
0.436,0.2543333333333333,0.3182326381664739,0.3431008677640166,0.3046266339476544
0.438,0.2555,0.3189911468224058,0.3432548078605081,0.30599688203
0.44,0.2566666666666666,0.3197409101749103,0.343406203551006,0.3073459753086418
0.442,0.2578333333333333,0.3204819076688463,0.3435550968908424,0.3086737753650619
0.444,0.259,0.3212141189893934,0.3437015292402356,0.30998015104
0.446,0.2601666666666666,0.3219375240626081,0.34384554127578,0.31126497853716
0.448,0.2613333333333333,0.3226521030559752,0.3439871730017444,0.3125281415269134
0.45,0.2625,0.3233578363789504,0.3441264637611861,0.31376953125
0.452,0.2636666666666666,0.3240547046834981,0.3442634522468781,0.3149890466212344
0.454,0.2648333333333333,0.324742688864622,0.3443981765120584,0.3161865943332098
0.456,0.266,0.325421770060888,0.3445306739810002,0.3173620889600002
0.458,0.2671666666666666,0.3260919296549421,0.3446609814594082,0.318515453060864
0.46,0.2683333333333333,0.3267531492740206,0.344789135144642,0.3196466172839506
0.462,0.2695,0.3274054107904536,0.3449151706357714,0.32075552047
0.464,0.2706666666666666,0.328048696322162,0.3450391229434656,0.3218421097560494
0.466,0.2718333333333333,0.3286829882331482,0.3451610264997181,0.3229063406791356
0.468,0.273,0.3293082691339788,0.3452809151674118,0.3239481772799996
0.47,0.2741666666666666,0.3299245218822624,0.3453988222497253,0.32496759220679
0.472,0.2753333333333333,0.3305317295831184,0.345514780499384,0.3259645668187652
0.474,0.2765,0.3311298755896408,0.3456288221277584,0.3269390912900001
0.476,0.2776666666666666,0.331718943503355,0.345740978813812,0.3278911647130866
0.478,0.2788333333333333,0.3322989171746663,0.3458512817129009,0.3288207952028394
0.48,0.28,0.3328697807033037,0.3459597614654286,0.3297280000000002
0.482,0.2811666666666666,0.3334315184387552,0.3460664482053573,0.3306128055749382
0.484,0.2823333333333332,0.3339841149806968,0.3461713715685784,0.3314752477313579
0.486,0.2835,0.3345275551794155,0.3462745607011454,0.3323153717099998
0.488,0.2846666666666666,0.3350618241362236,0.3463760442673696,0.3331332322923458
0.49,0.2858333333333334,0.3355869072038675,0.3464758504577831,0.333928893904321
0.492,0.287,0.33610278998693,0.3465740069969695,0.33470243072
0.494,0.2881666666666666,0.336609458342224,0.3466705411512652,0.3354539267653084
0.496,0.2893333333333334,0.3371068983791804,0.3467654797363338,0.3361834760217286
0.498,0.2905,0.3375950964602293,0.3468588491246151,0.3368911825299998
0.5,0.2916666666666667,0.3380740392011738,0.3469506752526505,0.3375771604938272
0.502,0.2928333333333334,0.3385437134715568,0.3470409836282883,0.3382415343835804
0.504,0.294,0.3390041063950209,0.347129799337769,0.3388844390399997
0.506,0.2951666666666666,0.3394552053496614,0.3472171470526942,0.339506019777901
0.508,0.2963333333333333,0.3398969979683726,0.3473030510368798,0.3401064324898762
0.51,0.2975,0.3403294721391868,0.3473875351530958,0.3406858437500002
0.512,0.2986666666666666,0.340752616005606,0.3474706228696955,0.341244430917531
0.514,0.2998333333333333,0.3411664179669276,0.3475523372671346,0.3417823822406174
0.516,0.301,0.3415708666785616,0.3476327010443822,0.34229989696
0.518,0.3021666666666666,0.3419659510523422,0.3477117365252264,0.342797185412716
0.52,0.3033333333333334,0.342351660256832,0.3477894656644759,0.3432744691358025
0.522,0.3045,0.342727983717618,0.3478659100540578,0.3437319809700002
0.524,0.3056666666666666,0.3430949111176026,0.3479410909290165,0.3441699651634564
0.526,0.3068333333333334,0.3434524323972858,0.3480150291734116,0.3445886774754321
0.528,0.308,0.343800537755041,0.34808774532612,0.3449883852799996
0.53,0.3091666666666666,0.3441392176473841,0.3481592595865404,0.3453693676697525
0.532,0.3103333333333333,0.3444684627892346,0.348229591820205,0.3457319155595061
0.534,0.3115,0.3447882641541708,0.3482987615642976,0.3460763317900003
0.536,0.3126666666666666,0.3450986129746767,0.3483667880330808,0.3464029312316046
0.538,0.3138333333333333,0.3453995007423825,0.3484336901232335,0.3467120408880246
0.54,0.315,0.3456909192082982,0.3484994864190996,0.3470040000000006
0.542,0.3161666666666666,0.3459728603830392,0.3485641951978512,0.3472791601490119
0.544,0.3173333333333333,0.3462453165370459,0.3486278344345649,0.3475378853609876
0.546,0.3185,0.3465082802007951,0.348690421807216,0.34778055221
0.548,0.3196666666666666,0.3467617441650052,0.3487519747015878,0.3480075499219746
0.55,0.3208333333333334,0.3470057014808336,0.3488125102161028,0.348219280478395
0.552,0.322,0.3472401454600672,0.3488720451665706,0.3484161587199998
0.554,0.3231666666666666,0.347465069675306,0.3489305960908604,0.3485986124504938
0.556,0.3243333333333333,0.3476804679601388,0.3489881792534943,0.3487670825402472
0.558,0.3255,0.3478863344093129,0.3490448106501654,0.3489220230299998
0.56,0.3266666666666666,0.3480826633788956,0.3491005060121816,0.349063901234568
0.562,0.3278333333333333,0.3482694494864292,0.3491552808108348,0.3491931978465433
0.564,0.329,0.348446687611078,0.349209150261699,0.3493104070399997
0.566,0.3301666666666666,0.3486143728937694,0.349262129328857,0.3494160365741975
0.568,0.3313333333333333,0.3487725007373265,0.349314232729057,0.3495106078972847
0.57,0.3325,0.3489210668065948,0.3493654749358007,0.3495946562499994
0.572,0.3336666666666666,0.3490600670285603,0.349415870183364,0.3496687307693827
0.574,0.3348333333333333,0.3491894975924618,0.3494654324707507,0.3497333945924695
0.576,0.336,0.349309354949895,0.3495141755655818,0.3497892249600001
0.578,0.3371666666666666,0.3494196358149098,0.3495621130079189,0.3498368133201233
0.58,0.3383333333333333,0.3495203371641008,0.3496092581140267,0.3498767654320986
0.582,0.3395,0.3496114562366895,0.3496556239800712,0.3499097014699999
0.584,0.3406666666666666,0.3496929905346004,0.3497012234857576,0.349936256126419
0.586,0.3418333333333333,0.3497649378225296,0.3497460692979086,0.3499570787161731
0.588,0.343,0.349827296128006,0.3497901738739826,0.3499728332799998
0.59,0.3441666666666667,0.349880063741445,0.3498335494655342,0.3499841986882723
0.592,0.3453333333333334,0.3499232392161959,0.3498762081216178,0.349991868744691
0.594,0.3465,0.3499568213685812,0.3499181616921345,0.3499965522900001
0.596,0.3476666666666667,0.3499808092779292,0.3499594218311236,0.3499989733056786
0.598,0.3488333333333334,0.3499952022865994,0.35,0.3499998710176548
0.6,0.35,0.35,0.35,0.35
0.602,0.35,0.35,0.35,0.35
0.604,0.35,0.35,0.35,0.35
0.606,0.35,0.35,0.35,0.35
0.608,0.35,0.35,0.35,0.35
0.61,0.35,0.35,0.35,0.35
0.612,0.35,0.35,0.35,0.35
0.614,0.35,0.35,0.35,0.35
0.616,0.35,0.35,0.35,0.35
0.618,0.35,0.35,0.35,0.35
0.62,0.35,0.35,0.35,0.35
0.622,0.35,0.35,0.35,0.35
0.624,0.35,0.35,0.35,0.35
0.626,0.35,0.35,0.35,0.35
0.628,0.35,0.35,0.35,0.35
0.63,0.35,0.35,0.35,0.35
0.632,0.35,0.35,0.35,0.35
0.634,0.35,0.35,0.35,0.35
0.636,0.35,0.35,0.35,0.35
0.638,0.35,0.35,0.35,0.35
0.64,0.35,0.35,0.35,0.35
0.642,0.35,0.35,0.35,0.35
0.644,0.35,0.35,0.35,0.35
0.646,0.35,0.35,0.35,0.35
0.648,0.35,0.35,0.35,0.35
0.65,0.35,0.35,0.35,0.35
0.652,0.35,0.35,0.35,0.35
0.654,0.35,0.35,0.35,0.35
0.656,0.35,0.35,0.35,0.35
0.658,0.35,0.35,0.35,0.35
0.66,0.35,0.35,0.35,0.35
0.662,0.35,0.35,0.35,0.35
0.664,0.35,0.35,0.35,0.35
0.666,0.35,0.35,0.35,0.35
0.668,0.35,0.35,0.35,0.35
0.67,0.35,0.35,0.35,0.35
0.672,0.35,0.35,0.35,0.35
0.674,0.35,0.35,0.35,0.35
0.676,0.35,0.35,0.35,0.35
0.678,0.35,0.35,0.35,0.35
0.68,0.35,0.35,0.35,0.35
0.682,0.35,0.35,0.35,0.35
0.684,0.35,0.35,0.35,0.35
0.686,0.35,0.35,0.35,0.35
0.688,0.35,0.35,0.35,0.35
0.69,0.35,0.35,0.35,0.35
0.692,0.35,0.35,0.35,0.35
0.694,0.35,0.35,0.35,0.35
0.696,0.35,0.35,0.35,0.35
0.698,0.35,0.35,0.35,0.35
0.7,0.35,0.35,0.35,0.35
0.702,0.35,0.35,0.35,0.35
0.704,0.35,0.35,0.35,0.35
0.706,0.35,0.35,0.35,0.35
0.708,0.35,0.35,0.35,0.35
0.71,0.35,0.35,0.35,0.35
0.712,0.35,0.35,0.35,0.35
0.714,0.35,0.35,0.35,0.35
0.716,0.35,0.35,0.35,0.35
0.718,0.35,0.35,0.35,0.35
0.72,0.35,0.35,0.35,0.35
0.722,0.35,0.35,0.35,0.35
0.724,0.35,0.35,0.35,0.35
0.726,0.35,0.35,0.35,0.35
0.728,0.35,0.35,0.35,0.35
0.73,0.35,0.35,0.35,0.35
0.732,0.35,0.35,0.35,0.35
0.734,0.35,0.35,0.35,0.35
0.736,0.35,0.35,0.35,0.35
0.738,0.35,0.35,0.35,0.35
0.74,0.35,0.35,0.35,0.35
0.742,0.35,0.35,0.35,0.35
0.744,0.35,0.35,0.35,0.35
0.746,0.35,0.35,0.35,0.35
0.748,0.35,0.35,0.35,0.35
0.75,0.35,0.35,0.35,0.35
0.752,0.35,0.35,0.35,0.35
0.754,0.35,0.35,0.35,0.35
0.756,0.35,0.35,0.35,0.35
0.758,0.35,0.35,0.35,0.35
0.76,0.35,0.35,0.35,0.35
0.762,0.35,0.35,0.35,0.35
0.764,0.35,0.35,0.35,0.35
0.766,0.35,0.35,0.35,0.35
0.768,0.35,0.35,0.35,0.35
0.77,0.35,0.35,0.35,0.35
0.772,0.35,0.35,0.35,0.35
0.774,0.35,0.35,0.35,0.35
0.776,0.35,0.35,0.35,0.35
0.778,0.35,0.35,0.35,0.35
0.78,0.35,0.35,0.35,0.35
0.782,0.35,0.35,0.35,0.35
0.784,0.35,0.35,0.35,0.35
0.786,0.35,0.35,0.35,0.35
0.788,0.35,0.35,0.35,0.35
0.79,0.35,0.35,0.35,0.35
0.792,0.35,0.35,0.35,0.35
0.794,0.35,0.35,0.35,0.35
0.796,0.35,0.35,0.35,0.35
0.798,0.35,0.35,0.35,0.35
0.8,0.35,0.35,0.35,0.35
0.802,0.35,0.35,0.35,0.35
0.804,0.35,0.35,0.35,0.35
0.806,0.35,0.35,0.35,0.35
0.808,0.35,0.35,0.35,0.35
0.81,0.35,0.35,0.35,0.35
0.812,0.35,0.35,0.35,0.35
0.814,0.35,0.35,0.35,0.35
0.816,0.35,0.35,0.35,0.35
0.818,0.35,0.35,0.35,0.35
0.82,0.35,0.35,0.35,0.35
0.822,0.35,0.35,0.35,0.35
0.824,0.35,0.35,0.35,0.35
0.826,0.35,0.35,0.35,0.35
0.828,0.35,0.35,0.35,0.35
0.83,0.35,0.35,0.35,0.35
0.832,0.35,0.35,0.35,0.35
0.834,0.35,0.35,0.35,0.35
0.836,0.35,0.35,0.35,0.35
0.838,0.35,0.35,0.35,0.35
0.84,0.35,0.35,0.35,0.35
0.842,0.35,0.35,0.35,0.35
0.844,0.35,0.35,0.35,0.35
0.846,0.35,0.35,0.35,0.35
0.848,0.35,0.35,0.35,0.35
0.85,0.35,0.35,0.35,0.35
0.852,0.35,0.35,0.35,0.35
0.854,0.35,0.35,0.35,0.35
0.856,0.35,0.35,0.35,0.35
0.858,0.35,0.35,0.35,0.35
0.86,0.35,0.35,0.35,0.35
0.862,0.35,0.35,0.35,0.35
0.864,0.35,0.35,0.35,0.35
0.866,0.35,0.35,0.35,0.35
0.868,0.35,0.35,0.35,0.35
0.87,0.35,0.35,0.35,0.35
0.872,0.35,0.35,0.35,0.35
0.874,0.35,0.35,0.35,0.35
0.876,0.35,0.35,0.35,0.35
0.878,0.35,0.35,0.35,0.35
0.88,0.35,0.35,0.35,0.35
0.882,0.35,0.35,0.35,0.35
0.884,0.35,0.35,0.35,0.35
0.886,0.35,0.35,0.35,0.35
0.888,0.35,0.35,0.35,0.35
0.89,0.35,0.35,0.35,0.35
0.892,0.35,0.35,0.35,0.35
0.894,0.35,0.35,0.35,0.35
0.896,0.35,0.35,0.35,0.35
0.898,0.35,0.35,0.35,0.35
0.9,0.35,0.35,0.35,0.35
0.902,0.35,0.35,0.35,0.35
0.904,0.35,0.35,0.35,0.35
0.906,0.35,0.35,0.35,0.35
0.908,0.35,0.35,0.35,0.35
0.91,0.35,0.35,0.35,0.35
0.912,0.35,0.35,0.35,0.35
0.914,0.35,0.35,0.35,0.35
0.916,0.35,0.35,0.35,0.35
0.918,0.35,0.35,0.35,0.35
0.92,0.35,0.35,0.35,0.35
0.922,0.35,0.35,0.35,0.35
0.924,0.35,0.35,0.35,0.35
0.926,0.35,0.35,0.35,0.35
0.928,0.35,0.35,0.35,0.35
0.93,0.35,0.35,0.35,0.35
0.932,0.35,0.35,0.35,0.35
0.934,0.35,0.35,0.35,0.35
0.936,0.35,0.35,0.35,0.35
0.938,0.35,0.35,0.35,0.35
0.94,0.35,0.35,0.35,0.35
0.942,0.35,0.35,0.35,0.35
0.944,0.35,0.35,0.35,0.35
0.946,0.35,0.35,0.35,0.35
0.948,0.35,0.35,0.35,0.35
0.95,0.35,0.35,0.35,0.35
0.952,0.35,0.35,0.35,0.35
0.954,0.35,0.35,0.35,0.35
0.956,0.35,0.35,0.35,0.35
0.958,0.35,0.35,0.35,0.35
0.96,0.35,0.35,0.35,0.35
0.962,0.35,0.35,0.35,0.35
0.964,0.35,0.35,0.35,0.35
0.966,0.35,0.35,0.35,0.35
0.968,0.35,0.35,0.35,0.35
0.97,0.35,0.35,0.35,0.35
0.972,0.35,0.35,0.35,0.35
0.974,0.35,0.35,0.35,0.35
0.976,0.35,0.35,0.35,0.35
0.978,0.35,0.35,0.35,0.35
0.98,0.35,0.35,0.35,0.35
0.982,0.35,0.35,0.35,0.35
0.984,0.35,0.35,0.35,0.35
0.986,0.35,0.35,0.35,0.35
0.988,0.35,0.35,0.35,0.35
0.99,0.35,0.35,0.35,0.35
0.992,0.35,0.35,0.35,0.35
0.994,0.35,0.35,0.35,0.35
0.996,0.35,0.35,0.35,0.35
0.998,0.35,0.35,0.35,0.35
1.0,0.35,0.35,0.35,0.35
1.002,0.35,0.35,0.35,0.35
1.004,0.35,0.35,0.35,0.35
1.006,0.35,0.35,0.35,0.35
1.008,0.35,0.35,0.35,0.35
1.01,0.35,0.35,0.35,0.35
1.012,0.35,0.35,0.35,0.35
1.014,0.35,0.35,0.35,0.35
1.016,0.35,0.35,0.35,0.35
1.018,0.35,0.35,0.35,0.35
1.02,0.35,0.35,0.35,0.35
1.022,0.35,0.35,0.35,0.35
1.024,0.35,0.35,0.35,0.35
1.026,0.35,0.35,0.35,0.35
1.028,0.35,0.35,0.35,0.35
1.03,0.35,0.35,0.35,0.35
1.032,0.35,0.35,0.35,0.35
1.034,0.35,0.35,0.35,0.35
1.036,0.35,0.35,0.35,0.35
1.038,0.35,0.35,0.35,0.35
1.04,0.35,0.35,0.35,0.35
1.042,0.35,0.35,0.35,0.35
1.044,0.35,0.35,0.35,0.35
1.046,0.35,0.35,0.35,0.35
1.048,0.35,0.35,0.35,0.35
1.05,0.35,0.35,0.35,0.35
1.052,0.35,0.35,0.35,0.35
1.054,0.35,0.35,0.35,0.35
1.056,0.35,0.35,0.35,0.35
1.058,0.35,0.35,0.35,0.35
1.06,0.35,0.35,0.35,0.35
1.062,0.35,0.35,0.35,0.35
1.064,0.35,0.35,0.35,0.35
1.066,0.35,0.35,0.35,0.35
1.068,0.35,0.35,0.35,0.35
1.07,0.35,0.35,0.35,0.35
1.072,0.35,0.35,0.35,0.35
1.074,0.35,0.35,0.35,0.35
1.076,0.35,0.35,0.35,0.35
1.078,0.35,0.35,0.35,0.35
1.08,0.35,0.35,0.35,0.35
1.082,0.35,0.35,0.35,0.35
1.084,0.35,0.35,0.35,0.35
1.086,0.35,0.35,0.35,0.35
1.088,0.35,0.35,0.35,0.35
1.09,0.35,0.35,0.35,0.35
1.092,0.35,0.35,0.35,0.35
1.094,0.35,0.35,0.35,0.35
1.096,0.35,0.35,0.35,0.35
1.098,0.35,0.35,0.35,0.35
1.1,0.35,0.35,0.35,0.35
1.102,0.35,0.35,0.35,0.35
1.104,0.35,0.35,0.35,0.35
1.106,0.35,0.35,0.35,0.35
1.108,0.35,0.35,0.35,0.35
1.11,0.35,0.35,0.35,0.35
1.112,0.35,0.35,0.35,0.35
1.114,0.35,0.35,0.35,0.35
1.116,0.35,0.35,0.35,0.35
1.118,0.35,0.35,0.35,0.35
1.12,0.35,0.35,0.35,0.35
1.122,0.35,0.35,0.35,0.35
1.124,0.35,0.35,0.35,0.35
1.126,0.35,0.35,0.35,0.35
1.128,0.35,0.35,0.35,0.35
1.13,0.35,0.35,0.35,0.35
1.132,0.35,0.35,0.35,0.35
1.134,0.35,0.35,0.35,0.35
1.136,0.35,0.35,0.35,0.35
1.138,0.35,0.35,0.35,0.35
1.14,0.35,0.35,0.35,0.35
1.142,0.35,0.35,0.35,0.35
1.144,0.35,0.35,0.35,0.35
1.146,0.35,0.35,0.35,0.35
1.148,0.35,0.35,0.35,0.35
1.15,0.35,0.35,0.35,0.35
1.152,0.35,0.35,0.35,0.35
1.154,0.35,0.35,0.35,0.35
1.156,0.35,0.35,0.35,0.35
1.158,0.35,0.35,0.35,0.35
1.16,0.35,0.35,0.35,0.35
1.162,0.35,0.35,0.35,0.35
1.164,0.35,0.35,0.35,0.35
1.166,0.35,0.35,0.35,0.35
1.168,0.35,0.35,0.35,0.35
1.17,0.35,0.35,0.35,0.35
1.172,0.35,0.35,0.35,0.35
1.174,0.35,0.35,0.35,0.35
1.176,0.35,0.35,0.35,0.35
1.178,0.35,0.35,0.35,0.35
1.18,0.35,0.35,0.35,0.35
1.182,0.35,0.35,0.35,0.35
1.184,0.35,0.35,0.35,0.35
1.186,0.35,0.35,0.35,0.35
1.188,0.35,0.35,0.35,0.35
1.19,0.35,0.35,0.35,0.35
1.192,0.35,0.35,0.35,0.35
1.194,0.35,0.35,0.35,0.35
1.196,0.35,0.35,0.35,0.35
1.198,0.35,0.35,0.35,0.35
1.2,0.35,0.35,0.35,0.35
1.202,0.35,0.35,0.35,0.35
1.204,0.35,0.35,0.35,0.35
1.206,0.35,0.35,0.35,0.35
1.208,0.35,0.35,0.35,0.35
1.21,0.35,0.35,0.35,0.35
1.212,0.35,0.35,0.35,0.35
1.214,0.35,0.35,0.35,0.35
1.216,0.35,0.35,0.35,0.35
1.218,0.35,0.35,0.35,0.35
1.22,0.35,0.35,0.35,0.35
1.222,0.35,0.35,0.35,0.35
1.224,0.35,0.35,0.35,0.35
1.226,0.35,0.35,0.35,0.35
1.228,0.35,0.35,0.35,0.35
1.23,0.35,0.35,0.35,0.35
1.232,0.35,0.35,0.35,0.35
1.234,0.35,0.35,0.35,0.35
1.236,0.35,0.35,0.35,0.35
1.238,0.35,0.35,0.35,0.35
1.24,0.35,0.35,0.35,0.35
1.242,0.35,0.35,0.35,0.35
1.244,0.35,0.35,0.35,0.35
1.246,0.35,0.35,0.35,0.35
1.248,0.35,0.35,0.35,0.35
1.25,0.35,0.35,0.35,0.35
1.252,0.35,0.35,0.35,0.35
1.254,0.35,0.35,0.35,0.35
1.256,0.35,0.35,0.35,0.35
1.258,0.35,0.35,0.35,0.35
1.26,0.35,0.35,0.35,0.35
1.262,0.35,0.35,0.35,0.35
1.264,0.35,0.35,0.35,0.35
1.266,0.35,0.35,0.35,0.35
1.268,0.35,0.35,0.35,0.35
1.27,0.35,0.35,0.35,0.35
1.272,0.35,0.35,0.35,0.35
1.274,0.35,0.35,0.35,0.35
1.276,0.35,0.35,0.35,0.35
1.278,0.35,0.35,0.35,0.35
1.28,0.35,0.35,0.35,0.35
1.282,0.35,0.35,0.35,0.35
1.284,0.35,0.35,0.35,0.35
1.286,0.35,0.35,0.35,0.35
1.288,0.35,0.35,0.35,0.35
1.29,0.35,0.35,0.35,0.35
1.292,0.35,0.35,0.35,0.35
1.294,0.35,0.35,0.35,0.35
1.296,0.35,0.35,0.35,0.35
1.298,0.35,0.35,0.35,0.35
1.3,0.35,0.35,0.35,0.35
1.302,0.35,0.35,0.35,0.35
1.304,0.35,0.35,0.35,0.35
1.306,0.35,0.35,0.35,0.35
1.308,0.35,0.35,0.35,0.35
1.31,0.35,0.35,0.35,0.35
1.312,0.35,0.35,0.35,0.35
1.314,0.35,0.35,0.35,0.35
1.316,0.35,0.35,0.35,0.35
1.318,0.35,0.35,0.35,0.35
1.32,0.35,0.35,0.35,0.35
1.322,0.35,0.35,0.35,0.35
1.324,0.35,0.35,0.35,0.35
1.326,0.35,0.35,0.35,0.35
1.328,0.35,0.35,0.35,0.35
1.33,0.35,0.35,0.35,0.35
1.332,0.35,0.35,0.35,0.35
1.334,0.35,0.35,0.35,0.35
1.336,0.35,0.35,0.35,0.35
1.338,0.35,0.35,0.35,0.35
1.34,0.35,0.35,0.35,0.35
1.342,0.35,0.35,0.35,0.35
1.344,0.35,0.35,0.35,0.35
1.346,0.35,0.35,0.35,0.35
1.348,0.35,0.35,0.35,0.35
1.35,0.35,0.35,0.35,0.35
1.352,0.35,0.35,0.35,0.35
1.354,0.35,0.35,0.35,0.35
1.356,0.35,0.35,0.35,0.35
1.358,0.35,0.35,0.35,0.35
1.36,0.35,0.35,0.35,0.35
1.362,0.35,0.35,0.35,0.35
1.364,0.35,0.35,0.35,0.35
1.366,0.35,0.35,0.35,0.35
1.368,0.35,0.35,0.35,0.35
1.37,0.35,0.35,0.35,0.35
1.372,0.35,0.35,0.35,0.35
1.374,0.35,0.35,0.35,0.35
1.376,0.35,0.35,0.35,0.35
1.378,0.35,0.35,0.35,0.35
1.38,0.35,0.35,0.35,0.35
1.382,0.35,0.35,0.35,0.35
1.384,0.35,0.35,0.35,0.35
1.386,0.35,0.35,0.35,0.35
1.388,0.35,0.35,0.35,0.35
1.39,0.35,0.35,0.35,0.35
1.392,0.35,0.35,0.35,0.35
1.394,0.35,0.35,0.35,0.35
1.396,0.35,0.35,0.35,0.35
1.398,0.35,0.35,0.35,0.35
1.4,0.35,0.35,0.35,0.35
1.402,0.35,0.35,0.35,0.35
1.404,0.35,0.35,0.35,0.35
1.406,0.35,0.35,0.35,0.35
1.408,0.35,0.35,0.35,0.35
1.41,0.35,0.35,0.35,0.35
1.412,0.35,0.35,0.35,0.35
1.414,0.35,0.35,0.35,0.35
1.416,0.35,0.35,0.35,0.35
1.418,0.35,0.35,0.35,0.35
1.42,0.35,0.35,0.35,0.35
1.422,0.35,0.35,0.35,0.35
1.424,0.35,0.35,0.35,0.35
1.426,0.35,0.35,0.35,0.35
1.428,0.35,0.35,0.35,0.35
1.43,0.35,0.35,0.35,0.35
1.432,0.35,0.35,0.35,0.35
1.434,0.35,0.35,0.35,0.35
1.436,0.35,0.35,0.35,0.35
1.438,0.35,0.35,0.35,0.35
1.44,0.35,0.35,0.35,0.35
1.442,0.35,0.35,0.35,0.35
1.444,0.35,0.35,0.35,0.35
1.446,0.35,0.35,0.35,0.35
1.448,0.35,0.35,0.35,0.35
1.45,0.35,0.35,0.35,0.35
1.452,0.35,0.35,0.35,0.35
1.454,0.35,0.35,0.35,0.35
1.456,0.35,0.35,0.35,0.35
1.458,0.35,0.35,0.35,0.35
1.46,0.35,0.35,0.35,0.35
1.462,0.35,0.35,0.35,0.35
1.464,0.35,0.35,0.35,0.35
1.466,0.35,0.35,0.35,0.35
1.468,0.35,0.35,0.35,0.35
1.47,0.35,0.35,0.35,0.35
1.472,0.35,0.35,0.35,0.35
1.474,0.35,0.35,0.35,0.35
1.476,0.35,0.35,0.35,0.35
1.478,0.35,0.35,0.35,0.35
1.48,0.35,0.35,0.35,0.35
1.482,0.35,0.35,0.35,0.35
1.484,0.35,0.35,0.35,0.35
1.486,0.35,0.35,0.35,0.35
1.488,0.35,0.35,0.35,0.35
1.49,0.35,0.35,0.35,0.35
1.492,0.35,0.35,0.35,0.35
1.494,0.35,0.35,0.35,0.35
1.496,0.35,0.35,0.35,0.35
1.498,0.35,0.35,0.35,0.35
1.5,0.35,0.35,0.35,0.35
1.502,0.35,0.35,0.35,0.35
1.504,0.35,0.35,0.35,0.35
1.506,0.35,0.35,0.35,0.35
1.508,0.35,0.35,0.35,0.35
1.51,0.35,0.35,0.35,0.35
1.512,0.35,0.35,0.35,0.35
1.514,0.35,0.35,0.35,0.35
1.516,0.35,0.35,0.35,0.35
1.518,0.35,0.35,0.35,0.35
1.52,0.35,0.35,0.35,0.35
1.522,0.35,0.35,0.35,0.35
1.524,0.35,0.35,0.35,0.35
1.526,0.35,0.35,0.35,0.35
1.528,0.35,0.35,0.35,0.35
1.53,0.35,0.35,0.35,0.35
1.532,0.35,0.35,0.35,0.35
1.534,0.35,0.35,0.35,0.35
1.536,0.35,0.35,0.35,0.35
1.538,0.35,0.35,0.35,0.35
1.54,0.35,0.35,0.35,0.35
1.542,0.35,0.35,0.35,0.35
1.544,0.35,0.35,0.35,0.35
1.546,0.35,0.35,0.35,0.35
1.548,0.35,0.35,0.35,0.35
1.55,0.35,0.35,0.35,0.35
1.552,0.35,0.35,0.35,0.35
1.554,0.35,0.35,0.35,0.35
1.556,0.35,0.35,0.35,0.35
1.558,0.35,0.35,0.35,0.35
1.56,0.35,0.35,0.35,0.35
1.562,0.35,0.35,0.35,0.35
1.564,0.35,0.35,0.35,0.35
1.566,0.35,0.35,0.35,0.35
1.568,0.35,0.35,0.35,0.35
1.57,0.35,0.35,0.35,0.35
1.572,0.35,0.35,0.35,0.35
1.574,0.35,0.35,0.35,0.35
1.576,0.35,0.35,0.35,0.35
1.578,0.35,0.35,0.35,0.35
1.58,0.35,0.35,0.35,0.35
1.582,0.35,0.35,0.35,0.35
1.584,0.35,0.35,0.35,0.35
1.586,0.35,0.35,0.35,0.35
1.588,0.35,0.35,0.35,0.35
1.59,0.35,0.35,0.35,0.35
1.592,0.35,0.35,0.35,0.35
1.594,0.35,0.35,0.35,0.35
1.596,0.35,0.35,0.35,0.35
1.598,0.35,0.35,0.35,0.35
1.6,0.35,0.35,0.35,0.35
1.602,0.35,0.35,0.35,0.35
1.604,0.35,0.35,0.35,0.35
1.606,0.35,0.35,0.35,0.35
1.608,0.35,0.35,0.35,0.35
1.61,0.35,0.35,0.35,0.35
1.612,0.35,0.35,0.35,0.35
1.614,0.35,0.35,0.35,0.35
1.616,0.35,0.35,0.35,0.35
1.618,0.35,0.35,0.35,0.35
1.62,0.35,0.35,0.35,0.35
1.622,0.35,0.35,0.35,0.35
1.624,0.35,0.35,0.35,0.35
1.626,0.35,0.35,0.35,0.35
1.628,0.35,0.35,0.35,0.35
1.63,0.35,0.35,0.35,0.35
1.632,0.35,0.35,0.35,0.35
1.634,0.35,0.35,0.35,0.35
1.636,0.35,0.35,0.35,0.35
1.638,0.35,0.35,0.35,0.35
1.64,0.35,0.35,0.35,0.35
1.642,0.35,0.35,0.35,0.35
1.644,0.35,0.35,0.35,0.35
1.646,0.35,0.35,0.35,0.35
1.648,0.35,0.35,0.35,0.35
1.65,0.35,0.35,0.35,0.35
1.652,0.35,0.35,0.35,0.35
1.654,0.35,0.35,0.35,0.35
1.656,0.35,0.35,0.35,0.35
1.658,0.35,0.35,0.35,0.35
1.66,0.35,0.35,0.35,0.35
1.662,0.35,0.35,0.35,0.35
1.664,0.35,0.35,0.35,0.35
1.666,0.35,0.35,0.35,0.35
1.668,0.35,0.35,0.35,0.35
1.67,0.35,0.35,0.35,0.35
1.672,0.35,0.35,0.35,0.35
1.674,0.35,0.35,0.35,0.35
1.676,0.35,0.35,0.35,0.35
1.678,0.35,0.35,0.35,0.35
1.68,0.35,0.35,0.35,0.35
1.682,0.35,0.35,0.35,0.35
1.684,0.35,0.35,0.35,0.35
1.686,0.35,0.35,0.35,0.35
1.688,0.35,0.35,0.35,0.35
1.69,0.35,0.35,0.35,0.35
1.692,0.35,0.35,0.35,0.35
1.694,0.35,0.35,0.35,0.35
1.696,0.35,0.35,0.35,0.35
1.698,0.35,0.35,0.35,0.35
1.7,0.35,0.35,0.35,0.35
1.702,0.35,0.35,0.35,0.35
1.704,0.35,0.35,0.35,0.35
1.706,0.35,0.35,0.35,0.35
1.708,0.35,0.35,0.35,0.35
1.71,0.35,0.35,0.35,0.35
1.712,0.35,0.35,0.35,0.35
1.714,0.35,0.35,0.35,0.35
1.716,0.35,0.35,0.35,0.35
1.718,0.35,0.35,0.35,0.35
1.72,0.35,0.35,0.35,0.35
1.722,0.35,0.35,0.35,0.35
1.724,0.35,0.35,0.35,0.35
1.726,0.35,0.35,0.35,0.35
1.728,0.35,0.35,0.35,0.35
1.73,0.35,0.35,0.35,0.35
1.732,0.35,0.35,0.35,0.35
1.734,0.35,0.35,0.35,0.35
1.736,0.35,0.35,0.35,0.35
1.738,0.35,0.35,0.35,0.35
1.74,0.35,0.35,0.35,0.35
1.742,0.35,0.35,0.35,0.35
1.744,0.35,0.35,0.35,0.35
1.746,0.35,0.35,0.35,0.35
1.748,0.35,0.35,0.35,0.35
1.75,0.35,0.35,0.35,0.35
1.752,0.35,0.35,0.35,0.35
1.754,0.35,0.35,0.35,0.35
1.756,0.35,0.35,0.35,0.35
1.758,0.35,0.35,0.35,0.35
1.76,0.35,0.35,0.35,0.35
1.762,0.35,0.35,0.35,0.35
1.764,0.35,0.35,0.35,0.35
1.766,0.35,0.35,0.35,0.35
1.768,0.35,0.35,0.35,0.35
1.77,0.35,0.35,0.35,0.35
1.772,0.35,0.35,0.35,0.35
1.774,0.35,0.35,0.35,0.35
1.776,0.35,0.35,0.35,0.35
1.778,0.35,0.35,0.35,0.35
1.78,0.35,0.35,0.35,0.35
1.782,0.35,0.35,0.35,0.35
1.784,0.35,0.35,0.35,0.35
1.786,0.35,0.35,0.35,0.35
1.788,0.35,0.35,0.35,0.35
1.79,0.35,0.35,0.35,0.35
1.792,0.35,0.35,0.35,0.35
1.794,0.35,0.35,0.35,0.35
1.796,0.35,0.35,0.35,0.35
1.798,0.35,0.35,0.35,0.35
1.8,0.35,0.35,0.35,0.35
1.802,0.35,0.35,0.35,0.35
1.804,0.35,0.35,0.35,0.35
1.806,0.35,0.35,0.35,0.35
1.808,0.35,0.35,0.35,0.35
1.81,0.35,0.35,0.35,0.35
1.812,0.35,0.35,0.35,0.35
1.814,0.35,0.35,0.35,0.35
1.816,0.35,0.35,0.35,0.35
1.818,0.35,0.35,0.35,0.35
1.82,0.35,0.35,0.35,0.35
1.822,0.35,0.35,0.35,0.35
1.824,0.35,0.35,0.35,0.35
1.826,0.35,0.35,0.35,0.35
1.828,0.35,0.35,0.35,0.35
1.83,0.35,0.35,0.35,0.35
1.832,0.35,0.35,0.35,0.35
1.834,0.35,0.35,0.35,0.35
1.836,0.35,0.35,0.35,0.35
1.838,0.35,0.35,0.35,0.35
1.84,0.35,0.35,0.35,0.35
1.842,0.35,0.35,0.35,0.35
1.844,0.35,0.35,0.35,0.35
1.846,0.35,0.35,0.35,0.35
1.848,0.35,0.35,0.35,0.35
1.85,0.35,0.35,0.35,0.35
1.852,0.35,0.35,0.35,0.35
1.854,0.35,0.35,0.35,0.35
1.856,0.35,0.35,0.35,0.35
1.858,0.35,0.35,0.35,0.35
1.86,0.35,0.35,0.35,0.35
1.862,0.35,0.35,0.35,0.35
1.864,0.35,0.35,0.35,0.35
1.866,0.35,0.35,0.35,0.35
1.868,0.35,0.35,0.35,0.35
1.87,0.35,0.35,0.35,0.35
1.872,0.35,0.35,0.35,0.35
1.874,0.35,0.35,0.35,0.35
1.876,0.35,0.35,0.35,0.35
1.878,0.35,0.35,0.35,0.35
1.88,0.35,0.35,0.35,0.35
1.882,0.35,0.35,0.35,0.35
1.884,0.35,0.35,0.35,0.35
1.886,0.35,0.35,0.35,0.35
1.888,0.35,0.35,0.35,0.35
1.89,0.35,0.35,0.35,0.35
1.892,0.35,0.35,0.35,0.35
1.894,0.35,0.35,0.35,0.35
1.896,0.35,0.35,0.35,0.35
1.898,0.35,0.35,0.35,0.35
1.9,0.35,0.35,0.35,0.35
1.902,0.35,0.35,0.35,0.35
1.904,0.35,0.35,0.35,0.35
1.906,0.35,0.35,0.35,0.35
1.908,0.35,0.35,0.35,0.35
1.91,0.35,0.35,0.35,0.35
1.912,0.35,0.35,0.35,0.35
1.914,0.35,0.35,0.35,0.35
1.916,0.35,0.35,0.35,0.35
1.918,0.35,0.35,0.35,0.35
1.92,0.35,0.35,0.35,0.35
1.922,0.35,0.35,0.35,0.35
1.924,0.35,0.35,0.35,0.35
1.926,0.35,0.35,0.35,0.35
1.928,0.35,0.35,0.35,0.35
1.93,0.35,0.35,0.35,0.35
1.932,0.35,0.35,0.35,0.35
1.934,0.35,0.35,0.35,0.35
1.936,0.35,0.35,0.35,0.35
1.938,0.35,0.35,0.35,0.35
1.94,0.35,0.35,0.35,0.35
1.942,0.35,0.35,0.35,0.35
1.944,0.35,0.35,0.35,0.35
1.946,0.35,0.35,0.35,0.35
1.948,0.35,0.35,0.35,0.35
1.95,0.35,0.35,0.35,0.35
1.952,0.35,0.35,0.35,0.35
1.954,0.35,0.35,0.35,0.35
1.956,0.35,0.35,0.35,0.35
1.958,0.35,0.35,0.35,0.35
1.96,0.35,0.35,0.35,0.35
1.962,0.35,0.35,0.35,0.35
1.964,0.35,0.35,0.35,0.35
1.966,0.35,0.35,0.35,0.35
1.968,0.35,0.35,0.35,0.35
1.97,0.35,0.35,0.35,0.35
1.972,0.35,0.35,0.35,0.35
1.974,0.35,0.35,0.35,0.35
1.976,0.35,0.35,0.35,0.35
1.978,0.35,0.35,0.35,0.35
1.98,0.35,0.35,0.35,0.35
1.982,0.35,0.35,0.35,0.35
1.984,0.35,0.35,0.35,0.35
1.986,0.35,0.35,0.35,0.35
1.988,0.35,0.35,0.35,0.35
1.99,0.35,0.35,0.35,0.35
1.992,0.35,0.35,0.35,0.35
1.994,0.35,0.35,0.35,0.35
1.996,0.35,0.35,0.35,0.35
1.998,0.35,0.35,0.35,0.35
2.0,0.35,0.35,0.35,0.35
2.002,0.35,0.35,0.35,0.35
2.004,0.35,0.35,0.35,0.35
2.006,0.35,0.35,0.35,0.35
2.008,0.35,0.35,0.35,0.35
2.01,0.35,0.35,0.35,0.35
2.012,0.35,0.35,0.35,0.35
2.014,0.35,0.35,0.35,0.35
2.016,0.35,0.35,0.35,0.35
2.018,0.35,0.35,0.35,0.35
2.02,0.35,0.35,0.35,0.35
2.022,0.35,0.35,0.35,0.35
2.024,0.35,0.35,0.35,0.35
2.026,0.35,0.35,0.35,0.35
2.028,0.35,0.35,0.35,0.35
2.03,0.35,0.35,0.35,0.35
2.032,0.35,0.35,0.35,0.35
2.034,0.35,0.35,0.35,0.35
2.036,0.35,0.35,0.35,0.35
2.038,0.35,0.35,0.35,0.35
2.04,0.35,0.35,0.35,0.35
2.042,0.35,0.35,0.35,0.35
2.044,0.35,0.35,0.35,0.35
2.046,0.35,0.35,0.35,0.35
2.048,0.35,0.35,0.35,0.35
2.05,0.35,0.35,0.35,0.35
2.052,0.35,0.35,0.35,0.35
2.054,0.35,0.35,0.35,0.35
2.056,0.35,0.35,0.35,0.35
2.058,0.35,0.35,0.35,0.35
2.06,0.35,0.35,0.35,0.35
2.062,0.35,0.35,0.35,0.35
2.064,0.35,0.35,0.35,0.35
2.066,0.35,0.35,0.35,0.35
2.068,0.35,0.35,0.35,0.35
2.07,0.35,0.35,0.35,0.35
2.072,0.35,0.35,0.35,0.35
2.074,0.35,0.35,0.35,0.35
2.076,0.35,0.35,0.35,0.35
2.078,0.35,0.35,0.35,0.35
2.08,0.35,0.35,0.35,0.35
2.082,0.35,0.35,0.35,0.35
2.084,0.35,0.35,0.35,0.35
2.086,0.35,0.35,0.35,0.35
2.088,0.35,0.35,0.35,0.35
2.09,0.35,0.35,0.35,0.35
2.092,0.35,0.35,0.35,0.35
2.094,0.35,0.35,0.35,0.35
2.096,0.35,0.35,0.35,0.35
2.098,0.35,0.35,0.35,0.35
2.1,0.35,0.35,0.35,0.35
2.102,0.35,0.35,0.35,0.35
2.104,0.35,0.35,0.35,0.35
2.106,0.35,0.35,0.35,0.35
2.108,0.35,0.35,0.35,0.35
2.11,0.35,0.35,0.35,0.35
2.112,0.35,0.35,0.35,0.35
2.114,0.35,0.35,0.35,0.35
2.116,0.35,0.35,0.35,0.35
2.118,0.35,0.35,0.35,0.35
2.12,0.35,0.35,0.35,0.35
2.122,0.35,0.35,0.35,0.35
2.124,0.35,0.35,0.35,0.35
2.126,0.35,0.35,0.35,0.35
2.128,0.35,0.35,0.35,0.35
2.13,0.35,0.35,0.35,0.35
2.132,0.35,0.35,0.35,0.35
2.134,0.35,0.35,0.35,0.35
2.136,0.35,0.35,0.35,0.35
2.138,0.35,0.35,0.35,0.35
2.14,0.35,0.35,0.35,0.35
2.142,0.35,0.35,0.35,0.35
2.144,0.35,0.35,0.35,0.35
2.146,0.35,0.35,0.35,0.35
2.148,0.35,0.35,0.35,0.35
2.15,0.35,0.35,0.35,0.35
2.152,0.35,0.35,0.35,0.35
2.154,0.35,0.35,0.35,0.35
2.156,0.35,0.35,0.35,0.35
2.158,0.35,0.35,0.35,0.35
2.16,0.35,0.35,0.35,0.35
2.162,0.35,0.35,0.35,0.35
2.164,0.35,0.35,0.35,0.35
2.166,0.35,0.35,0.35,0.35
2.168,0.35,0.35,0.35,0.35
2.17,0.35,0.35,0.35,0.35
2.172,0.35,0.35,0.35,0.35
2.174,0.35,0.35,0.35,0.35
2.176,0.35,0.35,0.35,0.35
2.178,0.35,0.35,0.35,0.35
2.18,0.35,0.35,0.35,0.35
2.182,0.35,0.35,0.35,0.35
2.184,0.35,0.35,0.35,0.35
2.186,0.35,0.35,0.35,0.35
2.188,0.35,0.35,0.35,0.35
2.19,0.35,0.35,0.35,0.35
2.192,0.35,0.35,0.35,0.35
2.194,0.35,0.35,0.35,0.35
2.196,0.35,0.35,0.35,0.35
2.198,0.35,0.35,0.35,0.35
2.2,0.35,0.35,0.35,0.35
2.202,0.35,0.35,0.35,0.35
2.204,0.35,0.35,0.35,0.35
2.206,0.35,0.35,0.35,0.35
2.208,0.35,0.35,0.35,0.35
2.21,0.35,0.35,0.35,0.35
2.212,0.35,0.35,0.35,0.35
2.214,0.35,0.35,0.35,0.35
2.216,0.35,0.35,0.35,0.35
2.218,0.35,0.35,0.35,0.35
2.22,0.35,0.35,0.35,0.35
2.222,0.35,0.35,0.35,0.35
2.224,0.35,0.35,0.35,0.35
2.226,0.35,0.35,0.35,0.35
2.228,0.35,0.35,0.35,0.35
2.23,0.35,0.35,0.35,0.35
2.232,0.35,0.35,0.35,0.35
2.234,0.35,0.35,0.35,0.35
2.236,0.35,0.35,0.35,0.35
2.238,0.35,0.35,0.35,0.35
2.24,0.35,0.35,0.35,0.35
2.242,0.35,0.35,0.35,0.35
2.244,0.35,0.35,0.35,0.35
2.246,0.35,0.35,0.35,0.35
2.248,0.35,0.35,0.35,0.35
2.25,0.35,0.35,0.35,0.35
2.252,0.35,0.35,0.35,0.35
2.254,0.35,0.35,0.35,0.35
2.256,0.35,0.35,0.35,0.35
2.258,0.35,0.35,0.35,0.35
2.26,0.35,0.35,0.35,0.35
2.262,0.35,0.35,0.35,0.35
2.264,0.35,0.35,0.35,0.35
2.266,0.35,0.35,0.35,0.35
2.268,0.35,0.35,0.35,0.35
2.27,0.35,0.35,0.35,0.35
2.272,0.35,0.35,0.35,0.35
2.274,0.35,0.35,0.35,0.35
2.276,0.35,0.35,0.35,0.35
2.278,0.35,0.35,0.35,0.35
2.28,0.35,0.35,0.35,0.35
2.282,0.35,0.35,0.35,0.35
2.284,0.35,0.35,0.35,0.35
2.286,0.35,0.35,0.35,0.35
2.288,0.35,0.35,0.35,0.35
2.29,0.35,0.35,0.35,0.35
2.292,0.35,0.35,0.35,0.35
2.294,0.35,0.35,0.35,0.35
2.296,0.35,0.35,0.35,0.35
2.298,0.35,0.35,0.35,0.35
2.3,0.35,0.35,0.35,0.35
2.302,0.35,0.35,0.35,0.35
2.304,0.35,0.35,0.35,0.35
2.306,0.35,0.35,0.35,0.35
2.308,0.35,0.35,0.35,0.35
2.31,0.35,0.35,0.35,0.35
2.312,0.35,0.35,0.35,0.35
2.314,0.35,0.35,0.35,0.35
2.316,0.35,0.35,0.35,0.35
2.318,0.35,0.35,0.35,0.35
2.32,0.35,0.35,0.35,0.35
2.322,0.35,0.35,0.35,0.35
2.324,0.35,0.35,0.35,0.35
2.326,0.35,0.35,0.35,0.35
2.328,0.35,0.35,0.35,0.35
2.33,0.35,0.35,0.35,0.35
2.332,0.35,0.35,0.35,0.35
2.334,0.35,0.35,0.35,0.35
2.336,0.35,0.35,0.35,0.35
2.338,0.35,0.35,0.35,0.35
2.34,0.35,0.35,0.35,0.35
2.342,0.35,0.35,0.35,0.35
2.344,0.35,0.35,0.35,0.35
2.346,0.35,0.35,0.35,0.35
2.348,0.35,0.35,0.35,0.35
2.35,0.35,0.35,0.35,0.35
2.352,0.35,0.35,0.35,0.35
2.354,0.35,0.35,0.35,0.35
2.356,0.35,0.35,0.35,0.35
2.358,0.35,0.35,0.35,0.35
2.36,0.35,0.35,0.35,0.35
2.362,0.35,0.35,0.35,0.35
2.364,0.35,0.35,0.35,0.35
2.366,0.35,0.35,0.35,0.35
2.368,0.35,0.35,0.35,0.35
2.37,0.35,0.35,0.35,0.35
2.372,0.35,0.35,0.35,0.35
2.374,0.35,0.35,0.35,0.35
2.376,0.35,0.35,0.35,0.35
2.378,0.35,0.35,0.35,0.35
2.38,0.35,0.35,0.35,0.35
2.382,0.35,0.35,0.35,0.35
2.384,0.35,0.35,0.35,0.35
2.386,0.35,0.35,0.35,0.35
2.388,0.35,0.35,0.35,0.35
2.39,0.35,0.35,0.35,0.35
2.392,0.35,0.35,0.35,0.35
2.394,0.35,0.35,0.35,0.35
2.396,0.35,0.35,0.35,0.35
2.398,0.35,0.35,0.35,0.35
2.4,0.35,0.35,0.35,0.35
2.402,0.35,0.35,0.35,0.35
2.404,0.35,0.35,0.35,0.35
2.406,0.35,0.35,0.35,0.35
2.408,0.35,0.35,0.35,0.35
2.41,0.35,0.35,0.35,0.35
2.412,0.35,0.35,0.35,0.35
2.414,0.35,0.35,0.35,0.35
2.416,0.35,0.35,0.35,0.35
2.418,0.35,0.35,0.35,0.35
2.42,0.35,0.35,0.35,0.35
2.422,0.35,0.35,0.35,0.35
2.424,0.35,0.35,0.35,0.35
2.426,0.35,0.35,0.35,0.35
2.428,0.35,0.35,0.35,0.35
2.43,0.35,0.35,0.35,0.35
2.432,0.35,0.35,0.35,0.35
2.434,0.35,0.35,0.35,0.35
2.436,0.35,0.35,0.35,0.35
2.438,0.35,0.35,0.35,0.35
2.44,0.35,0.35,0.35,0.35
2.442,0.35,0.35,0.35,0.35
2.444,0.35,0.35,0.35,0.35
2.446,0.35,0.35,0.35,0.35
2.448,0.35,0.35,0.35,0.35
2.45,0.35,0.35,0.35,0.35
2.452,0.35,0.35,0.35,0.35
2.454,0.35,0.35,0.35,0.35
2.456,0.35,0.35,0.35,0.35
2.458,0.35,0.35,0.35,0.35
2.46,0.35,0.35,0.35,0.35
2.462,0.35,0.35,0.35,0.35
2.464,0.35,0.35,0.35,0.35
2.466,0.35,0.35,0.35,0.35
2.468,0.35,0.35,0.35,0.35
2.47,0.35,0.35,0.35,0.35
2.472,0.35,0.35,0.35,0.35
2.474,0.35,0.35,0.35,0.35
2.476,0.35,0.35,0.35,0.35
2.478,0.35,0.35,0.35,0.35
2.48,0.35,0.35,0.35,0.35
2.482,0.35,0.35,0.35,0.35
2.484,0.35,0.35,0.35,0.35
2.486,0.35,0.35,0.35,0.35
2.488,0.35,0.35,0.35,0.35
2.49,0.35,0.35,0.35,0.35
2.492,0.35,0.35,0.35,0.35
2.494,0.35,0.35,0.35,0.35
2.496,0.35,0.35,0.35,0.35
2.498,0.35,0.35,0.35,0.35
2.5,0.35,0.35,0.35,0.35
2.502,0.35,0.35,0.35,0.35
2.504,0.35,0.35,0.35,0.35
2.506,0.35,0.35,0.35,0.35
2.508,0.35,0.35,0.35,0.35
2.51,0.35,0.35,0.35,0.35
2.512,0.35,0.35,0.35,0.35
2.514,0.35,0.35,0.35,0.35
2.516,0.35,0.35,0.35,0.35
2.518,0.35,0.35,0.35,0.35
2.52,0.35,0.35,0.35,0.35
2.522,0.35,0.35,0.35,0.35
2.524,0.35,0.35,0.35,0.35
2.526,0.35,0.35,0.35,0.35
2.528,0.35,0.35,0.35,0.35
2.53,0.35,0.35,0.35,0.35
2.532,0.35,0.35,0.35,0.35
2.534,0.35,0.35,0.35,0.35
2.536,0.35,0.35,0.35,0.35
2.538,0.35,0.35,0.35,0.35
2.54,0.35,0.35,0.35,0.35
2.542,0.35,0.35,0.35,0.35
2.544,0.35,0.35,0.35,0.35
2.546,0.35,0.35,0.35,0.35
2.548,0.35,0.35,0.35,0.35
2.55,0.35,0.35,0.35,0.35
2.552,0.35,0.35,0.35,0.35
2.554,0.35,0.35,0.35,0.35
2.556,0.35,0.35,0.35,0.35
2.558,0.35,0.35,0.35,0.35
2.56,0.35,0.35,0.35,0.35
2.562,0.35,0.35,0.35,0.35
2.564,0.35,0.35,0.35,0.35
2.566,0.35,0.35,0.35,0.35
2.568,0.35,0.35,0.35,0.35
2.57,0.35,0.35,0.35,0.35
2.572,0.35,0.35,0.35,0.35
2.574,0.35,0.35,0.35,0.35
2.576,0.35,0.35,0.35,0.35
2.578,0.35,0.35,0.35,0.35
2.58,0.35,0.35,0.35,0.35
2.582,0.35,0.35,0.35,0.35
2.584,0.35,0.35,0.35,0.35
2.586,0.35,0.35,0.35,0.35
2.588,0.35,0.35,0.35,0.35
2.59,0.35,0.35,0.35,0.35
2.592,0.35,0.35,0.35,0.35
2.594,0.35,0.35,0.35,0.35
2.596,0.35,0.35,0.35,0.35
2.598,0.35,0.35,0.35,0.35
2.6,0.35,0.35,0.35,0.35
2.602,0.35,0.35,0.35,0.35
2.604,0.35,0.35,0.35,0.35
2.606,0.35,0.35,0.35,0.35
2.608,0.35,0.35,0.35,0.35
2.61,0.35,0.35,0.35,0.35
2.612,0.35,0.35,0.35,0.35
2.614,0.35,0.35,0.35,0.35
2.616,0.35,0.35,0.35,0.35
2.618,0.35,0.35,0.35,0.35
2.62,0.35,0.35,0.35,0.35
2.622,0.35,0.35,0.35,0.35
2.624,0.35,0.35,0.35,0.35
2.626,0.35,0.35,0.35,0.35
2.628,0.35,0.35,0.35,0.35
2.63,0.35,0.35,0.35,0.35
2.632,0.35,0.35,0.35,0.35
2.634,0.35,0.35,0.35,0.35
2.636,0.35,0.35,0.35,0.35
2.638,0.35,0.35,0.35,0.35
2.64,0.35,0.35,0.35,0.35
2.642,0.35,0.35,0.35,0.35
2.644,0.35,0.35,0.35,0.35
2.646,0.35,0.35,0.35,0.35
2.648,0.35,0.35,0.35,0.35
2.65,0.35,0.35,0.35,0.35
2.652,0.35,0.35,0.35,0.35
2.654,0.35,0.35,0.35,0.35
2.656,0.35,0.35,0.35,0.35
2.658,0.35,0.35,0.35,0.35
2.66,0.35,0.35,0.35,0.35
2.662,0.35,0.35,0.35,0.35
2.664,0.35,0.35,0.35,0.35
2.666,0.35,0.35,0.35,0.35
2.668,0.35,0.35,0.35,0.35
2.67,0.35,0.35,0.35,0.35
2.672,0.35,0.35,0.35,0.35
2.674,0.35,0.35,0.35,0.35
2.676,0.35,0.35,0.35,0.35
2.678,0.35,0.35,0.35,0.35
2.68,0.35,0.35,0.35,0.35
2.682,0.35,0.35,0.35,0.35
2.684,0.35,0.35,0.35,0.35
2.686,0.35,0.35,0.35,0.35
2.688,0.35,0.35,0.35,0.35
2.69,0.35,0.35,0.35,0.35
2.692,0.35,0.35,0.35,0.35
2.694,0.35,0.35,0.35,0.35
2.696,0.35,0.35,0.35,0.35
2.698,0.35,0.35,0.35,0.35
2.7,0.35,0.35,0.35,0.35
2.702,0.35,0.35,0.35,0.35
2.704,0.35,0.35,0.35,0.35
2.706,0.35,0.35,0.35,0.35
2.708,0.35,0.35,0.35,0.35
2.71,0.35,0.35,0.35,0.35
2.712,0.35,0.35,0.35,0.35
2.714,0.35,0.35,0.35,0.35
2.716,0.35,0.35,0.35,0.35
2.718,0.35,0.35,0.35,0.35
2.72,0.35,0.35,0.35,0.35
2.722,0.35,0.35,0.35,0.35
2.724,0.35,0.35,0.35,0.35
2.726,0.35,0.35,0.35,0.35
2.728,0.35,0.35,0.35,0.35
2.73,0.35,0.35,0.35,0.35
2.732,0.35,0.35,0.35,0.35
2.734,0.35,0.35,0.35,0.35
2.736,0.35,0.35,0.35,0.35
2.738,0.35,0.35,0.35,0.35
2.74,0.35,0.35,0.35,0.35
2.742,0.35,0.35,0.35,0.35
2.744,0.35,0.35,0.35,0.35
2.746,0.35,0.35,0.35,0.35
2.748,0.35,0.35,0.35,0.35
2.75,0.35,0.35,0.35,0.35
2.752,0.35,0.35,0.35,0.35
2.754,0.35,0.35,0.35,0.35
2.756,0.35,0.35,0.35,0.35
2.758,0.35,0.35,0.35,0.35
2.76,0.35,0.35,0.35,0.35
2.762,0.35,0.35,0.35,0.35
2.764,0.35,0.35,0.35,0.35
2.766,0.35,0.35,0.35,0.35
2.768,0.35,0.35,0.35,0.35
2.77,0.35,0.35,0.35,0.35
2.772,0.35,0.35,0.35,0.35
2.774,0.35,0.35,0.35,0.35
2.776,0.35,0.35,0.35,0.35
2.778,0.35,0.35,0.35,0.35
2.78,0.35,0.35,0.35,0.35
2.782,0.35,0.35,0.35,0.35
2.784,0.35,0.35,0.35,0.35
2.786,0.35,0.35,0.35,0.35
2.788,0.35,0.35,0.35,0.35
2.79,0.35,0.35,0.35,0.35
2.792,0.35,0.35,0.35,0.35
2.794,0.35,0.35,0.35,0.35
2.796,0.35,0.35,0.35,0.35
2.798,0.35,0.35,0.35,0.35
2.8,0.35,0.35,0.35,0.35
2.802,0.35,0.35,0.35,0.35
2.804,0.35,0.35,0.35,0.35
2.806,0.35,0.35,0.35,0.35
2.808,0.35,0.35,0.35,0.35
2.81,0.35,0.35,0.35,0.35
2.812,0.35,0.35,0.35,0.35
2.814,0.35,0.35,0.35,0.35
2.816,0.35,0.35,0.35,0.35
2.818,0.35,0.35,0.35,0.35
2.82,0.35,0.35,0.35,0.35
2.822,0.35,0.35,0.35,0.35
2.824,0.35,0.35,0.35,0.35
2.826,0.35,0.35,0.35,0.35
2.828,0.35,0.35,0.35,0.35
2.83,0.35,0.35,0.35,0.35
2.832,0.35,0.35,0.35,0.35
2.834,0.35,0.35,0.35,0.35
2.836,0.35,0.35,0.35,0.35
2.838,0.35,0.35,0.35,0.35
2.84,0.35,0.35,0.35,0.35
2.842,0.35,0.35,0.35,0.35
2.844,0.35,0.35,0.35,0.35
2.846,0.35,0.35,0.35,0.35
2.848,0.35,0.35,0.35,0.35
2.85,0.35,0.35,0.35,0.35
2.852,0.35,0.35,0.35,0.35
2.854,0.35,0.35,0.35,0.35
2.856,0.35,0.35,0.35,0.35
2.858,0.35,0.35,0.35,0.35
2.86,0.35,0.35,0.35,0.35
2.862,0.35,0.35,0.35,0.35
2.864,0.35,0.35,0.35,0.35
2.866,0.35,0.35,0.35,0.35
2.868,0.35,0.35,0.35,0.35
2.87,0.35,0.35,0.35,0.35
2.872,0.35,0.35,0.35,0.35
2.874,0.35,0.35,0.35,0.35
2.876,0.35,0.35,0.35,0.35
2.878,0.35,0.35,0.35,0.35
2.88,0.35,0.35,0.35,0.35
2.882,0.35,0.35,0.35,0.35
2.884,0.35,0.35,0.35,0.35
2.886,0.35,0.35,0.35,0.35
2.888,0.35,0.35,0.35,0.35
2.89,0.35,0.35,0.35,0.35
2.892,0.35,0.35,0.35,0.35
2.894,0.35,0.35,0.35,0.35
2.896,0.35,0.35,0.35,0.35
2.898,0.35,0.35,0.35,0.35
2.9,0.35,0.35,0.35,0.35
2.902,0.35,0.35,0.35,0.35
2.904,0.35,0.35,0.35,0.35
2.906,0.35,0.35,0.35,0.35
2.908,0.35,0.35,0.35,0.35
2.91,0.35,0.35,0.35,0.35
2.912,0.35,0.35,0.35,0.35
2.914,0.35,0.35,0.35,0.35
2.916,0.35,0.35,0.35,0.35
2.918,0.35,0.35,0.35,0.35
2.92,0.35,0.35,0.35,0.35
2.922,0.35,0.35,0.35,0.35
2.924,0.35,0.35,0.35,0.35
2.926,0.35,0.35,0.35,0.35
2.928,0.35,0.35,0.35,0.35
2.93,0.35,0.35,0.35,0.35
2.932,0.35,0.35,0.35,0.35
2.934,0.35,0.35,0.35,0.35
2.936,0.35,0.35,0.35,0.35
2.938,0.35,0.35,0.35,0.35
2.94,0.35,0.35,0.35,0.35
2.942,0.35,0.35,0.35,0.35
2.944,0.35,0.35,0.35,0.35
2.946,0.35,0.35,0.35,0.35
2.948,0.35,0.35,0.35,0.35
2.95,0.35,0.35,0.35,0.35
2.952,0.35,0.35,0.35,0.35
2.954,0.35,0.35,0.35,0.35
2.956,0.35,0.35,0.35,0.35
2.958,0.35,0.35,0.35,0.35
2.96,0.35,0.35,0.35,0.35
2.962,0.35,0.35,0.35,0.35
2.964,0.35,0.35,0.35,0.35
2.966,0.35,0.35,0.35,0.35
2.968,0.35,0.35,0.35,0.35
2.97,0.35,0.35,0.35,0.35
2.972,0.35,0.35,0.35,0.35
2.974,0.35,0.35,0.35,0.35
2.976,0.35,0.35,0.35,0.35
2.978,0.35,0.35,0.35,0.35
2.98,0.35,0.35,0.35,0.35
2.982,0.35,0.35,0.35,0.35
2.984,0.35,0.35,0.35,0.35
2.986,0.35,0.35,0.35,0.35
2.988,0.35,0.35,0.35,0.35
2.99,0.35,0.35,0.35,0.35
2.992,0.35,0.35,0.35,0.35
2.994,0.35,0.35,0.35,0.35
2.996,0.35,0.35,0.35,0.35
2.998,0.35,0.35,0.35,0.35
3.0,0.35,0.35,0.35,0.35
3.002,0.35,0.35,0.35,0.35
3.004,0.35,0.35,0.35,0.35
3.006,0.35,0.35,0.35,0.35
3.008,0.35,0.35,0.35,0.35
3.01,0.35,0.35,0.35,0.35
3.012,0.35,0.35,0.35,0.35
3.014,0.35,0.35,0.35,0.35
3.016,0.35,0.35,0.35,0.35
3.018,0.35,0.35,0.35,0.35
3.02,0.35,0.35,0.35,0.35
3.022,0.35,0.35,0.35,0.35
3.024,0.35,0.35,0.35,0.35
3.026,0.35,0.35,0.35,0.35
3.028,0.35,0.35,0.35,0.35
3.03,0.35,0.35,0.35,0.35
3.032,0.35,0.35,0.35,0.35
3.034,0.35,0.35,0.35,0.35
3.036,0.35,0.35,0.35,0.35
3.038,0.35,0.35,0.35,0.35
3.04,0.35,0.35,0.35,0.35
3.042,0.35,0.35,0.35,0.35
3.044,0.35,0.35,0.35,0.35
3.046,0.35,0.35,0.35,0.35
3.048,0.35,0.35,0.35,0.35
3.05,0.35,0.35,0.35,0.35
3.052,0.35,0.35,0.35,0.35
3.054,0.35,0.35,0.35,0.35
3.056,0.35,0.35,0.35,0.35
3.058,0.35,0.35,0.35,0.35
3.06,0.35,0.35,0.35,0.35
3.062,0.35,0.35,0.35,0.35
3.064,0.35,0.35,0.35,0.35
3.066,0.35,0.35,0.35,0.35
3.068,0.35,0.35,0.35,0.35
3.07,0.35,0.35,0.35,0.35
3.072,0.35,0.35,0.35,0.35
3.074,0.35,0.35,0.35,0.35
3.076,0.35,0.35,0.35,0.35
3.078,0.35,0.35,0.35,0.35
3.08,0.35,0.35,0.35,0.35
3.082,0.35,0.35,0.35,0.35
3.084,0.35,0.35,0.35,0.35
3.086,0.35,0.35,0.35,0.35
3.088,0.35,0.35,0.35,0.35
3.09,0.35,0.35,0.35,0.35
3.092,0.35,0.35,0.35,0.35
3.094,0.35,0.35,0.35,0.35
3.096,0.35,0.35,0.35,0.35
3.098,0.35,0.35,0.35,0.35
3.1,0.35,0.35,0.35,0.35
3.102,0.35,0.35,0.35,0.35
3.104,0.35,0.35,0.35,0.35
3.106,0.35,0.35,0.35,0.35
3.108,0.35,0.35,0.35,0.35
3.11,0.35,0.35,0.35,0.35
3.112,0.35,0.35,0.35,0.35
3.114,0.35,0.35,0.35,0.35
3.116,0.35,0.35,0.35,0.35
3.118,0.35,0.35,0.35,0.35
3.12,0.35,0.35,0.35,0.35
3.122,0.35,0.35,0.35,0.35
3.124,0.35,0.35,0.35,0.35
3.126,0.35,0.35,0.35,0.35
3.128,0.35,0.35,0.35,0.35
3.13,0.35,0.35,0.35,0.35
3.132,0.35,0.35,0.35,0.35
3.134,0.35,0.35,0.35,0.35
3.136,0.35,0.35,0.35,0.35
3.138,0.35,0.35,0.35,0.35
3.14,0.35,0.35,0.35,0.35
3.142,0.35,0.35,0.35,0.35
3.144,0.35,0.35,0.35,0.35
3.146,0.35,0.35,0.35,0.35
3.148,0.35,0.35,0.35,0.35
3.15,0.35,0.35,0.35,0.35
3.152,0.35,0.35,0.35,0.35
3.154,0.35,0.35,0.35,0.35
3.156,0.35,0.35,0.35,0.35
3.158,0.35,0.35,0.35,0.35
3.16,0.35,0.35,0.35,0.35
3.162,0.35,0.35,0.35,0.35
3.164,0.35,0.35,0.35,0.35
3.166,0.35,0.35,0.35,0.35
3.168,0.35,0.35,0.35,0.35
3.17,0.35,0.35,0.35,0.35
3.172,0.35,0.35,0.35,0.35
3.174,0.35,0.35,0.35,0.35
3.176,0.35,0.35,0.35,0.35
3.178,0.35,0.35,0.35,0.35
3.18,0.35,0.35,0.35,0.35
3.182,0.35,0.35,0.35,0.35
3.184,0.35,0.35,0.35,0.35
3.186,0.35,0.35,0.35,0.35
3.188,0.35,0.35,0.35,0.35
3.19,0.35,0.35,0.35,0.35
3.192,0.35,0.35,0.35,0.35
3.194,0.35,0.35,0.35,0.35
3.196,0.35,0.35,0.35,0.35
3.198,0.35,0.35,0.35,0.35
3.2,0.35,0.35,0.35,0.35
3.202,0.35,0.35,0.35,0.35
3.204,0.35,0.35,0.35,0.35
3.206,0.35,0.35,0.35,0.35
3.208,0.35,0.35,0.35,0.35
3.21,0.35,0.35,0.35,0.35
3.212,0.35,0.35,0.35,0.35
3.214,0.35,0.35,0.35,0.35
3.216,0.35,0.35,0.35,0.35
3.218,0.35,0.35,0.35,0.35
3.22,0.35,0.35,0.35,0.35
3.222,0.35,0.35,0.35,0.35
3.224,0.35,0.35,0.35,0.35
3.226,0.35,0.35,0.35,0.35
3.228,0.35,0.35,0.35,0.35
3.23,0.35,0.35,0.35,0.35
3.232,0.35,0.35,0.35,0.35
3.234,0.35,0.35,0.35,0.35
3.236,0.35,0.35,0.35,0.35
3.238,0.35,0.35,0.35,0.35
3.24,0.35,0.35,0.35,0.35
3.242,0.35,0.35,0.35,0.35
3.244,0.35,0.35,0.35,0.35
3.246,0.35,0.35,0.35,0.35
3.248,0.35,0.35,0.35,0.35
3.25,0.35,0.35,0.35,0.35
3.252,0.35,0.35,0.35,0.35
3.254,0.35,0.35,0.35,0.35
3.256,0.35,0.35,0.35,0.35
3.258,0.35,0.35,0.35,0.35
3.26,0.35,0.35,0.35,0.35
3.262,0.35,0.35,0.35,0.35
3.264,0.35,0.35,0.35,0.35
3.266,0.35,0.35,0.35,0.35
3.268,0.35,0.35,0.35,0.35
3.27,0.35,0.35,0.35,0.35
3.272,0.35,0.35,0.35,0.35
3.274,0.35,0.35,0.35,0.35
3.276,0.35,0.35,0.35,0.35
3.278,0.35,0.35,0.35,0.35
3.28,0.35,0.35,0.35,0.35
3.282,0.35,0.35,0.35,0.35
3.284,0.35,0.35,0.35,0.35
3.286,0.35,0.35,0.35,0.35
3.288,0.35,0.35,0.35,0.35
3.29,0.35,0.35,0.35,0.35
3.292,0.35,0.35,0.35,0.35
3.294,0.35,0.35,0.35,0.35
3.296,0.35,0.35,0.35,0.35
3.298,0.35,0.35,0.35,0.35
3.3,0.35,0.35,0.35,0.35
3.302,0.35,0.35,0.35,0.35
3.304,0.35,0.35,0.35,0.35
3.306,0.35,0.35,0.35,0.35
3.308,0.35,0.35,0.35,0.35
3.31,0.35,0.35,0.35,0.35
3.312,0.35,0.35,0.35,0.35
3.314,0.35,0.35,0.35,0.35
3.316,0.35,0.35,0.35,0.35
3.318,0.35,0.35,0.35,0.35
3.32,0.35,0.35,0.35,0.35
3.322,0.35,0.35,0.35,0.35
3.324,0.35,0.35,0.35,0.35
3.326,0.35,0.35,0.35,0.35
3.328,0.35,0.35,0.35,0.35
3.33,0.35,0.35,0.35,0.35
3.332,0.35,0.35,0.35,0.35
3.334,0.35,0.35,0.35,0.35
3.336,0.35,0.35,0.35,0.35
3.338,0.35,0.35,0.35,0.35
3.34,0.35,0.35,0.35,0.35
3.342,0.35,0.35,0.35,0.35
3.344,0.35,0.35,0.35,0.35
3.346,0.35,0.35,0.35,0.35
3.348,0.35,0.35,0.35,0.35
3.35,0.35,0.35,0.35,0.35
3.352,0.35,0.35,0.35,0.35
3.354,0.35,0.35,0.35,0.35
3.356,0.35,0.35,0.35,0.35
3.358,0.35,0.35,0.35,0.35
3.36,0.35,0.35,0.35,0.35
3.362,0.35,0.35,0.35,0.35
3.364,0.35,0.35,0.35,0.35
3.366,0.35,0.35,0.35,0.35
3.368,0.35,0.35,0.35,0.35
3.37,0.35,0.35,0.35,0.35
3.372,0.35,0.35,0.35,0.35
3.374,0.35,0.35,0.35,0.35
3.376,0.35,0.35,0.35,0.35
3.378,0.35,0.35,0.35,0.35
3.38,0.35,0.35,0.35,0.35
3.382,0.35,0.35,0.35,0.35
3.384,0.35,0.35,0.35,0.35
3.386,0.35,0.35,0.35,0.35
3.388,0.35,0.35,0.35,0.35
3.39,0.35,0.35,0.35,0.35
3.392,0.35,0.35,0.35,0.35
3.394,0.35,0.35,0.35,0.35
3.396,0.35,0.35,0.35,0.35
3.398,0.35,0.35,0.35,0.35
3.4,0.35,0.35,0.35,0.35
3.402,0.35,0.35,0.35,0.35
3.404,0.35,0.35,0.35,0.35
3.406,0.35,0.35,0.35,0.35
3.408,0.35,0.35,0.35,0.35
3.41,0.35,0.35,0.35,0.35
3.412,0.35,0.35,0.35,0.35
3.414,0.35,0.35,0.35,0.35
3.416,0.35,0.35,0.35,0.35
3.418,0.35,0.35,0.35,0.35
3.42,0.35,0.35,0.35,0.35
3.422,0.35,0.35,0.35,0.35
3.424,0.35,0.35,0.35,0.35
3.426,0.35,0.35,0.35,0.35
3.428,0.35,0.35,0.35,0.35
3.43,0.35,0.35,0.35,0.35
3.432,0.35,0.35,0.35,0.35
3.434,0.35,0.35,0.35,0.35
3.436,0.35,0.35,0.35,0.35
3.438,0.35,0.35,0.35,0.35
3.44,0.35,0.35,0.35,0.35
3.442,0.35,0.35,0.35,0.35
3.444,0.35,0.35,0.35,0.35
3.446,0.35,0.35,0.35,0.35
3.448,0.35,0.35,0.35,0.35
3.45,0.35,0.35,0.35,0.35
3.452,0.35,0.35,0.35,0.35
3.454,0.35,0.35,0.35,0.35
3.456,0.35,0.35,0.35,0.35
3.458,0.35,0.35,0.35,0.35
3.46,0.35,0.35,0.35,0.35
3.462,0.35,0.35,0.35,0.35
3.464,0.35,0.35,0.35,0.35
3.466,0.35,0.35,0.35,0.35
3.468,0.35,0.35,0.35,0.35
3.47,0.35,0.35,0.35,0.35
3.472,0.35,0.35,0.35,0.35
3.474,0.35,0.35,0.35,0.35
3.476,0.35,0.35,0.35,0.35
3.478,0.35,0.35,0.35,0.35
3.48,0.35,0.35,0.35,0.35
3.482,0.35,0.35,0.35,0.35
3.484,0.35,0.35,0.35,0.35
3.486,0.35,0.35,0.35,0.35
3.488,0.35,0.35,0.35,0.35
3.49,0.35,0.35,0.35,0.35
3.492,0.35,0.35,0.35,0.35
3.494,0.35,0.35,0.35,0.35
3.496,0.35,0.35,0.35,0.35
3.498,0.35,0.35,0.35,0.35
3.5,0.35,0.35,0.35,0.35
3.502,0.35,0.35,0.35,0.35
3.504,0.35,0.35,0.35,0.35
3.506,0.35,0.35,0.35,0.35
3.508,0.35,0.35,0.35,0.35
3.51,0.35,0.35,0.35,0.35
3.512,0.35,0.35,0.35,0.35
3.514,0.35,0.35,0.35,0.35
3.516,0.35,0.35,0.35,0.35
3.518,0.35,0.35,0.35,0.35
3.52,0.35,0.35,0.35,0.35
3.522,0.35,0.35,0.35,0.35
3.524,0.35,0.35,0.35,0.35
3.526,0.35,0.35,0.35,0.35
3.528,0.35,0.35,0.35,0.35
3.53,0.35,0.35,0.35,0.35
3.532,0.35,0.35,0.35,0.35
3.534,0.35,0.35,0.35,0.35
3.536,0.35,0.35,0.35,0.35
3.538,0.35,0.35,0.35,0.35
3.54,0.35,0.35,0.35,0.35
3.542,0.35,0.35,0.35,0.35
3.544,0.35,0.35,0.35,0.35
3.546,0.35,0.35,0.35,0.35
3.548,0.35,0.35,0.35,0.35
3.55,0.35,0.35,0.35,0.35
3.552,0.35,0.35,0.35,0.35
3.554,0.35,0.35,0.35,0.35
3.556,0.35,0.35,0.35,0.35
3.558,0.35,0.35,0.35,0.35
3.56,0.35,0.35,0.35,0.35
3.562,0.35,0.35,0.35,0.35
3.564,0.35,0.35,0.35,0.35
3.566,0.35,0.35,0.35,0.35
3.568,0.35,0.35,0.35,0.35
3.57,0.35,0.35,0.35,0.35
3.572,0.35,0.35,0.35,0.35
3.574,0.35,0.35,0.35,0.35
3.576,0.35,0.35,0.35,0.35
3.578,0.35,0.35,0.35,0.35
3.58,0.35,0.35,0.35,0.35
3.582,0.35,0.35,0.35,0.35
3.584,0.35,0.35,0.35,0.35
3.586,0.35,0.35,0.35,0.35
3.588,0.35,0.35,0.35,0.35
3.59,0.35,0.35,0.35,0.35
3.592,0.35,0.35,0.35,0.35
3.594,0.35,0.35,0.35,0.35
3.596,0.35,0.35,0.35,0.35
3.598,0.35,0.35,0.35,0.35
3.6,0.35,0.35,0.35,0.35
3.602,0.35,0.35,0.35,0.35
3.604,0.35,0.35,0.35,0.35
3.606,0.35,0.35,0.35,0.35
3.608,0.35,0.35,0.35,0.35
3.61,0.35,0.35,0.35,0.35
3.612,0.35,0.35,0.35,0.35
3.614,0.35,0.35,0.35,0.35
3.616,0.35,0.35,0.35,0.35
3.618,0.35,0.35,0.35,0.35
3.62,0.35,0.35,0.35,0.35
3.622,0.35,0.35,0.35,0.35
3.624,0.35,0.35,0.35,0.35
3.626,0.35,0.35,0.35,0.35
3.628,0.35,0.35,0.35,0.35
3.63,0.35,0.35,0.35,0.35
3.632,0.35,0.35,0.35,0.35
3.634,0.35,0.35,0.35,0.35
3.636,0.35,0.35,0.35,0.35
3.638,0.35,0.35,0.35,0.35
3.64,0.35,0.35,0.35,0.35
3.642,0.35,0.35,0.35,0.35
3.644,0.35,0.35,0.35,0.35
3.646,0.35,0.35,0.35,0.35
3.648,0.35,0.35,0.35,0.35
3.65,0.35,0.35,0.35,0.35
3.652,0.35,0.35,0.35,0.35
3.654,0.35,0.35,0.35,0.35
3.656,0.35,0.35,0.35,0.35
3.658,0.35,0.35,0.35,0.35
3.66,0.35,0.35,0.35,0.35
3.662,0.35,0.35,0.35,0.35
3.664,0.35,0.35,0.35,0.35
3.666,0.35,0.35,0.35,0.35
3.668,0.35,0.35,0.35,0.35
3.67,0.35,0.35,0.35,0.35
3.672,0.35,0.35,0.35,0.35
3.674,0.35,0.35,0.35,0.35
3.676,0.35,0.35,0.35,0.35
3.678,0.35,0.35,0.35,0.35
3.68,0.35,0.35,0.35,0.35
3.682,0.35,0.35,0.35,0.35
3.684,0.35,0.35,0.35,0.35
3.686,0.35,0.35,0.35,0.35
3.688,0.35,0.35,0.35,0.35
3.69,0.35,0.35,0.35,0.35
3.692,0.35,0.35,0.35,0.35
3.694,0.35,0.35,0.35,0.35
3.696,0.35,0.35,0.35,0.35
3.698,0.35,0.35,0.35,0.35
3.7,0.35,0.35,0.35,0.35
3.702,0.35,0.35,0.35,0.35
3.704,0.35,0.35,0.35,0.35
3.706,0.35,0.35,0.35,0.35
3.708,0.35,0.35,0.35,0.35
3.71,0.35,0.35,0.35,0.35
3.712,0.35,0.35,0.35,0.35
3.714,0.35,0.35,0.35,0.35
3.716,0.35,0.35,0.35,0.35
3.718,0.35,0.35,0.35,0.35
3.72,0.35,0.35,0.35,0.35
3.722,0.35,0.35,0.35,0.35
3.724,0.35,0.35,0.35,0.35
3.726,0.35,0.35,0.35,0.35
3.728,0.35,0.35,0.35,0.35
3.73,0.35,0.35,0.35,0.35
3.732,0.35,0.35,0.35,0.35
3.734,0.35,0.35,0.35,0.35
3.736,0.35,0.35,0.35,0.35
3.738,0.35,0.35,0.35,0.35
3.74,0.35,0.35,0.35,0.35
3.742,0.35,0.35,0.35,0.35
3.744,0.35,0.35,0.35,0.35
3.746,0.35,0.35,0.35,0.35
3.748,0.35,0.35,0.35,0.35
3.75,0.35,0.35,0.35,0.35
3.752,0.35,0.35,0.35,0.35
3.754,0.35,0.35,0.35,0.35
3.756,0.35,0.35,0.35,0.35
3.758,0.35,0.35,0.35,0.35
3.76,0.35,0.35,0.35,0.35
3.762,0.35,0.35,0.35,0.35
3.764,0.35,0.35,0.35,0.35
3.766,0.35,0.35,0.35,0.35
3.768,0.35,0.35,0.35,0.35
3.77,0.35,0.35,0.35,0.35
3.772,0.35,0.35,0.35,0.35
3.774,0.35,0.35,0.35,0.35
3.776,0.35,0.35,0.35,0.35
3.778,0.35,0.35,0.35,0.35
3.78,0.35,0.35,0.35,0.35
3.782,0.35,0.35,0.35,0.35
3.784,0.35,0.35,0.35,0.35
3.786,0.35,0.35,0.35,0.35
3.788,0.35,0.35,0.35,0.35
3.79,0.35,0.35,0.35,0.35
3.792,0.35,0.35,0.35,0.35
3.794,0.35,0.35,0.35,0.35
3.796,0.35,0.35,0.35,0.35
3.798,0.35,0.35,0.35,0.35
3.8,0.35,0.35,0.35,0.35
3.802,0.35,0.35,0.35,0.35
3.804,0.35,0.35,0.35,0.35
3.806,0.35,0.35,0.35,0.35
3.808,0.35,0.35,0.35,0.35
3.81,0.35,0.35,0.35,0.35
3.812,0.35,0.35,0.35,0.35
3.814,0.35,0.35,0.35,0.35
3.816,0.35,0.35,0.35,0.35
3.818,0.35,0.35,0.35,0.35
3.82,0.35,0.35,0.35,0.35
3.822,0.35,0.35,0.35,0.35
3.824,0.35,0.35,0.35,0.35
3.826,0.35,0.35,0.35,0.35
3.828,0.35,0.35,0.35,0.35
3.83,0.35,0.35,0.35,0.35
3.832,0.35,0.35,0.35,0.35
3.834,0.35,0.35,0.35,0.35
3.836,0.35,0.35,0.35,0.35
3.838,0.35,0.35,0.35,0.35
3.84,0.35,0.35,0.35,0.35
3.842,0.35,0.35,0.35,0.35
3.844,0.35,0.35,0.35,0.35
3.846,0.35,0.35,0.35,0.35
3.848,0.35,0.35,0.35,0.35
3.85,0.35,0.35,0.35,0.35
3.852,0.35,0.35,0.35,0.35
3.854,0.35,0.35,0.35,0.35
3.856,0.35,0.35,0.35,0.35
3.858,0.35,0.35,0.35,0.35
3.86,0.35,0.35,0.35,0.35
3.862,0.35,0.35,0.35,0.35
3.864,0.35,0.35,0.35,0.35
3.866,0.35,0.35,0.35,0.35
3.868,0.35,0.35,0.35,0.35
3.87,0.35,0.35,0.35,0.35
3.872,0.35,0.35,0.35,0.35
3.874,0.35,0.35,0.35,0.35
3.876,0.35,0.35,0.35,0.35
3.878,0.35,0.35,0.35,0.35
3.88,0.35,0.35,0.35,0.35
3.882,0.35,0.35,0.35,0.35
3.884,0.35,0.35,0.35,0.35
3.886,0.35,0.35,0.35,0.35
3.888,0.35,0.35,0.35,0.35
3.89,0.35,0.35,0.35,0.35
3.892,0.35,0.35,0.35,0.35
3.894,0.35,0.35,0.35,0.35
3.896,0.35,0.35,0.35,0.35
3.898,0.35,0.35,0.35,0.35
3.9,0.35,0.35,0.35,0.35
3.902,0.35,0.35,0.35,0.35
3.904,0.35,0.35,0.35,0.35
3.906,0.35,0.35,0.35,0.35
3.908,0.35,0.35,0.35,0.35
3.91,0.35,0.35,0.35,0.35
3.912,0.35,0.35,0.35,0.35
3.914,0.35,0.35,0.35,0.35
3.916,0.35,0.35,0.35,0.35
3.918,0.35,0.35,0.35,0.35
3.92,0.35,0.35,0.35,0.35
3.922,0.35,0.35,0.35,0.35
3.924,0.35,0.35,0.35,0.35
3.926,0.35,0.35,0.35,0.35
3.928,0.35,0.35,0.35,0.35
3.93,0.35,0.35,0.35,0.35
3.932,0.35,0.35,0.35,0.35
3.934,0.35,0.35,0.35,0.35
3.936,0.35,0.35,0.35,0.35
3.938,0.35,0.35,0.35,0.35
3.94,0.35,0.35,0.35,0.35
3.942,0.35,0.35,0.35,0.35
3.944,0.35,0.35,0.35,0.35
3.946,0.35,0.35,0.35,0.35
3.948,0.35,0.35,0.35,0.35
3.95,0.35,0.35,0.35,0.35
3.952,0.35,0.35,0.35,0.35
3.954,0.35,0.35,0.35,0.35
3.956,0.35,0.35,0.35,0.35
3.958,0.35,0.35,0.35,0.35
3.96,0.35,0.35,0.35,0.35
3.962,0.35,0.35,0.35,0.35
3.964,0.35,0.35,0.35,0.35
3.966,0.35,0.35,0.35,0.35
3.968,0.35,0.35,0.35,0.35
3.97,0.35,0.35,0.35,0.35
3.972,0.35,0.35,0.35,0.35
3.974,0.35,0.35,0.35,0.35
3.976,0.35,0.35,0.35,0.35
3.978,0.35,0.35,0.35,0.35
3.98,0.35,0.35,0.35,0.35
3.982,0.35,0.35,0.35,0.35
3.984,0.35,0.35,0.35,0.35
3.986,0.35,0.35,0.35,0.35
3.988,0.35,0.35,0.35,0.35
3.99,0.35,0.35,0.35,0.35
3.992,0.35,0.35,0.35,0.35
3.994,0.35,0.35,0.35,0.35
3.996,0.35,0.35,0.35,0.35
3.998,0.35,0.35,0.35,0.35
4.0,0.35,0.35,0.35,0.35
4.002,0.35,0.35,0.35,0.35
4.004,0.35,0.35,0.35,0.35
4.006,0.35,0.35,0.35,0.35
4.008,0.35,0.35,0.35,0.35
4.01,0.35,0.35,0.35,0.35
4.012,0.35,0.35,0.35,0.35
4.014,0.35,0.35,0.35,0.35
4.016,0.35,0.35,0.35,0.35
4.018,0.35,0.35,0.35,0.35
4.02,0.35,0.35,0.35,0.35
4.022,0.35,0.35,0.35,0.35
4.024,0.35,0.35,0.35,0.35
4.026,0.35,0.35,0.35,0.35
4.028,0.35,0.35,0.35,0.35
4.03,0.35,0.35,0.35,0.35
4.032,0.35,0.35,0.35,0.35
4.034,0.35,0.35,0.35,0.35
4.036,0.35,0.35,0.35,0.35
4.038,0.35,0.35,0.35,0.35
4.04,0.35,0.35,0.35,0.35
4.042,0.35,0.35,0.35,0.35
4.044,0.35,0.35,0.35,0.35
4.046,0.35,0.35,0.35,0.35
4.048,0.35,0.35,0.35,0.35
4.05,0.35,0.35,0.35,0.35
4.052,0.35,0.35,0.35,0.35
4.054,0.35,0.35,0.35,0.35
4.056,0.35,0.35,0.35,0.35
4.058,0.35,0.35,0.35,0.35
4.06,0.35,0.35,0.35,0.35
4.062,0.35,0.35,0.35,0.35
4.064,0.35,0.35,0.35,0.35
4.066,0.35,0.35,0.35,0.35
4.068,0.35,0.35,0.35,0.35
4.07,0.35,0.35,0.35,0.35
4.072,0.35,0.35,0.35,0.35
4.074,0.35,0.35,0.35,0.35
4.076,0.35,0.35,0.35,0.35
4.078,0.35,0.35,0.35,0.35
4.08,0.35,0.35,0.35,0.35
4.082,0.35,0.35,0.35,0.35
4.084,0.35,0.35,0.35,0.35
4.086,0.35,0.35,0.35,0.35
4.088,0.35,0.35,0.35,0.35
4.09,0.35,0.35,0.35,0.35
4.092,0.35,0.35,0.35,0.35
4.094,0.35,0.35,0.35,0.35
4.096,0.35,0.35,0.35,0.35
4.098,0.35,0.35,0.35,0.35
4.1,0.35,0.35,0.35,0.35
4.102,0.35,0.35,0.35,0.35
4.104,0.35,0.35,0.35,0.35
4.106,0.35,0.35,0.35,0.35
4.108,0.35,0.35,0.35,0.35
4.11,0.35,0.35,0.35,0.35
4.112,0.35,0.35,0.35,0.35
4.114,0.35,0.35,0.35,0.35
4.116,0.35,0.35,0.35,0.35
4.118,0.35,0.35,0.35,0.35
4.12,0.35,0.35,0.35,0.35
4.122,0.35,0.35,0.35,0.35
4.124,0.35,0.35,0.35,0.35
4.126,0.35,0.35,0.35,0.35
4.128,0.35,0.35,0.35,0.35
4.13,0.35,0.35,0.35,0.35
4.132,0.35,0.35,0.35,0.35
4.134,0.35,0.35,0.35,0.35
4.136,0.35,0.35,0.35,0.35
4.138,0.35,0.35,0.35,0.35
4.14,0.35,0.35,0.35,0.35
4.142,0.35,0.35,0.35,0.35
4.144,0.35,0.35,0.35,0.35
4.146,0.35,0.35,0.35,0.35
4.148,0.35,0.35,0.35,0.35
4.15,0.35,0.35,0.35,0.35
4.152,0.35,0.35,0.35,0.35
4.154,0.35,0.35,0.35,0.35
4.156,0.35,0.35,0.35,0.35
4.158,0.35,0.35,0.35,0.35
4.16,0.35,0.35,0.35,0.35
4.162,0.35,0.35,0.35,0.35
4.164,0.35,0.35,0.35,0.35
4.166,0.35,0.35,0.35,0.35
4.168,0.35,0.35,0.35,0.35
4.17,0.35,0.35,0.35,0.35
4.172,0.35,0.35,0.35,0.35
4.174,0.35,0.35,0.35,0.35
4.176,0.35,0.35,0.35,0.35
4.178,0.35,0.35,0.35,0.35
4.18,0.35,0.35,0.35,0.35
4.182,0.35,0.35,0.35,0.35
4.184,0.35,0.35,0.35,0.35
4.186,0.35,0.35,0.35,0.35
4.188,0.35,0.35,0.35,0.35
4.19,0.35,0.35,0.35,0.35
4.192,0.35,0.35,0.35,0.35
4.194,0.35,0.35,0.35,0.35
4.196,0.35,0.35,0.35,0.35
4.198,0.35,0.35,0.35,0.35
4.2,0.35,0.35,0.35,0.35
4.202,0.35,0.35,0.35,0.35
4.204,0.35,0.35,0.35,0.35
4.206,0.35,0.35,0.35,0.35
4.208,0.35,0.35,0.35,0.35
4.21,0.35,0.35,0.35,0.35
4.212,0.35,0.35,0.35,0.35
4.214,0.35,0.35,0.35,0.35
4.216,0.35,0.35,0.35,0.35
4.218,0.35,0.35,0.35,0.35
4.22,0.35,0.35,0.35,0.35
4.222,0.35,0.35,0.35,0.35
4.224,0.35,0.35,0.35,0.35
4.226,0.35,0.35,0.35,0.35
4.228,0.35,0.35,0.35,0.35
4.23,0.35,0.35,0.35,0.35
4.232,0.35,0.35,0.35,0.35
4.234,0.35,0.35,0.35,0.35
4.236,0.35,0.35,0.35,0.35
4.238,0.35,0.35,0.35,0.35
4.24,0.35,0.35,0.35,0.35
4.242,0.35,0.35,0.35,0.35
4.244,0.35,0.35,0.35,0.35
4.246,0.35,0.35,0.35,0.35
4.248,0.35,0.35,0.35,0.35
4.25,0.35,0.35,0.35,0.35
4.252,0.35,0.35,0.35,0.35
4.254,0.35,0.35,0.35,0.35
4.256,0.35,0.35,0.35,0.35
4.258,0.35,0.35,0.35,0.35
4.26,0.35,0.35,0.35,0.35
4.262,0.35,0.35,0.35,0.35
4.264,0.35,0.35,0.35,0.35
4.266,0.35,0.35,0.35,0.35
4.268,0.35,0.35,0.35,0.35
4.27,0.35,0.35,0.35,0.35
4.272,0.35,0.35,0.35,0.35
4.274,0.35,0.35,0.35,0.35
4.276,0.35,0.35,0.35,0.35
4.278,0.35,0.35,0.35,0.35
4.28,0.35,0.35,0.35,0.35
4.282,0.35,0.35,0.35,0.35
4.284,0.35,0.35,0.35,0.35
4.286,0.35,0.35,0.35,0.35
4.288,0.35,0.35,0.35,0.35
4.29,0.35,0.35,0.35,0.35
4.292,0.35,0.35,0.35,0.35
4.294,0.35,0.35,0.35,0.35
4.296,0.35,0.35,0.35,0.35
4.298,0.35,0.35,0.35,0.35
4.3,0.35,0.35,0.35,0.35
4.302,0.35,0.35,0.35,0.35
4.304,0.35,0.35,0.35,0.35
4.306,0.35,0.35,0.35,0.35
4.308,0.35,0.35,0.35,0.35
4.31,0.35,0.35,0.35,0.35
4.312,0.35,0.35,0.35,0.35
4.314,0.35,0.35,0.35,0.35
4.316,0.35,0.35,0.35,0.35
4.318,0.35,0.35,0.35,0.35
4.32,0.35,0.35,0.35,0.35
4.322,0.35,0.35,0.35,0.35
4.324,0.35,0.35,0.35,0.35
4.326,0.35,0.35,0.35,0.35
4.328,0.35,0.35,0.35,0.35
4.33,0.35,0.35,0.35,0.35
4.332,0.35,0.35,0.35,0.35
4.334,0.35,0.35,0.35,0.35
4.336,0.35,0.35,0.35,0.35
4.338,0.35,0.35,0.35,0.35
4.34,0.35,0.35,0.35,0.35
4.342,0.35,0.35,0.35,0.35
4.344,0.35,0.35,0.35,0.35
4.346,0.35,0.35,0.35,0.35
4.348,0.35,0.35,0.35,0.35
4.35,0.35,0.35,0.35,0.35
4.352,0.35,0.35,0.35,0.35
4.354,0.35,0.35,0.35,0.35
4.356,0.35,0.35,0.35,0.35
4.358,0.35,0.35,0.35,0.35
4.36,0.35,0.35,0.35,0.35
4.362,0.35,0.35,0.35,0.35
4.364,0.35,0.35,0.35,0.35
4.366,0.35,0.35,0.35,0.35
4.368,0.35,0.35,0.35,0.35
4.37,0.35,0.35,0.35,0.35
4.372,0.35,0.35,0.35,0.35
4.374,0.35,0.35,0.35,0.35
4.376,0.35,0.35,0.35,0.35
4.378,0.35,0.35,0.35,0.35
4.38,0.35,0.35,0.35,0.35
4.382,0.35,0.35,0.35,0.35
4.384,0.35,0.35,0.35,0.35
4.386,0.35,0.35,0.35,0.35
4.388,0.35,0.35,0.35,0.35
4.39,0.35,0.35,0.35,0.35
4.392,0.35,0.35,0.35,0.35
4.394,0.35,0.35,0.35,0.35
4.396,0.35,0.35,0.35,0.35
4.398,0.35,0.35,0.35,0.35
4.4,0.35,0.35,0.35,0.35
4.402,0.35,0.35,0.35,0.35
4.404,0.35,0.35,0.35,0.35
4.406,0.35,0.35,0.35,0.35
4.408,0.35,0.35,0.35,0.35
4.41,0.35,0.35,0.35,0.35
4.412,0.35,0.35,0.35,0.35
4.414,0.35,0.35,0.35,0.35
4.416,0.35,0.35,0.35,0.35
4.418,0.35,0.35,0.35,0.35
4.42,0.35,0.35,0.35,0.35
4.422,0.35,0.35,0.35,0.35
4.424,0.35,0.35,0.35,0.35
4.426,0.35,0.35,0.35,0.35
4.428,0.35,0.35,0.35,0.35
4.43,0.35,0.35,0.35,0.35
4.432,0.35,0.35,0.35,0.35
4.434,0.35,0.35,0.35,0.35
4.436,0.35,0.35,0.35,0.35
4.438,0.35,0.35,0.35,0.35
4.44,0.35,0.35,0.35,0.35
4.442,0.35,0.35,0.35,0.35
4.444,0.35,0.35,0.35,0.35
4.446,0.35,0.35,0.35,0.35
4.448,0.35,0.35,0.35,0.35
4.45,0.35,0.35,0.35,0.35
4.452,0.35,0.35,0.35,0.35
4.454,0.35,0.35,0.35,0.35
4.456,0.35,0.35,0.35,0.35
4.458,0.35,0.35,0.35,0.35
4.46,0.35,0.35,0.35,0.35
4.462,0.35,0.35,0.35,0.35
4.464,0.35,0.35,0.35,0.35
4.466,0.35,0.35,0.35,0.35
4.468,0.35,0.35,0.35,0.35
4.47,0.35,0.35,0.35,0.35
4.472,0.35,0.35,0.35,0.35
4.474,0.35,0.35,0.35,0.35
4.476,0.35,0.35,0.35,0.35
4.478,0.35,0.35,0.35,0.35
4.48,0.35,0.35,0.35,0.35
4.482,0.35,0.35,0.35,0.35
4.484,0.35,0.35,0.35,0.35
4.486,0.35,0.35,0.35,0.35
4.488,0.35,0.35,0.35,0.35
4.49,0.35,0.35,0.35,0.35
4.492,0.35,0.35,0.35,0.35
4.494,0.35,0.35,0.35,0.35
4.496,0.35,0.35,0.35,0.35
4.498,0.35,0.35,0.35,0.35
4.5,0.35,0.35,0.35,0.35
4.502,0.35,0.35,0.35,0.35
4.504,0.35,0.35,0.35,0.35
4.506,0.35,0.35,0.35,0.35
4.508,0.35,0.35,0.35,0.35
4.51,0.35,0.35,0.35,0.35
4.512,0.35,0.35,0.35,0.35
4.514,0.35,0.35,0.35,0.35
4.516,0.35,0.35,0.35,0.35
4.518,0.35,0.35,0.35,0.35
4.52,0.35,0.35,0.35,0.35
4.522,0.35,0.35,0.35,0.35
4.524,0.35,0.35,0.35,0.35
4.526,0.35,0.35,0.35,0.35
4.528,0.35,0.35,0.35,0.35
4.53,0.35,0.35,0.35,0.35
4.532,0.35,0.35,0.35,0.35
4.534,0.35,0.35,0.35,0.35
4.536,0.35,0.35,0.35,0.35
4.538,0.35,0.35,0.35,0.35
4.54,0.35,0.35,0.35,0.35
4.542,0.35,0.35,0.35,0.35
4.544,0.35,0.35,0.35,0.35
4.546,0.35,0.35,0.35,0.35
4.548,0.35,0.35,0.35,0.35
4.55,0.35,0.35,0.35,0.35
4.552,0.35,0.35,0.35,0.35
4.554,0.35,0.35,0.35,0.35
4.556,0.35,0.35,0.35,0.35
4.558,0.35,0.35,0.35,0.35
4.56,0.35,0.35,0.35,0.35
4.562,0.35,0.35,0.35,0.35
4.564,0.35,0.35,0.35,0.35
4.566,0.35,0.35,0.35,0.35
4.568,0.35,0.35,0.35,0.35
4.57,0.35,0.35,0.35,0.35
4.572,0.35,0.35,0.35,0.35
4.574,0.35,0.35,0.35,0.35
4.576,0.35,0.35,0.35,0.35
4.578,0.35,0.35,0.35,0.35
4.58,0.35,0.35,0.35,0.35
4.582,0.35,0.35,0.35,0.35
4.584,0.35,0.35,0.35,0.35
4.586,0.35,0.35,0.35,0.35
4.588,0.35,0.35,0.35,0.35
4.59,0.35,0.35,0.35,0.35
4.592,0.35,0.35,0.35,0.35
4.594,0.35,0.35,0.35,0.35
4.596,0.35,0.35,0.35,0.35
4.598,0.35,0.35,0.35,0.35
4.6,0.35,0.35,0.35,0.35
4.602,0.35,0.35,0.35,0.35
4.604,0.35,0.35,0.35,0.35
4.606,0.35,0.35,0.35,0.35
4.608,0.35,0.35,0.35,0.35
4.61,0.35,0.35,0.35,0.35
4.612,0.35,0.35,0.35,0.35
4.614,0.35,0.35,0.35,0.35
4.616,0.35,0.35,0.35,0.35
4.618,0.35,0.35,0.35,0.35
4.62,0.35,0.35,0.35,0.35
4.622,0.35,0.35,0.35,0.35
4.624,0.35,0.35,0.35,0.35
4.626,0.35,0.35,0.35,0.35
4.628,0.35,0.35,0.35,0.35
4.63,0.35,0.35,0.35,0.35
4.632,0.35,0.35,0.35,0.35
4.634,0.35,0.35,0.35,0.35
4.636,0.35,0.35,0.35,0.35
4.638,0.35,0.35,0.35,0.35
4.64,0.35,0.35,0.35,0.35
4.642,0.35,0.35,0.35,0.35
4.644,0.35,0.35,0.35,0.35
4.646,0.35,0.35,0.35,0.35
4.648,0.35,0.35,0.35,0.35
4.65,0.35,0.35,0.35,0.35
4.652,0.35,0.35,0.35,0.35
4.654,0.35,0.35,0.35,0.35
4.656,0.35,0.35,0.35,0.35
4.658,0.35,0.35,0.35,0.35
4.66,0.35,0.35,0.35,0.35
4.662,0.35,0.35,0.35,0.35
4.664,0.35,0.35,0.35,0.35
4.666,0.35,0.35,0.35,0.35
4.668,0.35,0.35,0.35,0.35
4.67,0.35,0.35,0.35,0.35
4.672,0.35,0.35,0.35,0.35
4.674,0.35,0.35,0.35,0.35
4.676,0.35,0.35,0.35,0.35
4.678,0.35,0.35,0.35,0.35
4.68,0.35,0.35,0.35,0.35
4.682,0.35,0.35,0.35,0.35
4.684,0.35,0.35,0.35,0.35
4.686,0.35,0.35,0.35,0.35
4.688,0.35,0.35,0.35,0.35
4.69,0.35,0.35,0.35,0.35
4.692,0.35,0.35,0.35,0.35
4.694,0.35,0.35,0.35,0.35
4.696,0.35,0.35,0.35,0.35
4.698,0.35,0.35,0.35,0.35
4.7,0.35,0.35,0.35,0.35
4.702,0.35,0.35,0.35,0.35
4.704,0.35,0.35,0.35,0.35
4.706,0.35,0.35,0.35,0.35
4.708,0.35,0.35,0.35,0.35
4.71,0.35,0.35,0.35,0.35
4.712,0.35,0.35,0.35,0.35
4.714,0.35,0.35,0.35,0.35
4.716,0.35,0.35,0.35,0.35
4.718,0.35,0.35,0.35,0.35
4.72,0.35,0.35,0.35,0.35
4.722,0.35,0.35,0.35,0.35
4.724,0.35,0.35,0.35,0.35
4.726,0.35,0.35,0.35,0.35
4.728,0.35,0.35,0.35,0.35
4.73,0.35,0.35,0.35,0.35
4.732,0.35,0.35,0.35,0.35
4.734,0.35,0.35,0.35,0.35
4.736,0.35,0.35,0.35,0.35
4.738,0.35,0.35,0.35,0.35
4.74,0.35,0.35,0.35,0.35
4.742,0.35,0.35,0.35,0.35
4.744,0.35,0.35,0.35,0.35
4.746,0.35,0.35,0.35,0.35
4.748,0.35,0.35,0.35,0.35
4.75,0.35,0.35,0.35,0.35
4.752,0.35,0.35,0.35,0.35
4.754,0.35,0.35,0.35,0.35
4.756,0.35,0.35,0.35,0.35
4.758,0.35,0.35,0.35,0.35
4.76,0.35,0.35,0.35,0.35
4.762,0.35,0.35,0.35,0.35
4.764,0.35,0.35,0.35,0.35
4.766,0.35,0.35,0.35,0.35
4.768,0.35,0.35,0.35,0.35
4.77,0.35,0.35,0.35,0.35
4.772,0.35,0.35,0.35,0.35
4.774,0.35,0.35,0.35,0.35
4.776,0.35,0.35,0.35,0.35
4.778,0.35,0.35,0.35,0.35
4.78,0.35,0.35,0.35,0.35
4.782,0.35,0.35,0.35,0.35
4.784,0.35,0.35,0.35,0.35
4.786,0.35,0.35,0.35,0.35
4.788,0.35,0.35,0.35,0.35
4.79,0.35,0.35,0.35,0.35
4.792,0.35,0.35,0.35,0.35
4.794,0.35,0.35,0.35,0.35
4.796,0.35,0.35,0.35,0.35
4.798,0.35,0.35,0.35,0.35
4.8,0.35,0.35,0.35,0.35
4.802,0.35,0.35,0.35,0.35
4.804,0.35,0.35,0.35,0.35
4.806,0.35,0.35,0.35,0.35
4.808,0.35,0.35,0.35,0.35
4.81,0.35,0.35,0.35,0.35
4.812,0.35,0.35,0.35,0.35
4.814,0.35,0.35,0.35,0.35
4.816,0.35,0.35,0.35,0.35
4.818,0.35,0.35,0.35,0.35
4.82,0.35,0.35,0.35,0.35
4.822,0.35,0.35,0.35,0.35
4.824,0.35,0.35,0.35,0.35
4.826,0.35,0.35,0.35,0.35
4.828,0.35,0.35,0.35,0.35
4.83,0.35,0.35,0.35,0.35
4.832,0.35,0.35,0.35,0.35
4.834,0.35,0.35,0.35,0.35
4.836,0.35,0.35,0.35,0.35
4.838,0.35,0.35,0.35,0.35
4.84,0.35,0.35,0.35,0.35
4.842,0.35,0.35,0.35,0.35
4.844,0.35,0.35,0.35,0.35
4.846,0.35,0.35,0.35,0.35
4.848,0.35,0.35,0.35,0.35
4.85,0.35,0.35,0.35,0.35
4.852,0.35,0.35,0.35,0.35
4.854,0.35,0.35,0.35,0.35
4.856,0.35,0.35,0.35,0.35
4.858,0.35,0.35,0.35,0.35
4.86,0.35,0.35,0.35,0.35
4.862,0.35,0.35,0.35,0.35
4.864,0.35,0.35,0.35,0.35
4.866,0.35,0.35,0.35,0.35
4.868,0.35,0.35,0.35,0.35
4.87,0.35,0.35,0.35,0.35
4.872,0.35,0.35,0.35,0.35
4.874,0.35,0.35,0.35,0.35
4.876,0.35,0.35,0.35,0.35
4.878,0.35,0.35,0.35,0.35
4.88,0.35,0.35,0.35,0.35
4.882,0.35,0.35,0.35,0.35
4.884,0.35,0.35,0.35,0.35
4.886,0.35,0.35,0.35,0.35
4.888,0.35,0.35,0.35,0.35
4.89,0.35,0.35,0.35,0.35
4.892,0.35,0.35,0.35,0.35
4.894,0.35,0.35,0.35,0.35
4.896,0.35,0.35,0.35,0.35
4.898,0.35,0.35,0.35,0.35
4.9,0.35,0.35,0.35,0.35
4.902,0.35,0.35,0.35,0.35
4.904,0.35,0.35,0.35,0.35
4.906,0.35,0.35,0.35,0.35
4.908,0.35,0.35,0.35,0.35
4.91,0.35,0.35,0.35,0.35
4.912,0.35,0.35,0.35,0.35
4.914,0.35,0.35,0.35,0.35
4.916,0.35,0.35,0.35,0.35
4.918,0.35,0.35,0.35,0.35
4.92,0.35,0.35,0.35,0.35
4.922,0.35,0.35,0.35,0.35
4.924,0.35,0.35,0.35,0.35
4.926,0.35,0.35,0.35,0.35
4.928,0.35,0.35,0.35,0.35
4.93,0.35,0.35,0.35,0.35
4.932,0.35,0.35,0.35,0.35
4.934,0.35,0.35,0.35,0.35
4.936,0.35,0.35,0.35,0.35
4.938,0.35,0.35,0.35,0.35
4.94,0.35,0.35,0.35,0.35
4.942,0.35,0.35,0.35,0.35
4.944,0.35,0.35,0.35,0.35
4.946,0.35,0.35,0.35,0.35
4.948,0.35,0.35,0.35,0.35
4.95,0.35,0.35,0.35,0.35
4.952,0.35,0.35,0.35,0.35
4.954,0.35,0.35,0.35,0.35
4.956,0.35,0.35,0.35,0.35
4.958,0.35,0.35,0.35,0.35
4.96,0.35,0.35,0.35,0.35
4.962,0.35,0.35,0.35,0.35
4.964,0.35,0.35,0.35,0.35
4.966,0.35,0.35,0.35,0.35
4.968,0.35,0.35,0.35,0.35
4.97,0.35,0.35,0.35,0.35
4.972,0.35,0.35,0.35,0.35
4.974,0.35,0.35,0.35,0.35
4.976,0.35,0.35,0.35,0.35
4.978,0.35,0.35,0.35,0.35
4.98,0.35,0.35,0.35,0.35
4.982,0.35,0.35,0.35,0.35
4.984,0.35,0.35,0.35,0.35
4.986,0.35,0.35,0.35,0.35
4.988,0.35,0.35,0.35,0.35
4.99,0.35,0.35,0.35,0.35
4.992,0.35,0.35,0.35,0.35
4.994,0.35,0.35,0.35,0.35
4.996,0.35,0.35,0.35,0.35
4.998,0.35,0.35,0.35,0.35
5.0,0.35,0.35,0.35,0.35
5.002,0.35,0.35,0.35,0.35
5.004,0.35,0.35,0.35,0.35
5.006,0.35,0.35,0.35,0.35
5.008,0.35,0.35,0.35,0.35
5.01,0.35,0.35,0.35,0.35
5.012,0.35,0.35,0.35,0.35
5.014,0.35,0.35,0.35,0.35
5.016,0.35,0.35,0.35,0.35
5.018,0.35,0.35,0.35,0.35
5.02,0.35,0.35,0.35,0.35
5.022,0.35,0.35,0.35,0.35
5.024,0.35,0.35,0.35,0.35
5.026,0.35,0.35,0.35,0.35
5.028,0.35,0.35,0.35,0.35
5.03,0.35,0.35,0.35,0.35
5.032,0.35,0.35,0.35,0.35
5.034,0.35,0.35,0.35,0.35
5.036,0.35,0.35,0.35,0.35
5.038,0.35,0.35,0.35,0.35
5.04,0.35,0.35,0.35,0.35
5.042,0.35,0.35,0.35,0.35
5.044,0.35,0.35,0.35,0.35
5.046,0.35,0.35,0.35,0.35
5.048,0.35,0.35,0.35,0.35
5.05,0.35,0.35,0.35,0.35
5.052,0.35,0.35,0.35,0.35
5.054,0.35,0.35,0.35,0.35
5.056,0.35,0.35,0.35,0.35
5.058,0.35,0.35,0.35,0.35
5.06,0.35,0.35,0.35,0.35
5.062,0.35,0.35,0.35,0.35
5.064,0.35,0.35,0.35,0.35
5.066,0.35,0.35,0.35,0.35
5.068,0.35,0.35,0.35,0.35
5.07,0.35,0.35,0.35,0.35
5.072,0.35,0.35,0.35,0.35
5.074,0.35,0.35,0.35,0.35
5.076,0.35,0.35,0.35,0.35
5.078,0.35,0.35,0.35,0.35
5.08,0.35,0.35,0.35,0.35
5.082,0.35,0.35,0.35,0.35
5.084,0.35,0.35,0.35,0.35
5.086,0.35,0.35,0.35,0.35
5.088,0.35,0.35,0.35,0.35
5.09,0.35,0.35,0.35,0.35
5.092,0.35,0.35,0.35,0.35
5.094,0.35,0.35,0.35,0.35
5.096,0.35,0.35,0.35,0.35
5.098,0.35,0.35,0.35,0.35
5.1,0.35,0.35,0.35,0.35
5.102,0.35,0.35,0.35,0.35
5.104,0.35,0.35,0.35,0.35
5.106,0.35,0.35,0.35,0.35
5.108,0.35,0.35,0.35,0.35
5.11,0.35,0.35,0.35,0.35
5.112,0.35,0.35,0.35,0.35
5.114,0.35,0.35,0.35,0.35
5.116,0.35,0.35,0.35,0.35
5.118,0.35,0.35,0.35,0.35
5.12,0.35,0.35,0.35,0.35
5.122,0.35,0.35,0.35,0.35
5.124,0.35,0.35,0.35,0.35
5.126,0.35,0.35,0.35,0.35
5.128,0.35,0.35,0.35,0.35
5.13,0.35,0.35,0.35,0.35
5.132,0.35,0.35,0.35,0.35
5.134,0.35,0.35,0.35,0.35
5.136,0.35,0.35,0.35,0.35
5.138,0.35,0.35,0.35,0.35
5.14,0.35,0.35,0.35,0.35
5.142,0.35,0.35,0.35,0.35
5.144,0.35,0.35,0.35,0.35
5.146,0.35,0.35,0.35,0.35
5.148,0.35,0.35,0.35,0.35
5.15,0.35,0.35,0.35,0.35
5.152,0.35,0.35,0.35,0.35
5.154,0.35,0.35,0.35,0.35
5.156,0.35,0.35,0.35,0.35
5.158,0.35,0.35,0.35,0.35
5.16,0.35,0.35,0.35,0.35
5.162,0.35,0.35,0.35,0.35
5.164,0.35,0.35,0.35,0.35
5.166,0.35,0.35,0.35,0.35
5.168,0.35,0.35,0.35,0.35
5.17,0.35,0.35,0.35,0.35
5.172,0.35,0.35,0.35,0.35
5.174,0.35,0.35,0.35,0.35
5.176,0.35,0.35,0.35,0.35
5.178,0.35,0.35,0.35,0.35
5.18,0.35,0.35,0.35,0.35
5.182,0.35,0.35,0.35,0.35
5.184,0.35,0.35,0.35,0.35
5.186,0.35,0.35,0.35,0.35
5.188,0.35,0.35,0.35,0.35
5.19,0.35,0.35,0.35,0.35
5.192,0.35,0.35,0.35,0.35
5.194,0.35,0.35,0.35,0.35
5.196,0.35,0.35,0.35,0.35
5.198,0.35,0.35,0.35,0.35
5.2,0.35,0.35,0.35,0.35
5.202,0.35,0.35,0.35,0.35
5.204,0.35,0.35,0.35,0.35
5.206,0.35,0.35,0.35,0.35
5.208,0.35,0.35,0.35,0.35
5.21,0.35,0.35,0.35,0.35
5.212,0.35,0.35,0.35,0.35
5.214,0.35,0.35,0.35,0.35
5.216,0.35,0.35,0.35,0.35
5.218,0.35,0.35,0.35,0.35
5.22,0.35,0.35,0.35,0.35
5.222,0.35,0.35,0.35,0.35
5.224,0.35,0.35,0.35,0.35
5.226,0.35,0.35,0.35,0.35
5.228,0.35,0.35,0.35,0.35
5.23,0.35,0.35,0.35,0.35
5.232,0.35,0.35,0.35,0.35
5.234,0.35,0.35,0.35,0.35
5.236,0.35,0.35,0.35,0.35
5.238,0.35,0.35,0.35,0.35
5.24,0.35,0.35,0.35,0.35
5.242,0.35,0.35,0.35,0.35
5.244,0.35,0.35,0.35,0.35
5.246,0.35,0.35,0.35,0.35
5.248,0.35,0.35,0.35,0.35
5.25,0.35,0.35,0.35,0.35
5.252,0.35,0.35,0.35,0.35
5.254,0.35,0.35,0.35,0.35
5.256,0.35,0.35,0.35,0.35
5.258,0.35,0.35,0.35,0.35
5.26,0.35,0.35,0.35,0.35
5.262,0.35,0.35,0.35,0.35
5.264,0.35,0.35,0.35,0.35
5.266,0.35,0.35,0.35,0.35
5.268,0.35,0.35,0.35,0.35
5.27,0.35,0.35,0.35,0.35
5.272,0.35,0.35,0.35,0.35
5.274,0.35,0.35,0.35,0.35
5.276,0.35,0.35,0.35,0.35
5.278,0.35,0.35,0.35,0.35
5.28,0.35,0.35,0.35,0.35
5.282,0.35,0.35,0.35,0.35
5.284,0.35,0.35,0.35,0.35
5.286,0.35,0.35,0.35,0.35
5.288,0.35,0.35,0.35,0.35
5.29,0.35,0.35,0.35,0.35
5.292,0.35,0.35,0.35,0.35
5.294,0.35,0.35,0.35,0.35
5.296,0.35,0.35,0.35,0.35
5.298,0.35,0.35,0.35,0.35
5.3,0.35,0.35,0.35,0.35
5.302,0.35,0.35,0.35,0.35
5.304,0.35,0.35,0.35,0.35
5.306,0.35,0.35,0.35,0.35
5.308,0.35,0.35,0.35,0.35
5.31,0.35,0.35,0.35,0.35
5.312,0.35,0.35,0.35,0.35
5.314,0.35,0.35,0.35,0.35
5.316,0.35,0.35,0.35,0.35
5.318,0.35,0.35,0.35,0.35
5.32,0.35,0.35,0.35,0.35
5.322,0.35,0.35,0.35,0.35
5.324,0.35,0.35,0.35,0.35
5.326,0.35,0.35,0.35,0.35
5.328,0.35,0.35,0.35,0.35
5.33,0.35,0.35,0.35,0.35
5.332,0.35,0.35,0.35,0.35
5.334,0.35,0.35,0.35,0.35
5.336,0.35,0.35,0.35,0.35
5.338,0.35,0.35,0.35,0.35
5.34,0.35,0.35,0.35,0.35
5.342,0.35,0.35,0.35,0.35
5.344,0.35,0.35,0.35,0.35
5.346,0.35,0.35,0.35,0.35
5.348,0.35,0.35,0.35,0.35
5.35,0.35,0.35,0.35,0.35
5.352,0.35,0.35,0.35,0.35
5.354,0.35,0.35,0.35,0.35
5.356,0.35,0.35,0.35,0.35
5.358,0.35,0.35,0.35,0.35
5.36,0.35,0.35,0.35,0.35
5.362,0.35,0.35,0.35,0.35
5.364,0.35,0.35,0.35,0.35
5.366,0.35,0.35,0.35,0.35
5.368,0.35,0.35,0.35,0.35
5.37,0.35,0.35,0.35,0.35
5.372,0.35,0.35,0.35,0.35
5.374,0.35,0.35,0.35,0.35
5.376,0.35,0.35,0.35,0.35
5.378,0.35,0.35,0.35,0.35
5.38,0.35,0.35,0.35,0.35
5.382,0.35,0.35,0.35,0.35
5.384,0.35,0.35,0.35,0.35
5.386,0.35,0.35,0.35,0.35
5.388,0.35,0.35,0.35,0.35
5.39,0.35,0.35,0.35,0.35
5.392,0.35,0.35,0.35,0.35
5.394,0.35,0.35,0.35,0.35
5.396,0.35,0.35,0.35,0.35
5.398,0.35,0.35,0.35,0.35
5.4,0.35,0.35,0.35,0.35
5.402,0.35,0.35,0.35,0.35
5.404,0.35,0.35,0.35,0.35
5.406,0.35,0.35,0.35,0.35
5.408,0.35,0.35,0.35,0.35
5.41,0.35,0.35,0.35,0.35
5.412,0.35,0.35,0.35,0.35
5.414,0.35,0.35,0.35,0.35
5.416,0.35,0.35,0.35,0.35
5.418,0.35,0.35,0.35,0.35
5.42,0.35,0.35,0.35,0.35
5.422,0.35,0.35,0.35,0.35
5.424,0.35,0.35,0.35,0.35
5.426,0.35,0.35,0.35,0.35
5.428,0.35,0.35,0.35,0.35
5.43,0.35,0.35,0.35,0.35
5.432,0.35,0.35,0.35,0.35
5.434,0.35,0.35,0.35,0.35
5.436,0.35,0.35,0.35,0.35
5.438,0.35,0.35,0.35,0.35
5.44,0.35,0.35,0.35,0.35
5.442,0.35,0.35,0.35,0.35
5.444,0.35,0.35,0.35,0.35
5.446,0.35,0.35,0.35,0.35
5.448,0.35,0.35,0.35,0.35
5.45,0.35,0.35,0.35,0.35
5.452,0.35,0.35,0.35,0.35
5.454,0.35,0.35,0.35,0.35
5.456,0.35,0.35,0.35,0.35
5.458,0.35,0.35,0.35,0.35
5.46,0.35,0.35,0.35,0.35
5.462,0.35,0.35,0.35,0.35
5.464,0.35,0.35,0.35,0.35
5.466,0.35,0.35,0.35,0.35
5.468,0.35,0.35,0.35,0.35
5.47,0.35,0.35,0.35,0.35
5.472,0.35,0.35,0.35,0.35
5.474,0.35,0.35,0.35,0.35
5.476,0.35,0.35,0.35,0.35
5.478,0.35,0.35,0.35,0.35
5.48,0.35,0.35,0.35,0.35
5.482,0.35,0.35,0.35,0.35
5.484,0.35,0.35,0.35,0.35
5.486,0.35,0.35,0.35,0.35
5.488,0.35,0.35,0.35,0.35
5.49,0.35,0.35,0.35,0.35
5.492,0.35,0.35,0.35,0.35
5.494,0.35,0.35,0.35,0.35
5.496,0.35,0.35,0.35,0.35
5.498,0.35,0.35,0.35,0.35
5.5,0.35,0.35,0.35,0.35
5.502,0.35,0.35,0.35,0.35
5.504,0.35,0.35,0.35,0.35
5.506,0.35,0.35,0.35,0.35
5.508,0.35,0.35,0.35,0.35
5.51,0.35,0.35,0.35,0.35
5.512,0.35,0.35,0.35,0.35
5.514,0.35,0.35,0.35,0.35
5.516,0.35,0.35,0.35,0.35
5.518,0.35,0.35,0.35,0.35
5.52,0.35,0.35,0.35,0.35
5.522,0.35,0.35,0.35,0.35
5.524,0.35,0.35,0.35,0.35
5.526,0.35,0.35,0.35,0.35
5.528,0.35,0.35,0.35,0.35
5.53,0.35,0.35,0.35,0.35
5.532,0.35,0.35,0.35,0.35
5.534,0.35,0.35,0.35,0.35
5.536,0.35,0.35,0.35,0.35
5.538,0.35,0.35,0.35,0.35
5.54,0.35,0.35,0.35,0.35
5.542,0.35,0.35,0.35,0.35
5.544,0.35,0.35,0.35,0.35
5.546,0.35,0.35,0.35,0.35
5.548,0.35,0.35,0.35,0.35
5.55,0.35,0.35,0.35,0.35
5.552,0.35,0.35,0.35,0.35
5.554,0.35,0.35,0.35,0.35
5.556,0.35,0.35,0.35,0.35
5.558,0.35,0.35,0.35,0.35
5.56,0.35,0.35,0.35,0.35
5.562,0.35,0.35,0.35,0.35
5.564,0.35,0.35,0.35,0.35
5.566,0.35,0.35,0.35,0.35
5.568,0.35,0.35,0.35,0.35
5.57,0.35,0.35,0.35,0.35
5.572,0.35,0.35,0.35,0.35
5.574,0.35,0.35,0.35,0.35
5.576,0.35,0.35,0.35,0.35
5.578,0.35,0.35,0.35,0.35
5.58,0.35,0.35,0.35,0.35
5.582,0.35,0.35,0.35,0.35
5.584,0.35,0.35,0.35,0.35
5.586,0.35,0.35,0.35,0.35
5.588,0.35,0.35,0.35,0.35
5.59,0.35,0.35,0.35,0.35
5.592,0.35,0.35,0.35,0.35
5.594,0.35,0.35,0.35,0.35
5.596,0.35,0.35,0.35,0.35
5.598,0.35,0.35,0.35,0.35
5.6,0.35,0.35,0.35,0.35
5.602,0.35,0.35,0.35,0.35
5.604,0.35,0.35,0.35,0.35
5.606,0.35,0.35,0.35,0.35
5.608,0.35,0.35,0.35,0.35
5.61,0.35,0.35,0.35,0.35
5.612,0.35,0.35,0.35,0.35
5.614,0.35,0.35,0.35,0.35
5.616,0.35,0.35,0.35,0.35
5.618,0.35,0.35,0.35,0.35
5.62,0.35,0.35,0.35,0.35
5.622,0.35,0.35,0.35,0.35
5.624,0.35,0.35,0.35,0.35
5.626,0.35,0.35,0.35,0.35
5.628,0.35,0.35,0.35,0.35
5.63,0.35,0.35,0.35,0.35
5.632,0.35,0.35,0.35,0.35
5.634,0.35,0.35,0.35,0.35
5.636,0.35,0.35,0.35,0.35
5.638,0.35,0.35,0.35,0.35
5.64,0.35,0.35,0.35,0.35
5.642,0.35,0.35,0.35,0.35
5.644,0.35,0.35,0.35,0.35
5.646,0.35,0.35,0.35,0.35
5.648,0.35,0.35,0.35,0.35
5.65,0.35,0.35,0.35,0.35
5.652,0.35,0.35,0.35,0.35
5.654,0.35,0.35,0.35,0.35
5.656,0.35,0.35,0.35,0.35
5.658,0.35,0.35,0.35,0.35
5.66,0.35,0.35,0.35,0.35
5.662,0.35,0.35,0.35,0.35
5.664,0.35,0.35,0.35,0.35
5.666,0.35,0.35,0.35,0.35
5.668,0.35,0.35,0.35,0.35
5.67,0.35,0.35,0.35,0.35
5.672,0.35,0.35,0.35,0.35
5.674,0.35,0.35,0.35,0.35
5.676,0.35,0.35,0.35,0.35
5.678,0.35,0.35,0.35,0.35
5.68,0.35,0.35,0.35,0.35
5.682,0.35,0.35,0.35,0.35
5.684,0.35,0.35,0.35,0.35
5.686,0.35,0.35,0.35,0.35
5.688,0.35,0.35,0.35,0.35
5.69,0.35,0.35,0.35,0.35
5.692,0.35,0.35,0.35,0.35
5.694,0.35,0.35,0.35,0.35
5.696,0.35,0.35,0.35,0.35
5.698,0.35,0.35,0.35,0.35
5.7,0.35,0.35,0.35,0.35
5.702,0.35,0.35,0.35,0.35
5.704,0.35,0.35,0.35,0.35
5.706,0.35,0.35,0.35,0.35
5.708,0.35,0.35,0.35,0.35
5.71,0.35,0.35,0.35,0.35
5.712,0.35,0.35,0.35,0.35
5.714,0.35,0.35,0.35,0.35
5.716,0.35,0.35,0.35,0.35
5.718,0.35,0.35,0.35,0.35
5.72,0.35,0.35,0.35,0.35
5.722,0.35,0.35,0.35,0.35
5.724,0.35,0.35,0.35,0.35
5.726,0.35,0.35,0.35,0.35
5.728,0.35,0.35,0.35,0.35
5.73,0.35,0.35,0.35,0.35
5.732,0.35,0.35,0.35,0.35
5.734,0.35,0.35,0.35,0.35
5.736,0.35,0.35,0.35,0.35
5.738,0.35,0.35,0.35,0.35
5.74,0.35,0.35,0.35,0.35
5.742,0.35,0.35,0.35,0.35
5.744,0.35,0.35,0.35,0.35
5.746,0.35,0.35,0.35,0.35
5.748,0.35,0.35,0.35,0.35
5.75,0.35,0.35,0.35,0.35
5.752,0.35,0.35,0.35,0.35
5.754,0.35,0.35,0.35,0.35
5.756,0.35,0.35,0.35,0.35
5.758,0.35,0.35,0.35,0.35
5.76,0.35,0.35,0.35,0.35
5.762,0.35,0.35,0.35,0.35
5.764,0.35,0.35,0.35,0.35
5.766,0.35,0.35,0.35,0.35
5.768,0.35,0.35,0.35,0.35
5.77,0.35,0.35,0.35,0.35
5.772,0.35,0.35,0.35,0.35
5.774,0.35,0.35,0.35,0.35
5.776,0.35,0.35,0.35,0.35
5.778,0.35,0.35,0.35,0.35
5.78,0.35,0.35,0.35,0.35
5.782,0.35,0.35,0.35,0.35
5.784,0.35,0.35,0.35,0.35
5.786,0.35,0.35,0.35,0.35
5.788,0.35,0.35,0.35,0.35
5.79,0.35,0.35,0.35,0.35
5.792,0.35,0.35,0.35,0.35
5.794,0.35,0.35,0.35,0.35
5.796,0.35,0.35,0.35,0.35
5.798,0.35,0.35,0.35,0.35
5.8,0.35,0.35,0.35,0.35
5.802,0.35,0.35,0.35,0.35
5.804,0.35,0.35,0.35,0.35
5.806,0.35,0.35,0.35,0.35
5.808,0.35,0.35,0.35,0.35
5.81,0.35,0.35,0.35,0.35
5.812,0.35,0.35,0.35,0.35
5.814,0.35,0.35,0.35,0.35
5.816,0.35,0.35,0.35,0.35
5.818,0.35,0.35,0.35,0.35
5.82,0.35,0.35,0.35,0.35
5.822,0.35,0.35,0.35,0.35
5.824,0.35,0.35,0.35,0.35
5.826,0.35,0.35,0.35,0.35
5.828,0.35,0.35,0.35,0.35
5.83,0.35,0.35,0.35,0.35
5.832,0.35,0.35,0.35,0.35
5.834,0.35,0.35,0.35,0.35
5.836,0.35,0.35,0.35,0.35
5.838,0.35,0.35,0.35,0.35
5.84,0.35,0.35,0.35,0.35
5.842,0.35,0.35,0.35,0.35
5.844,0.35,0.35,0.35,0.35
5.846,0.35,0.35,0.35,0.35
5.848,0.35,0.35,0.35,0.35
5.85,0.35,0.35,0.35,0.35
5.852,0.35,0.35,0.35,0.35
5.854,0.35,0.35,0.35,0.35
5.856,0.35,0.35,0.35,0.35
5.858,0.35,0.35,0.35,0.35
5.86,0.35,0.35,0.35,0.35
5.862,0.35,0.35,0.35,0.35
5.864,0.35,0.35,0.35,0.35
5.866,0.35,0.35,0.35,0.35
5.868,0.35,0.35,0.35,0.35
5.87,0.35,0.35,0.35,0.35
5.872,0.35,0.35,0.35,0.35
5.874,0.35,0.35,0.35,0.35
5.876,0.35,0.35,0.35,0.35
5.878,0.35,0.35,0.35,0.35
5.88,0.35,0.35,0.35,0.35
5.882,0.35,0.35,0.35,0.35
5.884,0.35,0.35,0.35,0.35
5.886,0.35,0.35,0.35,0.35
5.888,0.35,0.35,0.35,0.35
5.89,0.35,0.35,0.35,0.35
5.892,0.35,0.35,0.35,0.35
5.894,0.35,0.35,0.35,0.35
5.896,0.35,0.35,0.35,0.35
5.898,0.35,0.35,0.35,0.35
5.9,0.35,0.35,0.35,0.35
5.902,0.35,0.35,0.35,0.35
5.904,0.35,0.35,0.35,0.35
5.906,0.35,0.35,0.35,0.35
5.908,0.35,0.35,0.35,0.35
5.91,0.35,0.35,0.35,0.35
5.912,0.35,0.35,0.35,0.35
5.914,0.35,0.35,0.35,0.35
5.916,0.35,0.35,0.35,0.35
5.918,0.35,0.35,0.35,0.35
5.92,0.35,0.35,0.35,0.35
5.922,0.35,0.35,0.35,0.35
5.924,0.35,0.35,0.35,0.35
5.926,0.35,0.35,0.35,0.35
5.928,0.35,0.35,0.35,0.35
5.93,0.35,0.35,0.35,0.35
5.932,0.35,0.35,0.35,0.35
5.934,0.35,0.35,0.35,0.35
5.936,0.35,0.35,0.35,0.35
5.938,0.35,0.35,0.35,0.35
5.94,0.35,0.35,0.35,0.35
5.942,0.35,0.35,0.35,0.35
5.944,0.35,0.35,0.35,0.35
5.946,0.35,0.35,0.35,0.35
5.948,0.35,0.35,0.35,0.35
5.95,0.35,0.35,0.35,0.35
5.952,0.35,0.35,0.35,0.35
5.954,0.35,0.35,0.35,0.35
5.956,0.35,0.35,0.35,0.35
5.958,0.35,0.35,0.35,0.35
5.96,0.35,0.35,0.35,0.35
5.962,0.35,0.35,0.35,0.35
5.964,0.35,0.35,0.35,0.35
5.966,0.35,0.35,0.35,0.35
5.968,0.35,0.35,0.35,0.35
5.97,0.35,0.35,0.35,0.35
5.972,0.35,0.35,0.35,0.35
5.974,0.35,0.35,0.35,0.35
5.976,0.35,0.35,0.35,0.35
5.978,0.35,0.35,0.35,0.35
5.98,0.35,0.35,0.35,0.35
5.982,0.35,0.35,0.35,0.35
5.984,0.35,0.35,0.35,0.35
5.986,0.35,0.35,0.35,0.35
5.988,0.35,0.35,0.35,0.35
5.99,0.35,0.35,0.35,0.35
5.992,0.35,0.35,0.35,0.35
5.994,0.35,0.35,0.35,0.35
5.996,0.35,0.35,0.35,0.35
5.998,0.35,0.35,0.35,0.35
6.0,0.35,0.35,0.35,0.35
6.002,0.35,0.35,0.35,0.35
6.004,0.35,0.35,0.35,0.35
6.006,0.35,0.35,0.35,0.35
6.008,0.35,0.35,0.35,0.35
6.01,0.35,0.35,0.35,0.35
6.012,0.35,0.35,0.35,0.35
6.014,0.35,0.35,0.35,0.35
6.016,0.35,0.35,0.35,0.35
6.018,0.35,0.35,0.35,0.35
6.02,0.35,0.35,0.35,0.35
6.022,0.35,0.35,0.35,0.35
6.024,0.35,0.35,0.35,0.35
6.026,0.35,0.35,0.35,0.35
6.028,0.35,0.35,0.35,0.35
6.03,0.35,0.35,0.35,0.35
6.032,0.35,0.35,0.35,0.35
6.034,0.35,0.35,0.35,0.35
6.036,0.35,0.35,0.35,0.35
6.038,0.35,0.35,0.35,0.35
6.04,0.35,0.35,0.35,0.35
6.042,0.35,0.35,0.35,0.35
6.044,0.35,0.35,0.35,0.35
6.046,0.35,0.35,0.35,0.35
6.048,0.35,0.35,0.35,0.35
6.05,0.35,0.35,0.35,0.35
6.052,0.35,0.35,0.35,0.35
6.054,0.35,0.35,0.35,0.35
6.056,0.35,0.35,0.35,0.35
6.058,0.35,0.35,0.35,0.35
6.06,0.35,0.35,0.35,0.35
6.062,0.35,0.35,0.35,0.35
6.064,0.35,0.35,0.35,0.35
6.066,0.35,0.35,0.35,0.35
6.068,0.35,0.35,0.35,0.35
6.07,0.35,0.35,0.35,0.35
6.072,0.35,0.35,0.35,0.35
6.074,0.35,0.35,0.35,0.35
6.076,0.35,0.35,0.35,0.35
6.078,0.35,0.35,0.35,0.35
6.08,0.35,0.35,0.35,0.35
6.082,0.35,0.35,0.35,0.35
6.084,0.35,0.35,0.35,0.35
6.086,0.35,0.35,0.35,0.35
6.088,0.35,0.35,0.35,0.35
6.09,0.35,0.35,0.35,0.35
6.092,0.35,0.35,0.35,0.35
6.094,0.35,0.35,0.35,0.35
6.096,0.35,0.35,0.35,0.35
6.098,0.35,0.35,0.35,0.35
6.1,0.35,0.35,0.35,0.35
6.102,0.35,0.35,0.35,0.35
6.104,0.35,0.35,0.35,0.35
6.106,0.35,0.35,0.35,0.35
6.108,0.35,0.35,0.35,0.35
6.11,0.35,0.35,0.35,0.35
6.112,0.35,0.35,0.35,0.35
6.114,0.35,0.35,0.35,0.35
6.116,0.35,0.35,0.35,0.35
6.118,0.35,0.35,0.35,0.35
6.12,0.35,0.35,0.35,0.35
6.122,0.35,0.35,0.35,0.35
6.124,0.35,0.35,0.35,0.35
6.126,0.35,0.35,0.35,0.35
6.128,0.35,0.35,0.35,0.35
6.13,0.35,0.35,0.35,0.35
6.132,0.35,0.35,0.35,0.35
6.134,0.35,0.35,0.35,0.35
6.136,0.35,0.35,0.35,0.35
6.138,0.35,0.35,0.35,0.35
6.14,0.35,0.35,0.35,0.35
6.142,0.35,0.35,0.35,0.35
6.144,0.35,0.35,0.35,0.35
6.146,0.35,0.35,0.35,0.35
6.148,0.35,0.35,0.35,0.35
6.15,0.35,0.35,0.35,0.35
6.152,0.35,0.35,0.35,0.35
6.154,0.35,0.35,0.35,0.35
6.156,0.35,0.35,0.35,0.35
6.158,0.35,0.35,0.35,0.35
6.16,0.35,0.35,0.35,0.35
6.162,0.35,0.35,0.35,0.35
6.164,0.35,0.35,0.35,0.35
6.166,0.35,0.35,0.35,0.35
6.168,0.35,0.35,0.35,0.35
6.17,0.35,0.35,0.35,0.35
6.172,0.35,0.35,0.35,0.35
6.174,0.35,0.35,0.35,0.35
6.176,0.35,0.35,0.35,0.35
6.178,0.35,0.35,0.35,0.35
6.18,0.35,0.35,0.35,0.35
6.182,0.35,0.35,0.35,0.35
6.184,0.35,0.35,0.35,0.35
6.186,0.35,0.35,0.35,0.35
6.188,0.35,0.35,0.35,0.35
6.19,0.35,0.35,0.35,0.35
6.192,0.35,0.35,0.35,0.35
6.194,0.35,0.35,0.35,0.35
6.196,0.35,0.35,0.35,0.35
6.198,0.35,0.35,0.35,0.35
6.2,0.35,0.35,0.35,0.35
6.202,0.35,0.35,0.35,0.35
6.204,0.35,0.35,0.35,0.35
6.206,0.35,0.35,0.35,0.35
6.208,0.35,0.35,0.35,0.35
6.21,0.35,0.35,0.35,0.35
6.212,0.35,0.35,0.35,0.35
6.214,0.35,0.35,0.35,0.35
6.216,0.35,0.35,0.35,0.35
6.218,0.35,0.35,0.35,0.35
6.22,0.35,0.35,0.35,0.35
6.222,0.35,0.35,0.35,0.35
6.224,0.35,0.35,0.35,0.35
6.226,0.35,0.35,0.35,0.35
6.228,0.35,0.35,0.35,0.35
6.23,0.35,0.35,0.35,0.35
6.232,0.35,0.35,0.35,0.35
6.234,0.35,0.35,0.35,0.35
6.236,0.35,0.35,0.35,0.35
6.238,0.35,0.35,0.35,0.35
6.24,0.35,0.35,0.35,0.35
6.242,0.35,0.35,0.35,0.35
6.244,0.35,0.35,0.35,0.35
6.246,0.35,0.35,0.35,0.35
6.248,0.35,0.35,0.35,0.35
6.25,0.35,0.35,0.35,0.35
6.252,0.35,0.35,0.35,0.35
6.254,0.35,0.35,0.35,0.35
6.256,0.35,0.35,0.35,0.35
6.258,0.35,0.35,0.35,0.35
6.26,0.35,0.35,0.35,0.35
6.262,0.35,0.35,0.35,0.35
6.264,0.35,0.35,0.35,0.35
6.266,0.35,0.35,0.35,0.35
6.268,0.35,0.35,0.35,0.35
6.27,0.35,0.35,0.35,0.35
6.272,0.35,0.35,0.35,0.35
6.274,0.35,0.35,0.35,0.35
6.276,0.35,0.35,0.35,0.35
6.278,0.35,0.35,0.35,0.35
6.28,0.35,0.35,0.35,0.35
6.282,0.35,0.35,0.35,0.35
6.284,0.35,0.35,0.35,0.35
6.286,0.35,0.35,0.35,0.35
6.288,0.35,0.35,0.35,0.35
6.29,0.35,0.35,0.35,0.35
6.292,0.35,0.35,0.35,0.35
6.294,0.35,0.35,0.35,0.35
6.296,0.35,0.35,0.35,0.35
6.298,0.35,0.35,0.35,0.35
6.3,0.35,0.35,0.35,0.35
6.302,0.35,0.35,0.35,0.35
6.304,0.35,0.35,0.35,0.35
6.306,0.35,0.35,0.35,0.35
6.308,0.35,0.35,0.35,0.35
6.31,0.35,0.35,0.35,0.35
6.312,0.35,0.35,0.35,0.35
6.314,0.35,0.35,0.35,0.35
6.316,0.35,0.35,0.35,0.35
6.318,0.35,0.35,0.35,0.35
6.32,0.35,0.35,0.35,0.35
6.322,0.35,0.35,0.35,0.35
6.324,0.35,0.35,0.35,0.35
6.326,0.35,0.35,0.35,0.35
6.328,0.35,0.35,0.35,0.35
6.33,0.35,0.35,0.35,0.35
6.332,0.35,0.35,0.35,0.35
6.334,0.35,0.35,0.35,0.35
6.336,0.35,0.35,0.35,0.35
6.338,0.35,0.35,0.35,0.35
6.34,0.35,0.35,0.35,0.35
6.342,0.35,0.35,0.35,0.35
6.344,0.35,0.35,0.35,0.35
6.346,0.35,0.35,0.35,0.35
6.348,0.35,0.35,0.35,0.35
6.35,0.35,0.35,0.35,0.35
6.352,0.35,0.35,0.35,0.35
6.354,0.35,0.35,0.35,0.35
6.356,0.35,0.35,0.35,0.35
6.358,0.35,0.35,0.35,0.35
6.36,0.35,0.35,0.35,0.35
6.362,0.35,0.35,0.35,0.35
6.364,0.35,0.35,0.35,0.35
6.366,0.35,0.35,0.35,0.35
6.368,0.35,0.35,0.35,0.35
6.37,0.35,0.35,0.35,0.35
6.372,0.35,0.35,0.35,0.35
6.374,0.35,0.35,0.35,0.35
6.376,0.35,0.35,0.35,0.35
6.378,0.35,0.35,0.35,0.35
6.38,0.35,0.35,0.35,0.35
6.382,0.35,0.35,0.35,0.35
6.384,0.35,0.35,0.35,0.35
6.386,0.35,0.35,0.35,0.35
6.388,0.35,0.35,0.35,0.35
6.39,0.35,0.35,0.35,0.35
6.392,0.35,0.35,0.35,0.35
6.394,0.35,0.35,0.35,0.35
6.396,0.35,0.35,0.35,0.35
6.398,0.35,0.35,0.35,0.35
6.4,0.35,0.35,0.35,0.35
6.402,0.35,0.35,0.35,0.35
6.404,0.35,0.35,0.35,0.35
6.406,0.35,0.35,0.35,0.35
6.408,0.35,0.35,0.35,0.35
6.41,0.35,0.35,0.35,0.35
6.412,0.35,0.35,0.35,0.35
6.414,0.35,0.35,0.35,0.35
6.416,0.35,0.35,0.35,0.35
6.418,0.35,0.35,0.35,0.35
6.42,0.35,0.35,0.35,0.35
6.422,0.35,0.35,0.35,0.35
6.424,0.35,0.35,0.35,0.35
6.426,0.35,0.35,0.35,0.35
6.428,0.35,0.35,0.35,0.35
6.43,0.35,0.35,0.35,0.35
6.432,0.35,0.35,0.35,0.35
6.434,0.35,0.35,0.35,0.35
6.436,0.35,0.35,0.35,0.35
6.438,0.35,0.35,0.35,0.35
6.44,0.35,0.35,0.35,0.35
6.442,0.35,0.35,0.35,0.35
6.444,0.35,0.35,0.35,0.35
6.446,0.35,0.35,0.35,0.35
6.448,0.35,0.35,0.35,0.35
6.45,0.35,0.35,0.35,0.35
6.452,0.35,0.35,0.35,0.35
6.454,0.35,0.35,0.35,0.35
6.456,0.35,0.35,0.35,0.35
6.458,0.35,0.35,0.35,0.35
6.46,0.35,0.35,0.35,0.35
6.462,0.35,0.35,0.35,0.35
6.464,0.35,0.35,0.35,0.35
6.466,0.35,0.35,0.35,0.35
6.468,0.35,0.35,0.35,0.35
6.47,0.35,0.35,0.35,0.35
6.472,0.35,0.35,0.35,0.35
6.474,0.35,0.35,0.35,0.35
6.476,0.35,0.35,0.35,0.35
6.478,0.35,0.35,0.35,0.35
6.48,0.35,0.35,0.35,0.35
6.482,0.35,0.35,0.35,0.35
6.484,0.35,0.35,0.35,0.35
6.486,0.35,0.35,0.35,0.35
6.488,0.35,0.35,0.35,0.35
6.49,0.35,0.35,0.35,0.35
6.492,0.35,0.35,0.35,0.35
6.494,0.35,0.35,0.35,0.35
6.496,0.35,0.35,0.35,0.35
6.498,0.35,0.35,0.35,0.35
6.5,0.35,0.35,0.35,0.35
6.502,0.35,0.35,0.35,0.35
6.504,0.35,0.35,0.35,0.35
6.506,0.35,0.35,0.35,0.35
6.508,0.35,0.35,0.35,0.35
6.51,0.35,0.35,0.35,0.35
6.512,0.35,0.35,0.35,0.35
6.514,0.35,0.35,0.35,0.35
6.516,0.35,0.35,0.35,0.35
6.518,0.35,0.35,0.35,0.35
6.52,0.35,0.35,0.35,0.35
6.522,0.35,0.35,0.35,0.35
6.524,0.35,0.35,0.35,0.35
6.526,0.35,0.35,0.35,0.35
6.528,0.35,0.35,0.35,0.35
6.53,0.35,0.35,0.35,0.35
6.532,0.35,0.35,0.35,0.35
6.534,0.35,0.35,0.35,0.35
6.536,0.35,0.35,0.35,0.35
6.538,0.35,0.35,0.35,0.35
6.54,0.35,0.35,0.35,0.35
6.542,0.35,0.35,0.35,0.35
6.544,0.35,0.35,0.35,0.35
6.546,0.35,0.35,0.35,0.35
6.548,0.35,0.35,0.35,0.35
6.55,0.35,0.35,0.35,0.35
6.552,0.35,0.35,0.35,0.35
6.554,0.35,0.35,0.35,0.35
6.556,0.35,0.35,0.35,0.35
6.558,0.35,0.35,0.35,0.35
6.56,0.35,0.35,0.35,0.35
6.562,0.35,0.35,0.35,0.35
6.564,0.35,0.35,0.35,0.35
6.566,0.35,0.35,0.35,0.35
6.568,0.35,0.35,0.35,0.35
6.57,0.35,0.35,0.35,0.35
6.572,0.35,0.35,0.35,0.35
6.574,0.35,0.35,0.35,0.35
6.576,0.35,0.35,0.35,0.35
6.578,0.35,0.35,0.35,0.35
6.58,0.35,0.35,0.35,0.35
6.582,0.35,0.35,0.35,0.35
6.584,0.35,0.35,0.35,0.35
6.586,0.35,0.35,0.35,0.35
6.588,0.35,0.35,0.35,0.35
6.59,0.35,0.35,0.35,0.35
6.592,0.35,0.35,0.35,0.35
6.594,0.35,0.35,0.35,0.35
6.596,0.35,0.35,0.35,0.35
6.598,0.35,0.35,0.35,0.35
6.6,0.35,0.35,0.35,0.35
6.602,0.35,0.35,0.35,0.35
6.604,0.35,0.35,0.35,0.35
6.606,0.35,0.35,0.35,0.35
6.608,0.35,0.35,0.35,0.35
6.61,0.35,0.35,0.35,0.35
6.612,0.35,0.35,0.35,0.35
6.614,0.35,0.35,0.35,0.35
6.616,0.35,0.35,0.35,0.35
6.618,0.35,0.35,0.35,0.35
6.62,0.35,0.35,0.35,0.35
6.622,0.35,0.35,0.35,0.35
6.624,0.35,0.35,0.35,0.35
6.626,0.35,0.35,0.35,0.35
6.628,0.35,0.35,0.35,0.35
6.63,0.35,0.35,0.35,0.35
6.632,0.35,0.35,0.35,0.35
6.634,0.35,0.35,0.35,0.35
6.636,0.35,0.35,0.35,0.35
6.638,0.35,0.35,0.35,0.35
6.64,0.35,0.35,0.35,0.35
6.642,0.35,0.35,0.35,0.35
6.644,0.35,0.35,0.35,0.35
6.646,0.35,0.35,0.35,0.35
6.648,0.35,0.35,0.35,0.35
6.65,0.35,0.35,0.35,0.35
6.652,0.35,0.35,0.35,0.35
6.654,0.35,0.35,0.35,0.35
6.656,0.35,0.35,0.35,0.35
6.658,0.35,0.35,0.35,0.35
6.66,0.35,0.35,0.35,0.35
6.662,0.35,0.35,0.35,0.35
6.664,0.35,0.35,0.35,0.35
6.666,0.35,0.35,0.35,0.35
6.668,0.35,0.35,0.35,0.35
6.67,0.35,0.35,0.35,0.35
6.672,0.35,0.35,0.35,0.35
6.674,0.35,0.35,0.35,0.35
6.676,0.35,0.35,0.35,0.35
6.678,0.35,0.35,0.35,0.35
6.68,0.35,0.35,0.35,0.35
6.682,0.35,0.35,0.35,0.35
6.684,0.35,0.35,0.35,0.35
6.686,0.35,0.35,0.35,0.35
6.688,0.35,0.35,0.35,0.35
6.69,0.35,0.35,0.35,0.35
6.692,0.35,0.35,0.35,0.35
6.694,0.35,0.35,0.35,0.35
6.696,0.35,0.35,0.35,0.35
6.698,0.35,0.35,0.35,0.35
6.7,0.35,0.35,0.35,0.35
6.702,0.35,0.35,0.35,0.35
6.704,0.35,0.35,0.35,0.35
6.706,0.35,0.35,0.35,0.35
6.708,0.35,0.35,0.35,0.35
6.71,0.35,0.35,0.35,0.35
6.712,0.35,0.35,0.35,0.35
6.714,0.35,0.35,0.35,0.35
6.716,0.35,0.35,0.35,0.35
6.718,0.35,0.35,0.35,0.35
6.72,0.35,0.35,0.35,0.35
6.722,0.35,0.35,0.35,0.35
6.724,0.35,0.35,0.35,0.35
6.726,0.35,0.35,0.35,0.35
6.728,0.35,0.35,0.35,0.35
6.73,0.35,0.35,0.35,0.35
6.732,0.35,0.35,0.35,0.35
6.734,0.35,0.35,0.35,0.35
6.736,0.35,0.35,0.35,0.35
6.738,0.35,0.35,0.35,0.35
6.74,0.35,0.35,0.35,0.35
6.742,0.35,0.35,0.35,0.35
6.744,0.35,0.35,0.35,0.35
6.746,0.35,0.35,0.35,0.35
6.748,0.35,0.35,0.35,0.35
6.75,0.35,0.35,0.35,0.35
6.752,0.35,0.35,0.35,0.35
6.754,0.35,0.35,0.35,0.35
6.756,0.35,0.35,0.35,0.35
6.758,0.35,0.35,0.35,0.35
6.76,0.35,0.35,0.35,0.35
6.762,0.35,0.35,0.35,0.35
6.764,0.35,0.35,0.35,0.35
6.766,0.35,0.35,0.35,0.35
6.768,0.35,0.35,0.35,0.35
6.77,0.35,0.35,0.35,0.35
6.772,0.35,0.35,0.35,0.35
6.774,0.35,0.35,0.35,0.35
6.776,0.35,0.35,0.35,0.35
6.778,0.35,0.35,0.35,0.35
6.78,0.35,0.35,0.35,0.35
6.782,0.35,0.35,0.35,0.35
6.784,0.35,0.35,0.35,0.35
6.786,0.35,0.35,0.35,0.35
6.788,0.35,0.35,0.35,0.35
6.79,0.35,0.35,0.35,0.35
6.792,0.35,0.35,0.35,0.35
6.794,0.35,0.35,0.35,0.35
6.796,0.35,0.35,0.35,0.35
6.798,0.35,0.35,0.35,0.35
6.8,0.35,0.35,0.35,0.35
6.802,0.35,0.35,0.35,0.35
6.804,0.35,0.35,0.35,0.35
6.806,0.35,0.35,0.35,0.35
6.808,0.35,0.35,0.35,0.35
6.81,0.35,0.35,0.35,0.35
6.812,0.35,0.35,0.35,0.35
6.814,0.35,0.35,0.35,0.35
6.816,0.35,0.35,0.35,0.35
6.818,0.35,0.35,0.35,0.35
6.82,0.35,0.35,0.35,0.35
6.822,0.35,0.35,0.35,0.35
6.824,0.35,0.35,0.35,0.35
6.826,0.35,0.35,0.35,0.35
6.828,0.35,0.35,0.35,0.35
6.83,0.35,0.35,0.35,0.35
6.832,0.35,0.35,0.35,0.35
6.834,0.35,0.35,0.35,0.35
6.836,0.35,0.35,0.35,0.35
6.838,0.35,0.35,0.35,0.35
6.84,0.35,0.35,0.35,0.35
6.842,0.35,0.35,0.35,0.35
6.844,0.35,0.35,0.35,0.35
6.846,0.35,0.35,0.35,0.35
6.848,0.35,0.35,0.35,0.35
6.85,0.35,0.35,0.35,0.35
6.852,0.35,0.35,0.35,0.35
6.854,0.35,0.35,0.35,0.35
6.856,0.35,0.35,0.35,0.35
6.858,0.35,0.35,0.35,0.35
6.86,0.35,0.35,0.35,0.35
6.862,0.35,0.35,0.35,0.35
6.864,0.35,0.35,0.35,0.35
6.866,0.35,0.35,0.35,0.35
6.868,0.35,0.35,0.35,0.35
6.87,0.35,0.35,0.35,0.35
6.872,0.35,0.35,0.35,0.35
6.874,0.35,0.35,0.35,0.35
6.876,0.35,0.35,0.35,0.35
6.878,0.35,0.35,0.35,0.35
6.88,0.35,0.35,0.35,0.35
6.882,0.35,0.35,0.35,0.35
6.884,0.35,0.35,0.35,0.35
6.886,0.35,0.35,0.35,0.35
6.888,0.35,0.35,0.35,0.35
6.89,0.35,0.35,0.35,0.35
6.892,0.35,0.35,0.35,0.35
6.894,0.35,0.35,0.35,0.35
6.896,0.35,0.35,0.35,0.35
6.898,0.35,0.35,0.35,0.35
6.9,0.35,0.35,0.35,0.35
6.902,0.35,0.35,0.35,0.35
6.904,0.35,0.35,0.35,0.35
6.906,0.35,0.35,0.35,0.35
6.908,0.35,0.35,0.35,0.35
6.91,0.35,0.35,0.35,0.35
6.912,0.35,0.35,0.35,0.35
6.914,0.35,0.35,0.35,0.35
6.916,0.35,0.35,0.35,0.35
6.918,0.35,0.35,0.35,0.35
6.92,0.35,0.35,0.35,0.35
6.922,0.35,0.35,0.35,0.35
6.924,0.35,0.35,0.35,0.35
6.926,0.35,0.35,0.35,0.35
6.928,0.35,0.35,0.35,0.35
6.93,0.35,0.35,0.35,0.35
6.932,0.35,0.35,0.35,0.35
6.934,0.35,0.35,0.35,0.35
6.936,0.35,0.35,0.35,0.35
6.938,0.35,0.35,0.35,0.35
6.94,0.35,0.35,0.35,0.35
6.942,0.35,0.35,0.35,0.35
6.944,0.35,0.35,0.35,0.35
6.946,0.35,0.35,0.35,0.35
6.948,0.35,0.35,0.35,0.35
6.95,0.35,0.35,0.35,0.35
6.952,0.35,0.35,0.35,0.35
6.954,0.35,0.35,0.35,0.35
6.956,0.35,0.35,0.35,0.35
6.958,0.35,0.35,0.35,0.35
6.96,0.35,0.35,0.35,0.35
6.962,0.35,0.35,0.35,0.35
6.964,0.35,0.35,0.35,0.35
6.966,0.35,0.35,0.35,0.35
6.968,0.35,0.35,0.35,0.35
6.97,0.35,0.35,0.35,0.35
6.972,0.35,0.35,0.35,0.35
6.974,0.35,0.35,0.35,0.35
6.976,0.35,0.35,0.35,0.35
6.978,0.35,0.35,0.35,0.35
6.98,0.35,0.35,0.35,0.35
6.982,0.35,0.35,0.35,0.35
6.984,0.35,0.35,0.35,0.35
6.986,0.35,0.35,0.35,0.35
6.988,0.35,0.35,0.35,0.35
6.99,0.35,0.35,0.35,0.35
6.992,0.35,0.35,0.35,0.35
6.994,0.35,0.35,0.35,0.35
6.996,0.35,0.35,0.35,0.35
6.998,0.35,0.35,0.35,0.35
7.0,0.35,0.35,0.35,0.35
7.002,0.35,0.35,0.35,0.35
7.004,0.35,0.35,0.35,0.35
7.006,0.35,0.35,0.35,0.35
7.008,0.35,0.35,0.35,0.35
7.01,0.35,0.35,0.35,0.35
7.012,0.35,0.35,0.35,0.35
7.014,0.35,0.35,0.35,0.35
7.016,0.35,0.35,0.35,0.35
7.018,0.35,0.35,0.35,0.35
7.02,0.35,0.35,0.35,0.35
7.022,0.35,0.35,0.35,0.35
7.024,0.35,0.35,0.35,0.35
7.026,0.35,0.35,0.35,0.35
7.028,0.35,0.35,0.35,0.35
7.03,0.35,0.35,0.35,0.35
7.032,0.35,0.35,0.35,0.35
7.034,0.35,0.35,0.35,0.35
7.036,0.35,0.35,0.35,0.35
7.038,0.35,0.35,0.35,0.35
7.04,0.35,0.35,0.35,0.35
7.042,0.35,0.35,0.35,0.35
7.044,0.35,0.35,0.35,0.35
7.046,0.35,0.35,0.35,0.35
7.048,0.35,0.35,0.35,0.35
7.05,0.35,0.35,0.35,0.35
7.052,0.35,0.35,0.35,0.35
7.054,0.35,0.35,0.35,0.35
7.056,0.35,0.35,0.35,0.35
7.058,0.35,0.35,0.35,0.35
7.06,0.35,0.35,0.35,0.35
7.062,0.35,0.35,0.35,0.35
7.064,0.35,0.35,0.35,0.35
7.066,0.35,0.35,0.35,0.35
7.068,0.35,0.35,0.35,0.35
7.07,0.35,0.35,0.35,0.35
7.072,0.35,0.35,0.35,0.35
7.074,0.35,0.35,0.35,0.35
7.076,0.35,0.35,0.35,0.35
7.078,0.35,0.35,0.35,0.35
7.08,0.35,0.35,0.35,0.35
7.082,0.35,0.35,0.35,0.35
7.084,0.35,0.35,0.35,0.35
7.086,0.35,0.35,0.35,0.35
7.088,0.35,0.35,0.35,0.35
7.09,0.35,0.35,0.35,0.35
7.092,0.35,0.35,0.35,0.35
7.094,0.35,0.35,0.35,0.35
7.096,0.35,0.35,0.35,0.35
7.098,0.35,0.35,0.35,0.35
7.1,0.35,0.35,0.35,0.35
7.102,0.35,0.35,0.35,0.35
7.104,0.35,0.35,0.35,0.35
7.106,0.35,0.35,0.35,0.35
7.108,0.35,0.35,0.35,0.35
7.11,0.35,0.35,0.35,0.35
7.112,0.35,0.35,0.35,0.35
7.114,0.35,0.35,0.35,0.35
7.116,0.35,0.35,0.35,0.35
7.118,0.35,0.35,0.35,0.35
7.12,0.35,0.35,0.35,0.35
7.122,0.35,0.35,0.35,0.35
7.124,0.35,0.35,0.35,0.35
7.126,0.35,0.35,0.35,0.35
7.128,0.35,0.35,0.35,0.35
7.13,0.35,0.35,0.35,0.35
7.132,0.35,0.35,0.35,0.35
7.134,0.35,0.35,0.35,0.35
7.136,0.35,0.35,0.35,0.35
7.138,0.35,0.35,0.35,0.35
7.14,0.35,0.35,0.35,0.35
7.142,0.35,0.35,0.35,0.35
7.144,0.35,0.35,0.35,0.35
7.146,0.35,0.35,0.35,0.35
7.148,0.35,0.35,0.35,0.35
7.15,0.35,0.35,0.35,0.35
7.152,0.35,0.35,0.35,0.35
7.154,0.35,0.35,0.35,0.35
7.156,0.35,0.35,0.35,0.35
7.158,0.35,0.35,0.35,0.35
7.16,0.35,0.35,0.35,0.35
7.162,0.35,0.35,0.35,0.35
7.164,0.35,0.35,0.35,0.35
7.166,0.35,0.35,0.35,0.35
7.168,0.35,0.35,0.35,0.35
7.17,0.35,0.35,0.35,0.35
7.172,0.35,0.35,0.35,0.35
7.174,0.35,0.35,0.35,0.35
7.176,0.35,0.35,0.35,0.35
7.178,0.35,0.35,0.35,0.35
7.18,0.35,0.35,0.35,0.35
7.182,0.35,0.35,0.35,0.35
7.184,0.35,0.35,0.35,0.35
7.186,0.35,0.35,0.35,0.35
7.188,0.35,0.35,0.35,0.35
7.19,0.35,0.35,0.35,0.35
7.192,0.35,0.35,0.35,0.35
7.194,0.35,0.35,0.35,0.35
7.196,0.35,0.35,0.35,0.35
7.198,0.35,0.35,0.35,0.35
7.2,0.35,0.35,0.35,0.35
7.202,0.35,0.35,0.35,0.35
7.204,0.35,0.35,0.35,0.35
7.206,0.35,0.35,0.35,0.35
7.208,0.35,0.35,0.35,0.35
7.21,0.35,0.35,0.35,0.35
7.212,0.35,0.35,0.35,0.35
7.214,0.35,0.35,0.35,0.35
7.216,0.35,0.35,0.35,0.35
7.218,0.35,0.35,0.35,0.35
7.22,0.35,0.35,0.35,0.35
7.222,0.35,0.35,0.35,0.35
7.224,0.35,0.35,0.35,0.35
7.226,0.35,0.35,0.35,0.35
7.228,0.35,0.35,0.35,0.35
7.23,0.35,0.35,0.35,0.35
7.232,0.35,0.35,0.35,0.35
7.234,0.35,0.35,0.35,0.35
7.236,0.35,0.35,0.35,0.35
7.238,0.35,0.35,0.35,0.35
7.24,0.35,0.35,0.35,0.35
7.242,0.35,0.35,0.35,0.35
7.244,0.35,0.35,0.35,0.35
7.246,0.35,0.35,0.35,0.35
7.248,0.35,0.35,0.35,0.35
7.25,0.35,0.35,0.35,0.35
7.252,0.35,0.35,0.35,0.35
7.254,0.35,0.35,0.35,0.35
7.256,0.35,0.35,0.35,0.35
7.258,0.35,0.35,0.35,0.35
7.26,0.35,0.35,0.35,0.35
7.262,0.35,0.35,0.35,0.35
7.264,0.35,0.35,0.35,0.35
7.266,0.35,0.35,0.35,0.35
7.268,0.35,0.35,0.35,0.35
7.27,0.35,0.35,0.35,0.35
7.272,0.35,0.35,0.35,0.35
7.274,0.35,0.35,0.35,0.35
7.276,0.35,0.35,0.35,0.35
7.278,0.35,0.35,0.35,0.35
7.28,0.35,0.35,0.35,0.35
7.282,0.35,0.35,0.35,0.35
7.284,0.35,0.35,0.35,0.35
7.286,0.35,0.35,0.35,0.35
7.288,0.35,0.35,0.35,0.35
7.29,0.35,0.35,0.35,0.35
7.292,0.35,0.35,0.35,0.35
7.294,0.35,0.35,0.35,0.35
7.296,0.35,0.35,0.35,0.35
7.298,0.35,0.35,0.35,0.35
7.3,0.35,0.35,0.35,0.35
7.302,0.35,0.35,0.35,0.35
7.304,0.35,0.35,0.35,0.35
7.306,0.35,0.35,0.35,0.35
7.308,0.35,0.35,0.35,0.35
7.31,0.35,0.35,0.35,0.35
7.312,0.35,0.35,0.35,0.35
7.314,0.35,0.35,0.35,0.35
7.316,0.35,0.35,0.35,0.35
7.318,0.35,0.35,0.35,0.35
7.32,0.35,0.35,0.35,0.35
7.322,0.35,0.35,0.35,0.35
7.324,0.35,0.35,0.35,0.35
7.326,0.35,0.35,0.35,0.35
7.328,0.35,0.35,0.35,0.35
7.33,0.35,0.35,0.35,0.35
7.332,0.35,0.35,0.35,0.35
7.334,0.35,0.35,0.35,0.35
7.336,0.35,0.35,0.35,0.35
7.338,0.35,0.35,0.35,0.35
7.34,0.35,0.35,0.35,0.35
7.342,0.35,0.35,0.35,0.35
7.344,0.35,0.35,0.35,0.35
7.346,0.35,0.35,0.35,0.35
7.348,0.35,0.35,0.35,0.35
7.35,0.35,0.35,0.35,0.35
7.352,0.35,0.35,0.35,0.35
7.354,0.35,0.35,0.35,0.35
7.356,0.35,0.35,0.35,0.35
7.358,0.35,0.35,0.35,0.35
7.36,0.35,0.35,0.35,0.35
7.362,0.35,0.35,0.35,0.35
7.364,0.35,0.35,0.35,0.35
7.366,0.35,0.35,0.35,0.35
7.368,0.35,0.35,0.35,0.35
7.37,0.35,0.35,0.35,0.35
7.372,0.35,0.35,0.35,0.35
7.374,0.35,0.35,0.35,0.35
7.376,0.35,0.35,0.35,0.35
7.378,0.35,0.35,0.35,0.35
7.38,0.35,0.35,0.35,0.35
7.382,0.35,0.35,0.35,0.35
7.384,0.35,0.35,0.35,0.35
7.386,0.35,0.35,0.35,0.35
7.388,0.35,0.35,0.35,0.35
7.39,0.35,0.35,0.35,0.35
7.392,0.35,0.35,0.35,0.35
7.394,0.35,0.35,0.35,0.35
7.396,0.35,0.35,0.35,0.35
7.398,0.35,0.35,0.35,0.35
7.4,0.35,0.35,0.35,0.35
7.402,0.35,0.35,0.35,0.35
7.404,0.35,0.35,0.35,0.35
7.406,0.35,0.35,0.35,0.35
7.408,0.35,0.35,0.35,0.35
7.41,0.35,0.35,0.35,0.35
7.412,0.35,0.35,0.35,0.35
7.414,0.35,0.35,0.35,0.35
7.416,0.35,0.35,0.35,0.35
7.418,0.35,0.35,0.35,0.35
7.42,0.35,0.35,0.35,0.35
7.422,0.35,0.35,0.35,0.35
7.424,0.35,0.35,0.35,0.35
7.426,0.35,0.35,0.35,0.35
7.428,0.35,0.35,0.35,0.35
7.43,0.35,0.35,0.35,0.35
7.432,0.35,0.35,0.35,0.35
7.434,0.35,0.35,0.35,0.35
7.436,0.35,0.35,0.35,0.35
7.438,0.35,0.35,0.35,0.35
7.44,0.35,0.35,0.35,0.35
7.442,0.35,0.35,0.35,0.35
7.444,0.35,0.35,0.35,0.35
7.446,0.35,0.35,0.35,0.35
7.448,0.35,0.35,0.35,0.35
7.45,0.35,0.35,0.35,0.35
7.452,0.35,0.35,0.35,0.35
7.454,0.35,0.35,0.35,0.35
7.456,0.35,0.35,0.35,0.35
7.458,0.35,0.35,0.35,0.35
7.46,0.35,0.35,0.35,0.35
7.462,0.35,0.35,0.35,0.35
7.464,0.35,0.35,0.35,0.35
7.466,0.35,0.35,0.35,0.35
7.468,0.35,0.35,0.35,0.35
7.47,0.35,0.35,0.35,0.35
7.472,0.35,0.35,0.35,0.35
7.474,0.35,0.35,0.35,0.35
7.476,0.35,0.35,0.35,0.35
7.478,0.35,0.35,0.35,0.35
7.48,0.35,0.35,0.35,0.35
7.482,0.35,0.35,0.35,0.35
7.484,0.35,0.35,0.35,0.35
7.486,0.35,0.35,0.35,0.35
7.488,0.35,0.35,0.35,0.35
7.49,0.35,0.35,0.35,0.35
7.492,0.35,0.35,0.35,0.35
7.494,0.35,0.35,0.35,0.35
7.496,0.35,0.35,0.35,0.35
7.498,0.35,0.35,0.35,0.35
7.5,0.35,0.35,0.35,0.35
7.502,0.35,0.35,0.35,0.35
7.504,0.35,0.35,0.35,0.35
7.506,0.35,0.35,0.35,0.35
7.508,0.35,0.35,0.35,0.35
7.51,0.35,0.35,0.35,0.35
7.512,0.35,0.35,0.35,0.35
7.514,0.35,0.35,0.35,0.35
7.516,0.35,0.35,0.35,0.35
7.518,0.35,0.35,0.35,0.35
7.52,0.35,0.35,0.35,0.35
7.522,0.35,0.35,0.35,0.35
7.524,0.35,0.35,0.35,0.35
7.526,0.35,0.35,0.35,0.35
7.528,0.35,0.35,0.35,0.35
7.53,0.35,0.35,0.35,0.35
7.532,0.35,0.35,0.35,0.35
7.534,0.35,0.35,0.35,0.35
7.536,0.35,0.35,0.35,0.35
7.538,0.35,0.35,0.35,0.35
7.54,0.35,0.35,0.35,0.35
7.542,0.35,0.35,0.35,0.35
7.544,0.35,0.35,0.35,0.35
7.546,0.35,0.35,0.35,0.35
7.548,0.35,0.35,0.35,0.35
7.55,0.35,0.35,0.35,0.35
7.552,0.35,0.35,0.35,0.35
7.554,0.35,0.35,0.35,0.35
7.556,0.35,0.35,0.35,0.35
7.558,0.35,0.35,0.35,0.35
7.56,0.35,0.35,0.35,0.35
7.562,0.35,0.35,0.35,0.35
7.564,0.35,0.35,0.35,0.35
7.566,0.35,0.35,0.35,0.35
7.568,0.35,0.35,0.35,0.35
7.57,0.35,0.35,0.35,0.35
7.572,0.35,0.35,0.35,0.35
7.574,0.35,0.35,0.35,0.35
7.576,0.35,0.35,0.35,0.35
7.578,0.35,0.35,0.35,0.35
7.58,0.35,0.35,0.35,0.35
7.582,0.35,0.35,0.35,0.35
7.584,0.35,0.35,0.35,0.35
7.586,0.35,0.35,0.35,0.35
7.588,0.35,0.35,0.35,0.35
7.59,0.35,0.35,0.35,0.35
7.592,0.35,0.35,0.35,0.35
7.594,0.35,0.35,0.35,0.35
7.596,0.35,0.35,0.35,0.35
7.598,0.35,0.35,0.35,0.35
7.6,0.35,0.35,0.35,0.35
7.602,0.35,0.35,0.35,0.35
7.604,0.35,0.35,0.35,0.35
7.606,0.35,0.35,0.35,0.35
7.608,0.35,0.35,0.35,0.35
7.61,0.35,0.35,0.35,0.35
7.612,0.35,0.35,0.35,0.35
7.614,0.35,0.35,0.35,0.35
7.616,0.35,0.35,0.35,0.35
7.618,0.35,0.35,0.35,0.35
7.62,0.35,0.35,0.35,0.35
7.622,0.35,0.35,0.35,0.35
7.624,0.35,0.35,0.35,0.35
7.626,0.35,0.35,0.35,0.35
7.628,0.35,0.35,0.35,0.35
7.63,0.35,0.35,0.35,0.35
7.632,0.35,0.35,0.35,0.35
7.634,0.35,0.35,0.35,0.35
7.636,0.35,0.35,0.35,0.35
7.638,0.35,0.35,0.35,0.35
7.64,0.35,0.35,0.35,0.35
7.642,0.35,0.35,0.35,0.35
7.644,0.35,0.35,0.35,0.35
7.646,0.35,0.35,0.35,0.35
7.648,0.35,0.35,0.35,0.35
7.65,0.35,0.35,0.35,0.35
7.652,0.35,0.35,0.35,0.35
7.654,0.35,0.35,0.35,0.35
7.656,0.35,0.35,0.35,0.35
7.658,0.35,0.35,0.35,0.35
7.66,0.35,0.35,0.35,0.35
7.662,0.35,0.35,0.35,0.35
7.664,0.35,0.35,0.35,0.35
7.666,0.35,0.35,0.35,0.35
7.668,0.35,0.35,0.35,0.35
7.67,0.35,0.35,0.35,0.35
7.672,0.35,0.35,0.35,0.35
7.674,0.35,0.35,0.35,0.35
7.676,0.35,0.35,0.35,0.35
7.678,0.35,0.35,0.35,0.35
7.68,0.35,0.35,0.35,0.35
7.682,0.35,0.35,0.35,0.35
7.684,0.35,0.35,0.35,0.35
7.686,0.35,0.35,0.35,0.35
7.688,0.35,0.35,0.35,0.35
7.69,0.35,0.35,0.35,0.35
7.692,0.35,0.35,0.35,0.35
7.694,0.35,0.35,0.35,0.35
7.696,0.35,0.35,0.35,0.35
7.698,0.35,0.35,0.35,0.35
7.7,0.35,0.35,0.35,0.35
7.702,0.35,0.35,0.35,0.35
7.704,0.35,0.35,0.35,0.35
7.706,0.35,0.35,0.35,0.35
7.708,0.35,0.35,0.35,0.35
7.71,0.35,0.35,0.35,0.35
7.712,0.35,0.35,0.35,0.35
7.714,0.35,0.35,0.35,0.35
7.716,0.35,0.35,0.35,0.35
7.718,0.35,0.35,0.35,0.35
7.72,0.35,0.35,0.35,0.35
7.722,0.35,0.35,0.35,0.35
7.724,0.35,0.35,0.35,0.35
7.726,0.35,0.35,0.35,0.35
7.728,0.35,0.35,0.35,0.35
7.73,0.35,0.35,0.35,0.35
7.732,0.35,0.35,0.35,0.35
7.734,0.35,0.35,0.35,0.35
7.736,0.35,0.35,0.35,0.35
7.738,0.35,0.35,0.35,0.35
7.74,0.35,0.35,0.35,0.35
7.742,0.35,0.35,0.35,0.35
7.744,0.35,0.35,0.35,0.35
7.746,0.35,0.35,0.35,0.35
7.748,0.35,0.35,0.35,0.35
7.75,0.35,0.35,0.35,0.35
7.752,0.35,0.35,0.35,0.35
7.754,0.35,0.35,0.35,0.35
7.756,0.35,0.35,0.35,0.35
7.758,0.35,0.35,0.35,0.35
7.76,0.35,0.35,0.35,0.35
7.762,0.35,0.35,0.35,0.35
7.764,0.35,0.35,0.35,0.35
7.766,0.35,0.35,0.35,0.35
7.768,0.35,0.35,0.35,0.35
7.77,0.35,0.35,0.35,0.35
7.772,0.35,0.35,0.35,0.35
7.774,0.35,0.35,0.35,0.35
7.776,0.35,0.35,0.35,0.35
7.778,0.35,0.35,0.35,0.35
7.78,0.35,0.35,0.35,0.35
7.782,0.35,0.35,0.35,0.35
7.784,0.35,0.35,0.35,0.35
7.786,0.35,0.35,0.35,0.35
7.788,0.35,0.35,0.35,0.35
7.79,0.35,0.35,0.35,0.35
7.792,0.35,0.35,0.35,0.35
7.794,0.35,0.35,0.35,0.35
7.796,0.35,0.35,0.35,0.35
7.798,0.35,0.35,0.35,0.35
7.8,0.35,0.35,0.35,0.35
7.802,0.35,0.35,0.35,0.35
7.804,0.35,0.35,0.35,0.35
7.806,0.35,0.35,0.35,0.35
7.808,0.35,0.35,0.35,0.35
7.81,0.35,0.35,0.35,0.35
7.812,0.35,0.35,0.35,0.35
7.814,0.35,0.35,0.35,0.35
7.816,0.35,0.35,0.35,0.35
7.818,0.35,0.35,0.35,0.35
7.82,0.35,0.35,0.35,0.35
7.822,0.35,0.35,0.35,0.35
7.824,0.35,0.35,0.35,0.35
7.826,0.35,0.35,0.35,0.35
7.828,0.35,0.35,0.35,0.35
7.83,0.35,0.35,0.35,0.35
7.832,0.35,0.35,0.35,0.35
7.834,0.35,0.35,0.35,0.35
7.836,0.35,0.35,0.35,0.35
7.838,0.35,0.35,0.35,0.35
7.84,0.35,0.35,0.35,0.35
7.842,0.35,0.35,0.35,0.35
7.844,0.35,0.35,0.35,0.35
7.846,0.35,0.35,0.35,0.35
7.848,0.35,0.35,0.35,0.35
7.85,0.35,0.35,0.35,0.35
7.852,0.35,0.35,0.35,0.35
7.854,0.35,0.35,0.35,0.35
7.856,0.35,0.35,0.35,0.35
7.858,0.35,0.35,0.35,0.35
7.86,0.35,0.35,0.35,0.35
7.862,0.35,0.35,0.35,0.35
7.864,0.35,0.35,0.35,0.35
7.866,0.35,0.35,0.35,0.35
7.868,0.35,0.35,0.35,0.35
7.87,0.35,0.35,0.35,0.35
7.872,0.35,0.35,0.35,0.35
7.874,0.35,0.35,0.35,0.35
7.876,0.35,0.35,0.35,0.35
7.878,0.35,0.35,0.35,0.35
7.88,0.35,0.35,0.35,0.35
7.882,0.35,0.35,0.35,0.35
7.884,0.35,0.35,0.35,0.35
7.886,0.35,0.35,0.35,0.35
7.888,0.35,0.35,0.35,0.35
7.89,0.35,0.35,0.35,0.35
7.892,0.35,0.35,0.35,0.35
7.894,0.35,0.35,0.35,0.35
7.896,0.35,0.35,0.35,0.35
7.898,0.35,0.35,0.35,0.35
7.9,0.35,0.35,0.35,0.35
7.902,0.35,0.35,0.35,0.35
7.904,0.35,0.35,0.35,0.35
7.906,0.35,0.35,0.35,0.35
7.908,0.35,0.35,0.35,0.35
7.91,0.35,0.35,0.35,0.35
7.912,0.35,0.35,0.35,0.35
7.914,0.35,0.35,0.35,0.35
7.916,0.35,0.35,0.35,0.35
7.918,0.35,0.35,0.35,0.35
7.92,0.35,0.35,0.35,0.35
7.922,0.35,0.35,0.35,0.35
7.924,0.35,0.35,0.35,0.35
7.926,0.35,0.35,0.35,0.35
7.928,0.35,0.35,0.35,0.35
7.93,0.35,0.35,0.35,0.35
7.932,0.35,0.35,0.35,0.35
7.934,0.35,0.35,0.35,0.35
7.936,0.35,0.35,0.35,0.35
7.938,0.35,0.35,0.35,0.35
7.94,0.35,0.35,0.35,0.35
7.942,0.35,0.35,0.35,0.35
7.944,0.35,0.35,0.35,0.35
7.946,0.35,0.35,0.35,0.35
7.948,0.35,0.35,0.35,0.35
7.95,0.35,0.35,0.35,0.35
7.952,0.35,0.35,0.35,0.35
7.954,0.35,0.35,0.35,0.35
7.956,0.35,0.35,0.35,0.35
7.958,0.35,0.35,0.35,0.35
7.96,0.35,0.35,0.35,0.35
7.962,0.35,0.35,0.35,0.35
7.964,0.35,0.35,0.35,0.35
7.966,0.35,0.35,0.35,0.35
7.968,0.35,0.35,0.35,0.35
7.97,0.35,0.35,0.35,0.35
7.972,0.35,0.35,0.35,0.35
7.974,0.35,0.35,0.35,0.35
7.976,0.35,0.35,0.35,0.35
7.978,0.35,0.35,0.35,0.35
7.98,0.35,0.35,0.35,0.35
7.982,0.35,0.35,0.35,0.35
7.984,0.35,0.35,0.35,0.35
7.986,0.35,0.35,0.35,0.35
7.988,0.35,0.35,0.35,0.35
7.99,0.35,0.35,0.35,0.35
7.992,0.35,0.35,0.35,0.35
7.994,0.35,0.35,0.35,0.35
7.996,0.35,0.35,0.35,0.35
7.998,0.35,0.35,0.35,0.35
8.0,0.35,0.35,0.35,0.35
8.002,0.35,0.35,0.35,0.35
8.004,0.35,0.35,0.35,0.35
8.006,0.35,0.35,0.35,0.35
8.008,0.35,0.35,0.35,0.35
8.01,0.35,0.35,0.35,0.35
8.012,0.35,0.35,0.35,0.35
8.014,0.35,0.35,0.35,0.35
8.016,0.35,0.35,0.35,0.35
8.018,0.35,0.35,0.35,0.35
8.02,0.35,0.35,0.35,0.35
8.022,0.35,0.35,0.35,0.35
8.024,0.35,0.35,0.35,0.35
8.026,0.35,0.35,0.35,0.35
8.028,0.35,0.35,0.35,0.35
8.03,0.35,0.35,0.35,0.35
8.032,0.35,0.35,0.35,0.35
8.034,0.35,0.35,0.35,0.35
8.036,0.35,0.35,0.35,0.35
8.038,0.35,0.35,0.35,0.35
8.04,0.35,0.35,0.35,0.35
8.042,0.35,0.35,0.35,0.35
8.044,0.35,0.35,0.35,0.35
8.046,0.35,0.35,0.35,0.35
8.048,0.35,0.35,0.35,0.35
8.05,0.35,0.35,0.35,0.35
8.052,0.35,0.35,0.35,0.35
8.054,0.35,0.35,0.35,0.35
8.056,0.35,0.35,0.35,0.35
8.058,0.35,0.35,0.35,0.35
8.06,0.35,0.35,0.35,0.35
8.062,0.35,0.35,0.35,0.35
8.064,0.35,0.35,0.35,0.35
8.066,0.35,0.35,0.35,0.35
8.068,0.35,0.35,0.35,0.35
8.07,0.35,0.35,0.35,0.35
8.072,0.35,0.35,0.35,0.35
8.074,0.35,0.35,0.35,0.35
8.076,0.35,0.35,0.35,0.35
8.078,0.35,0.35,0.35,0.35
8.08,0.35,0.35,0.35,0.35
8.082,0.35,0.35,0.35,0.35
8.084,0.35,0.35,0.35,0.35
8.086,0.35,0.35,0.35,0.35
8.088,0.35,0.35,0.35,0.35
8.09,0.35,0.35,0.35,0.35
8.092,0.35,0.35,0.35,0.35
8.094,0.35,0.35,0.35,0.35
8.096,0.35,0.35,0.35,0.35
8.098,0.35,0.35,0.35,0.35
8.1,0.35,0.35,0.35,0.35
8.102,0.35,0.35,0.35,0.35
8.104,0.35,0.35,0.35,0.35
8.106,0.35,0.35,0.35,0.35
8.108,0.35,0.35,0.35,0.35
8.11,0.35,0.35,0.35,0.35
8.112,0.35,0.35,0.35,0.35
8.114,0.35,0.35,0.35,0.35
8.116,0.35,0.35,0.35,0.35
8.118,0.35,0.35,0.35,0.35
8.12,0.35,0.35,0.35,0.35
8.122,0.35,0.35,0.35,0.35
8.124,0.35,0.35,0.35,0.35
8.126,0.35,0.35,0.35,0.35
8.128,0.35,0.35,0.35,0.35
8.13,0.35,0.35,0.35,0.35
8.132,0.35,0.35,0.35,0.35
8.134,0.35,0.35,0.35,0.35
8.136,0.35,0.35,0.35,0.35
8.138,0.35,0.35,0.35,0.35
8.14,0.35,0.35,0.35,0.35
8.142,0.35,0.35,0.35,0.35
8.144,0.35,0.35,0.35,0.35
8.146,0.35,0.35,0.35,0.35
8.148,0.35,0.35,0.35,0.35
8.15,0.35,0.35,0.35,0.35
8.152,0.35,0.35,0.35,0.35
8.154,0.35,0.35,0.35,0.35
8.156,0.35,0.35,0.35,0.35
8.158,0.35,0.35,0.35,0.35
8.16,0.35,0.35,0.35,0.35
8.162,0.35,0.35,0.35,0.35
8.164,0.35,0.35,0.35,0.35
8.166,0.35,0.35,0.35,0.35
8.168,0.35,0.35,0.35,0.35
8.17,0.35,0.35,0.35,0.35
8.172,0.35,0.35,0.35,0.35
8.174,0.35,0.35,0.35,0.35
8.176,0.35,0.35,0.35,0.35
8.178,0.35,0.35,0.35,0.35
8.18,0.35,0.35,0.35,0.35
8.182,0.35,0.35,0.35,0.35
8.184,0.35,0.35,0.35,0.35
8.186,0.35,0.35,0.35,0.35
8.188,0.35,0.35,0.35,0.35
8.19,0.35,0.35,0.35,0.35
8.192,0.35,0.35,0.35,0.35
8.194,0.35,0.35,0.35,0.35
8.196,0.35,0.35,0.35,0.35
8.198,0.35,0.35,0.35,0.35
8.2,0.35,0.35,0.35,0.35
8.202,0.35,0.35,0.35,0.35
8.204,0.35,0.35,0.35,0.35
8.206,0.35,0.35,0.35,0.35
8.208,0.35,0.35,0.35,0.35
8.21,0.35,0.35,0.35,0.35
8.212,0.35,0.35,0.35,0.35
8.214,0.35,0.35,0.35,0.35
8.216,0.35,0.35,0.35,0.35
8.218,0.35,0.35,0.35,0.35
8.22,0.35,0.35,0.35,0.35
8.222,0.35,0.35,0.35,0.35
8.224,0.35,0.35,0.35,0.35
8.226,0.35,0.35,0.35,0.35
8.228,0.35,0.35,0.35,0.35
8.23,0.35,0.35,0.35,0.35
8.232,0.35,0.35,0.35,0.35
8.234,0.35,0.35,0.35,0.35
8.236,0.35,0.35,0.35,0.35
8.238,0.35,0.35,0.35,0.35
8.24,0.35,0.35,0.35,0.35
8.242,0.35,0.35,0.35,0.35
8.244,0.35,0.35,0.35,0.35
8.246,0.35,0.35,0.35,0.35
8.248,0.35,0.35,0.35,0.35
8.25,0.35,0.35,0.35,0.35
8.252,0.35,0.35,0.35,0.35
8.254,0.35,0.35,0.35,0.35
8.256,0.35,0.35,0.35,0.35
8.258,0.35,0.35,0.35,0.35
8.26,0.35,0.35,0.35,0.35
8.262,0.35,0.35,0.35,0.35
8.264,0.35,0.35,0.35,0.35
8.266,0.35,0.35,0.35,0.35
8.268,0.35,0.35,0.35,0.35
8.27,0.35,0.35,0.35,0.35
8.272,0.35,0.35,0.35,0.35
8.274,0.35,0.35,0.35,0.35
8.276,0.35,0.35,0.35,0.35
8.278,0.35,0.35,0.35,0.35
8.28,0.35,0.35,0.35,0.35
8.282,0.35,0.35,0.35,0.35
8.284,0.35,0.35,0.35,0.35
8.286,0.35,0.35,0.35,0.35
8.288,0.35,0.35,0.35,0.35
8.29,0.35,0.35,0.35,0.35
8.292,0.35,0.35,0.35,0.35
8.294,0.35,0.35,0.35,0.35
8.296,0.35,0.35,0.35,0.35
8.298,0.35,0.35,0.35,0.35
8.3,0.35,0.35,0.35,0.35
8.302,0.35,0.35,0.35,0.35
8.304,0.35,0.35,0.35,0.35
8.306,0.35,0.35,0.35,0.35
8.308,0.35,0.35,0.35,0.35
8.31,0.35,0.35,0.35,0.35
8.312,0.35,0.35,0.35,0.35
8.314,0.35,0.35,0.35,0.35
8.316,0.35,0.35,0.35,0.35
8.318,0.35,0.35,0.35,0.35
8.32,0.35,0.35,0.35,0.35
8.322,0.35,0.35,0.35,0.35
8.324,0.35,0.35,0.35,0.35
8.326,0.35,0.35,0.35,0.35
8.328,0.35,0.35,0.35,0.35
8.33,0.35,0.35,0.35,0.35
8.332,0.35,0.35,0.35,0.35
8.334,0.35,0.35,0.35,0.35
8.336,0.35,0.35,0.35,0.35
8.338,0.35,0.35,0.35,0.35
8.34,0.35,0.35,0.35,0.35
8.342,0.35,0.35,0.35,0.35
8.344,0.35,0.35,0.35,0.35
8.346,0.35,0.35,0.35,0.35
8.348,0.35,0.35,0.35,0.35
8.35,0.35,0.35,0.35,0.35
8.352,0.35,0.35,0.35,0.35
8.354,0.35,0.35,0.35,0.35
8.356,0.35,0.35,0.35,0.35
8.358,0.35,0.35,0.35,0.35
8.36,0.35,0.35,0.35,0.35
8.362,0.35,0.35,0.35,0.35
8.364,0.35,0.35,0.35,0.35
8.366,0.35,0.35,0.35,0.35
8.368,0.35,0.35,0.35,0.35
8.37,0.35,0.35,0.35,0.35
8.372,0.35,0.35,0.35,0.35
8.374,0.35,0.35,0.35,0.35
8.376,0.35,0.35,0.35,0.35
8.378,0.35,0.35,0.35,0.35
8.38,0.35,0.35,0.35,0.35
8.382,0.35,0.35,0.35,0.35
8.384,0.35,0.35,0.35,0.35
8.386,0.35,0.35,0.35,0.35
8.388,0.35,0.35,0.35,0.35
8.39,0.35,0.35,0.35,0.35
8.392,0.35,0.35,0.35,0.35
8.394,0.35,0.35,0.35,0.35
8.396,0.35,0.35,0.35,0.35
8.398,0.35,0.35,0.35,0.35
8.4,0.35,0.35,0.35,0.35
8.402,0.35,0.35,0.35,0.35
8.404,0.35,0.35,0.35,0.35
8.406,0.35,0.35,0.35,0.35
8.408,0.35,0.35,0.35,0.35
8.41,0.35,0.35,0.35,0.35
8.412,0.35,0.35,0.35,0.35
8.414,0.35,0.35,0.35,0.35
8.416,0.35,0.35,0.35,0.35
8.418,0.35,0.35,0.35,0.35
8.42,0.35,0.35,0.35,0.35
8.422,0.35,0.35,0.35,0.35
8.424,0.35,0.35,0.35,0.35
8.426,0.35,0.35,0.35,0.35
8.428,0.35,0.35,0.35,0.35
8.43,0.35,0.35,0.35,0.35
8.432,0.35,0.35,0.35,0.35
8.434,0.35,0.35,0.35,0.35
8.436,0.35,0.35,0.35,0.35
8.438,0.35,0.35,0.35,0.35
8.44,0.35,0.35,0.35,0.35
8.442,0.35,0.35,0.35,0.35
8.444,0.35,0.35,0.35,0.35
8.446,0.35,0.35,0.35,0.35
8.448,0.35,0.35,0.35,0.35
8.45,0.35,0.35,0.35,0.35
8.452,0.35,0.35,0.35,0.35
8.454,0.35,0.35,0.35,0.35
8.456,0.35,0.35,0.35,0.35
8.458,0.35,0.35,0.35,0.35
8.46,0.35,0.35,0.35,0.35
8.462,0.35,0.35,0.35,0.35
8.464,0.35,0.35,0.35,0.35
8.466,0.35,0.35,0.35,0.35
8.468,0.35,0.35,0.35,0.35
8.47,0.35,0.35,0.35,0.35
8.472,0.35,0.35,0.35,0.35
8.474,0.35,0.35,0.35,0.35
8.476,0.35,0.35,0.35,0.35
8.478,0.35,0.35,0.35,0.35
8.48,0.35,0.35,0.35,0.35
8.482,0.35,0.35,0.35,0.35
8.484,0.35,0.35,0.35,0.35
8.486,0.35,0.35,0.35,0.35
8.488,0.35,0.35,0.35,0.35
8.49,0.35,0.35,0.35,0.35
8.492,0.35,0.35,0.35,0.35
8.494,0.35,0.35,0.35,0.35
8.496,0.35,0.35,0.35,0.35
8.498,0.35,0.35,0.35,0.35
8.5,0.35,0.35,0.35,0.35
8.502,0.35,0.35,0.35,0.35
8.504,0.35,0.35,0.35,0.35
8.506,0.35,0.35,0.35,0.35
8.508,0.35,0.35,0.35,0.35
8.51,0.35,0.35,0.35,0.35
8.512,0.35,0.35,0.35,0.35
8.514,0.35,0.35,0.35,0.35
8.516,0.35,0.35,0.35,0.35
8.518,0.35,0.35,0.35,0.35
8.52,0.35,0.35,0.35,0.35
8.522,0.35,0.35,0.35,0.35
8.524,0.35,0.35,0.35,0.35
8.526,0.35,0.35,0.35,0.35
8.528,0.35,0.35,0.35,0.35
8.53,0.35,0.35,0.35,0.35
8.532,0.35,0.35,0.35,0.35
8.534,0.35,0.35,0.35,0.35
8.536,0.35,0.35,0.35,0.35
8.538,0.35,0.35,0.35,0.35
8.54,0.35,0.35,0.35,0.35
8.542,0.35,0.35,0.35,0.35
8.544,0.35,0.35,0.35,0.35
8.546,0.35,0.35,0.35,0.35
8.548,0.35,0.35,0.35,0.35
8.55,0.35,0.35,0.35,0.35
8.552,0.35,0.35,0.35,0.35
8.554,0.35,0.35,0.35,0.35
8.556,0.35,0.35,0.35,0.35
8.558,0.35,0.35,0.35,0.35
8.56,0.35,0.35,0.35,0.35
8.562,0.35,0.35,0.35,0.35
8.564,0.35,0.35,0.35,0.35
8.566,0.35,0.35,0.35,0.35
8.568,0.35,0.35,0.35,0.35
8.57,0.35,0.35,0.35,0.35
8.572,0.35,0.35,0.35,0.35
8.574,0.35,0.35,0.35,0.35
8.576,0.35,0.35,0.35,0.35
8.578,0.35,0.35,0.35,0.35
8.58,0.35,0.35,0.35,0.35
8.582,0.35,0.35,0.35,0.35
8.584,0.35,0.35,0.35,0.35
8.586,0.35,0.35,0.35,0.35
8.588,0.35,0.35,0.35,0.35
8.59,0.35,0.35,0.35,0.35
8.592,0.35,0.35,0.35,0.35
8.594,0.35,0.35,0.35,0.35
8.596,0.35,0.35,0.35,0.35
8.598,0.35,0.35,0.35,0.35
8.6,0.35,0.35,0.35,0.35
8.602,0.35,0.35,0.35,0.35
8.604,0.35,0.35,0.35,0.35
8.606,0.35,0.35,0.35,0.35
8.608,0.35,0.35,0.35,0.35
8.61,0.35,0.35,0.35,0.35
8.612,0.35,0.35,0.35,0.35
8.614,0.35,0.35,0.35,0.35
8.616,0.35,0.35,0.35,0.35
8.618,0.35,0.35,0.35,0.35
8.62,0.35,0.35,0.35,0.35
8.622,0.35,0.35,0.35,0.35
8.624,0.35,0.35,0.35,0.35
8.626,0.35,0.35,0.35,0.35
8.628,0.35,0.35,0.35,0.35
8.63,0.35,0.35,0.35,0.35
8.632,0.35,0.35,0.35,0.35
8.634,0.35,0.35,0.35,0.35
8.636,0.35,0.35,0.35,0.35
8.638,0.35,0.35,0.35,0.35
8.64,0.35,0.35,0.35,0.35
8.642,0.35,0.35,0.35,0.35
8.644,0.35,0.35,0.35,0.35
8.646,0.35,0.35,0.35,0.35
8.648,0.35,0.35,0.35,0.35
8.65,0.35,0.35,0.35,0.35
8.652,0.35,0.35,0.35,0.35
8.654,0.35,0.35,0.35,0.35
8.656,0.35,0.35,0.35,0.35
8.658,0.35,0.35,0.35,0.35
8.66,0.35,0.35,0.35,0.35
8.662,0.35,0.35,0.35,0.35
8.664,0.35,0.35,0.35,0.35
8.666,0.35,0.35,0.35,0.35
8.668,0.35,0.35,0.35,0.35
8.67,0.35,0.35,0.35,0.35
8.672,0.35,0.35,0.35,0.35
8.674,0.35,0.35,0.35,0.35
8.676,0.35,0.35,0.35,0.35
8.678,0.35,0.35,0.35,0.35
8.68,0.35,0.35,0.35,0.35
8.682,0.35,0.35,0.35,0.35
8.684,0.35,0.35,0.35,0.35
8.686,0.35,0.35,0.35,0.35
8.688,0.35,0.35,0.35,0.35
8.69,0.35,0.35,0.35,0.35
8.692,0.35,0.35,0.35,0.35
8.694,0.35,0.35,0.35,0.35
8.696,0.35,0.35,0.35,0.35
8.698,0.35,0.35,0.35,0.35
8.7,0.35,0.35,0.35,0.35
8.702,0.35,0.35,0.35,0.35
8.704,0.35,0.35,0.35,0.35
8.706,0.35,0.35,0.35,0.35
8.708,0.35,0.35,0.35,0.35
8.71,0.35,0.35,0.35,0.35
8.712,0.35,0.35,0.35,0.35
8.714,0.35,0.35,0.35,0.35
8.716,0.35,0.35,0.35,0.35
8.718,0.35,0.35,0.35,0.35
8.72,0.35,0.35,0.35,0.35
8.722,0.35,0.35,0.35,0.35
8.724,0.35,0.35,0.35,0.35
8.726,0.35,0.35,0.35,0.35
8.728,0.35,0.35,0.35,0.35
8.73,0.35,0.35,0.35,0.35
8.732,0.35,0.35,0.35,0.35
8.734,0.35,0.35,0.35,0.35
8.736,0.35,0.35,0.35,0.35
8.738,0.35,0.35,0.35,0.35
8.74,0.35,0.35,0.35,0.35
8.742,0.35,0.35,0.35,0.35
8.744,0.35,0.35,0.35,0.35
8.746,0.35,0.35,0.35,0.35
8.748,0.35,0.35,0.35,0.35
8.75,0.35,0.35,0.35,0.35
8.752,0.35,0.35,0.35,0.35
8.754,0.35,0.35,0.35,0.35
8.756,0.35,0.35,0.35,0.35
8.758,0.35,0.35,0.35,0.35
8.76,0.35,0.35,0.35,0.35
8.762,0.35,0.35,0.35,0.35
8.764,0.35,0.35,0.35,0.35
8.766,0.35,0.35,0.35,0.35
8.768,0.35,0.35,0.35,0.35
8.77,0.35,0.35,0.35,0.35
8.772,0.35,0.35,0.35,0.35
8.774,0.35,0.35,0.35,0.35
8.776,0.35,0.35,0.35,0.35
8.778,0.35,0.35,0.35,0.35
8.78,0.35,0.35,0.35,0.35
8.782,0.35,0.35,0.35,0.35
8.784,0.35,0.35,0.35,0.35
8.786,0.35,0.35,0.35,0.35
8.788,0.35,0.35,0.35,0.35
8.79,0.35,0.35,0.35,0.35
8.792,0.35,0.35,0.35,0.35
8.794,0.35,0.35,0.35,0.35
8.796,0.35,0.35,0.35,0.35
8.798,0.35,0.35,0.35,0.35
8.8,0.35,0.35,0.35,0.35
8.802,0.35,0.35,0.35,0.35
8.804,0.35,0.35,0.35,0.35
8.806,0.35,0.35,0.35,0.35
8.808,0.35,0.35,0.35,0.35
8.81,0.35,0.35,0.35,0.35
8.812,0.35,0.35,0.35,0.35
8.814,0.35,0.35,0.35,0.35
8.816,0.35,0.35,0.35,0.35
8.818,0.35,0.35,0.35,0.35
8.82,0.35,0.35,0.35,0.35
8.822,0.35,0.35,0.35,0.35
8.824,0.35,0.35,0.35,0.35
8.826,0.35,0.35,0.35,0.35
8.828,0.35,0.35,0.35,0.35
8.83,0.35,0.35,0.35,0.35
8.832,0.35,0.35,0.35,0.35
8.834,0.35,0.35,0.35,0.35
8.836,0.35,0.35,0.35,0.35
8.838,0.35,0.35,0.35,0.35
8.84,0.35,0.35,0.35,0.35
8.842,0.35,0.35,0.35,0.35
8.844,0.35,0.35,0.35,0.35
8.846,0.35,0.35,0.35,0.35
8.848,0.35,0.35,0.35,0.35
8.85,0.35,0.35,0.35,0.35
8.852,0.35,0.35,0.35,0.35
8.854,0.35,0.35,0.35,0.35
8.856,0.35,0.35,0.35,0.35
8.858,0.35,0.35,0.35,0.35
8.86,0.35,0.35,0.35,0.35
8.862,0.35,0.35,0.35,0.35
8.864,0.35,0.35,0.35,0.35
8.866,0.35,0.35,0.35,0.35
8.868,0.35,0.35,0.35,0.35
8.87,0.35,0.35,0.35,0.35
8.872,0.35,0.35,0.35,0.35
8.874,0.35,0.35,0.35,0.35
8.876,0.35,0.35,0.35,0.35
8.878,0.35,0.35,0.35,0.35
8.88,0.35,0.35,0.35,0.35
8.882,0.35,0.35,0.35,0.35
8.884,0.35,0.35,0.35,0.35
8.886,0.35,0.35,0.35,0.35
8.888,0.35,0.35,0.35,0.35
8.89,0.35,0.35,0.35,0.35
8.892,0.35,0.35,0.35,0.35
8.894,0.35,0.35,0.35,0.35
8.896,0.35,0.35,0.35,0.35
8.898,0.35,0.35,0.35,0.35
8.9,0.35,0.35,0.35,0.35
8.902,0.35,0.35,0.35,0.35
8.904,0.35,0.35,0.35,0.35
8.906,0.35,0.35,0.35,0.35
8.908,0.35,0.35,0.35,0.35
8.91,0.35,0.35,0.35,0.35
8.912,0.35,0.35,0.35,0.35
8.914,0.35,0.35,0.35,0.35
8.916,0.35,0.35,0.35,0.35
8.918,0.35,0.35,0.35,0.35
8.92,0.35,0.35,0.35,0.35
8.922,0.35,0.35,0.35,0.35
8.924,0.35,0.35,0.35,0.35
8.926,0.35,0.35,0.35,0.35
8.928,0.35,0.35,0.35,0.35
8.93,0.35,0.35,0.35,0.35
8.932,0.35,0.35,0.35,0.35
8.934,0.35,0.35,0.35,0.35
8.936,0.35,0.35,0.35,0.35
8.938,0.35,0.35,0.35,0.35
8.94,0.35,0.35,0.35,0.35
8.942,0.35,0.35,0.35,0.35
8.944,0.35,0.35,0.35,0.35
8.946,0.35,0.35,0.35,0.35
8.948,0.35,0.35,0.35,0.35
8.95,0.35,0.35,0.35,0.35
8.952,0.35,0.35,0.35,0.35
8.954,0.35,0.35,0.35,0.35
8.956,0.35,0.35,0.35,0.35
8.958,0.35,0.35,0.35,0.35
8.96,0.35,0.35,0.35,0.35
8.962,0.35,0.35,0.35,0.35
8.964,0.35,0.35,0.35,0.35
8.966,0.35,0.35,0.35,0.35
8.968,0.35,0.35,0.35,0.35
8.97,0.35,0.35,0.35,0.35
8.972,0.35,0.35,0.35,0.35
8.974,0.35,0.35,0.35,0.35
8.976,0.35,0.35,0.35,0.35
8.978,0.35,0.35,0.35,0.35
8.98,0.35,0.35,0.35,0.35
8.982,0.35,0.35,0.35,0.35
8.984,0.35,0.35,0.35,0.35
8.986,0.35,0.35,0.35,0.35
8.988,0.35,0.35,0.35,0.35
8.99,0.35,0.35,0.35,0.35
8.992,0.35,0.35,0.35,0.35
8.994,0.35,0.35,0.35,0.35
8.996,0.35,0.35,0.35,0.35
8.998,0.35,0.35,0.35,0.35
9.0,0.35,0.35,0.35,0.35
9.002,0.35,0.35,0.35,0.35
9.004,0.35,0.35,0.35,0.35
9.006,0.35,0.35,0.35,0.35
9.008,0.35,0.35,0.35,0.35
9.01,0.35,0.35,0.35,0.35
9.012,0.35,0.35,0.35,0.35
9.014,0.35,0.35,0.35,0.35
9.016,0.35,0.35,0.35,0.35
9.018,0.35,0.35,0.35,0.35
9.02,0.35,0.35,0.35,0.35
9.022,0.35,0.35,0.35,0.35
9.024,0.35,0.35,0.35,0.35
9.026,0.35,0.35,0.35,0.35
9.028,0.35,0.35,0.35,0.35
9.03,0.35,0.35,0.35,0.35
9.032,0.35,0.35,0.35,0.35
9.034,0.35,0.35,0.35,0.35
9.036,0.35,0.35,0.35,0.35
9.038,0.35,0.35,0.35,0.35
9.04,0.35,0.35,0.35,0.35
9.042,0.35,0.35,0.35,0.35
9.044,0.35,0.35,0.35,0.35
9.046,0.35,0.35,0.35,0.35
9.048,0.35,0.35,0.35,0.35
9.05,0.35,0.35,0.35,0.35
9.052,0.35,0.35,0.35,0.35
9.054,0.35,0.35,0.35,0.35
9.056,0.35,0.35,0.35,0.35
9.058,0.35,0.35,0.35,0.35
9.06,0.35,0.35,0.35,0.35
9.062,0.35,0.35,0.35,0.35
9.064,0.35,0.35,0.35,0.35
9.066,0.35,0.35,0.35,0.35
9.068,0.35,0.35,0.35,0.35
9.07,0.35,0.35,0.35,0.35
9.072,0.35,0.35,0.35,0.35
9.074,0.35,0.35,0.35,0.35
9.076,0.35,0.35,0.35,0.35
9.078,0.35,0.35,0.35,0.35
9.08,0.35,0.35,0.35,0.35
9.082,0.35,0.35,0.35,0.35
9.084,0.35,0.35,0.35,0.35
9.086,0.35,0.35,0.35,0.35
9.088,0.35,0.35,0.35,0.35
9.09,0.35,0.35,0.35,0.35
9.092,0.35,0.35,0.35,0.35
9.094,0.35,0.35,0.35,0.35
9.096,0.35,0.35,0.35,0.35
9.098,0.35,0.35,0.35,0.35
9.1,0.35,0.35,0.35,0.35
9.102,0.35,0.35,0.35,0.35
9.104,0.35,0.35,0.35,0.35
9.106,0.35,0.35,0.35,0.35
9.108,0.35,0.35,0.35,0.35
9.11,0.35,0.35,0.35,0.35
9.112,0.35,0.35,0.35,0.35
9.114,0.35,0.35,0.35,0.35
9.116,0.35,0.35,0.35,0.35
9.118,0.35,0.35,0.35,0.35
9.12,0.35,0.35,0.35,0.35
9.122,0.35,0.35,0.35,0.35
9.124,0.35,0.35,0.35,0.35
9.126,0.35,0.35,0.35,0.35
9.128,0.35,0.35,0.35,0.35
9.13,0.35,0.35,0.35,0.35
9.132,0.35,0.35,0.35,0.35
9.134,0.35,0.35,0.35,0.35
9.136,0.35,0.35,0.35,0.35
9.138,0.35,0.35,0.35,0.35
9.14,0.35,0.35,0.35,0.35
9.142,0.35,0.35,0.35,0.35
9.144,0.35,0.35,0.35,0.35
9.146,0.35,0.35,0.35,0.35
9.148,0.35,0.35,0.35,0.35
9.15,0.35,0.35,0.35,0.35
9.152,0.35,0.35,0.35,0.35
9.154,0.35,0.35,0.35,0.35
9.156,0.35,0.35,0.35,0.35
9.158,0.35,0.35,0.35,0.35
9.16,0.35,0.35,0.35,0.35
9.162,0.35,0.35,0.35,0.35
9.164,0.35,0.35,0.35,0.35
9.166,0.35,0.35,0.35,0.35
9.168,0.35,0.35,0.35,0.35
9.17,0.35,0.35,0.35,0.35
9.172,0.35,0.35,0.35,0.35
9.174,0.35,0.35,0.35,0.35
9.176,0.35,0.35,0.35,0.35
9.178,0.35,0.35,0.35,0.35
9.18,0.35,0.35,0.35,0.35
9.182,0.35,0.35,0.35,0.35
9.184,0.35,0.35,0.35,0.35
9.186,0.35,0.35,0.35,0.35
9.188,0.35,0.35,0.35,0.35
9.19,0.35,0.35,0.35,0.35
9.192,0.35,0.35,0.35,0.35
9.194,0.35,0.35,0.35,0.35
9.196,0.35,0.35,0.35,0.35
9.198,0.35,0.35,0.35,0.35
9.2,0.35,0.35,0.35,0.35
9.202,0.35,0.35,0.35,0.35
9.204,0.35,0.35,0.35,0.35
9.206,0.35,0.35,0.35,0.35
9.208,0.35,0.35,0.35,0.35
9.21,0.35,0.35,0.35,0.35
9.212,0.35,0.35,0.35,0.35
9.214,0.35,0.35,0.35,0.35
9.216,0.35,0.35,0.35,0.35
9.218,0.35,0.35,0.35,0.35
9.22,0.35,0.35,0.35,0.35
9.222,0.35,0.35,0.35,0.35
9.224,0.35,0.35,0.35,0.35
9.226,0.35,0.35,0.35,0.35
9.228,0.35,0.35,0.35,0.35
9.23,0.35,0.35,0.35,0.35
9.232,0.35,0.35,0.35,0.35
9.234,0.35,0.35,0.35,0.35
9.236,0.35,0.35,0.35,0.35
9.238,0.35,0.35,0.35,0.35
9.24,0.35,0.35,0.35,0.35
9.242,0.35,0.35,0.35,0.35
9.244,0.35,0.35,0.35,0.35
9.246,0.35,0.35,0.35,0.35
9.248,0.35,0.35,0.35,0.35
9.25,0.35,0.35,0.35,0.35
9.252,0.35,0.35,0.35,0.35
9.254,0.35,0.35,0.35,0.35
9.256,0.35,0.35,0.35,0.35
9.258,0.35,0.35,0.35,0.35
9.26,0.35,0.35,0.35,0.35
9.262,0.35,0.35,0.35,0.35
9.264,0.35,0.35,0.35,0.35
9.266,0.35,0.35,0.35,0.35
9.268,0.35,0.35,0.35,0.35
9.27,0.35,0.35,0.35,0.35
9.272,0.35,0.35,0.35,0.35
9.274,0.35,0.35,0.35,0.35
9.276,0.35,0.35,0.35,0.35
9.278,0.35,0.35,0.35,0.35
9.28,0.35,0.35,0.35,0.35
9.282,0.35,0.35,0.35,0.35
9.284,0.35,0.35,0.35,0.35
9.286,0.35,0.35,0.35,0.35
9.288,0.35,0.35,0.35,0.35
9.29,0.35,0.35,0.35,0.35
9.292,0.35,0.35,0.35,0.35
9.294,0.35,0.35,0.35,0.35
9.296,0.35,0.35,0.35,0.35
9.298,0.35,0.35,0.35,0.35
9.3,0.35,0.35,0.35,0.35
9.302,0.35,0.35,0.35,0.35
9.304,0.35,0.35,0.35,0.35
9.306,0.35,0.35,0.35,0.35
9.308,0.35,0.35,0.35,0.35
9.31,0.35,0.35,0.35,0.35
9.312,0.35,0.35,0.35,0.35
9.314,0.35,0.35,0.35,0.35
9.316,0.35,0.35,0.35,0.35
9.318,0.35,0.35,0.35,0.35
9.32,0.35,0.35,0.35,0.35
9.322,0.35,0.35,0.35,0.35
9.324,0.35,0.35,0.35,0.35
9.326,0.35,0.35,0.35,0.35
9.328,0.35,0.35,0.35,0.35
9.33,0.35,0.35,0.35,0.35
9.332,0.35,0.35,0.35,0.35
9.334,0.35,0.35,0.35,0.35
9.336,0.35,0.35,0.35,0.35
9.338,0.35,0.35,0.35,0.35
9.34,0.35,0.35,0.35,0.35
9.342,0.35,0.35,0.35,0.35
9.344,0.35,0.35,0.35,0.35
9.346,0.35,0.35,0.35,0.35
9.348,0.35,0.35,0.35,0.35
9.35,0.35,0.35,0.35,0.35
9.352,0.35,0.35,0.35,0.35
9.354,0.35,0.35,0.35,0.35
9.356,0.35,0.35,0.35,0.35
9.358,0.35,0.35,0.35,0.35
9.36,0.35,0.35,0.35,0.35
9.362,0.35,0.35,0.35,0.35
9.364,0.35,0.35,0.35,0.35
9.366,0.35,0.35,0.35,0.35
9.368,0.35,0.35,0.35,0.35
9.37,0.35,0.35,0.35,0.35
9.372,0.35,0.35,0.35,0.35
9.374,0.35,0.35,0.35,0.35
9.376,0.35,0.35,0.35,0.35
9.378,0.35,0.35,0.35,0.35
9.38,0.35,0.35,0.35,0.35
9.382,0.35,0.35,0.35,0.35
9.384,0.35,0.35,0.35,0.35
9.386,0.35,0.35,0.35,0.35
9.388,0.35,0.35,0.35,0.35
9.39,0.35,0.35,0.35,0.35
9.392,0.35,0.35,0.35,0.35
9.394,0.35,0.35,0.35,0.35
9.396,0.35,0.35,0.35,0.35
9.398,0.35,0.35,0.35,0.35
9.4,0.35,0.35,0.35,0.35
9.402,0.35,0.35,0.35,0.35
9.404,0.35,0.35,0.35,0.35
9.406,0.35,0.35,0.35,0.35
9.408,0.35,0.35,0.35,0.35
9.41,0.35,0.35,0.35,0.35
9.412,0.35,0.35,0.35,0.35
9.414,0.35,0.35,0.35,0.35
9.416,0.35,0.35,0.35,0.35
9.418,0.35,0.35,0.35,0.35
9.42,0.35,0.35,0.35,0.35
9.422,0.35,0.35,0.35,0.35
9.424,0.35,0.35,0.35,0.35
9.426,0.35,0.35,0.35,0.35
9.428,0.35,0.35,0.35,0.35
9.43,0.35,0.35,0.35,0.35
9.432,0.35,0.35,0.35,0.35
9.434,0.35,0.35,0.35,0.35
9.436,0.35,0.35,0.35,0.35
9.438,0.35,0.35,0.35,0.35
9.44,0.35,0.35,0.35,0.35
9.442,0.35,0.35,0.35,0.35
9.444,0.35,0.35,0.35,0.35
9.446,0.35,0.35,0.35,0.35
9.448,0.35,0.35,0.35,0.35
9.45,0.35,0.35,0.35,0.35
9.452,0.35,0.35,0.35,0.35
9.454,0.35,0.35,0.35,0.35
9.456,0.35,0.35,0.35,0.35
9.458,0.35,0.35,0.35,0.35
9.46,0.35,0.35,0.35,0.35
9.462,0.35,0.35,0.35,0.35
9.464,0.35,0.35,0.35,0.35
9.466,0.35,0.35,0.35,0.35
9.468,0.35,0.35,0.35,0.35
9.47,0.35,0.35,0.35,0.35
9.472,0.35,0.35,0.35,0.35
9.474,0.35,0.35,0.35,0.35
9.476,0.35,0.35,0.35,0.35
9.478,0.35,0.35,0.35,0.35
9.48,0.35,0.35,0.35,0.35
9.482,0.35,0.35,0.35,0.35
9.484,0.35,0.35,0.35,0.35
9.486,0.35,0.35,0.35,0.35
9.488,0.35,0.35,0.35,0.35
9.49,0.35,0.35,0.35,0.35
9.492,0.35,0.35,0.35,0.35
9.494,0.35,0.35,0.35,0.35
9.496,0.35,0.35,0.35,0.35
9.498,0.35,0.35,0.35,0.35
9.5,0.35,0.35,0.35,0.35
9.502,0.35,0.35,0.35,0.35
9.504,0.35,0.35,0.35,0.35
9.506,0.35,0.35,0.35,0.35
9.508,0.35,0.35,0.35,0.35
9.51,0.35,0.35,0.35,0.35
9.512,0.35,0.35,0.35,0.35
9.514,0.35,0.35,0.35,0.35
9.516,0.35,0.35,0.35,0.35
9.518,0.35,0.35,0.35,0.35
9.52,0.35,0.35,0.35,0.35
9.522,0.35,0.35,0.35,0.35
9.524,0.35,0.35,0.35,0.35
9.526,0.35,0.35,0.35,0.35
9.528,0.35,0.35,0.35,0.35
9.53,0.35,0.35,0.35,0.35
9.532,0.35,0.35,0.35,0.35
9.534,0.35,0.35,0.35,0.35
9.536,0.35,0.35,0.35,0.35
9.538,0.35,0.35,0.35,0.35
9.54,0.35,0.35,0.35,0.35
9.542,0.35,0.35,0.35,0.35
9.544,0.35,0.35,0.35,0.35
9.546,0.35,0.35,0.35,0.35
9.548,0.35,0.35,0.35,0.35
9.55,0.35,0.35,0.35,0.35
9.552,0.35,0.35,0.35,0.35
9.554,0.35,0.35,0.35,0.35
9.556,0.35,0.35,0.35,0.35
9.558,0.35,0.35,0.35,0.35
9.56,0.35,0.35,0.35,0.35
9.562,0.35,0.35,0.35,0.35
9.564,0.35,0.35,0.35,0.35
9.566,0.35,0.35,0.35,0.35
9.568,0.35,0.35,0.35,0.35
9.57,0.35,0.35,0.35,0.35
9.572,0.35,0.35,0.35,0.35
9.574,0.35,0.35,0.35,0.35
9.576,0.35,0.35,0.35,0.35
9.578,0.35,0.35,0.35,0.35
9.58,0.35,0.35,0.35,0.35
9.582,0.35,0.35,0.35,0.35
9.584,0.35,0.35,0.35,0.35
9.586,0.35,0.35,0.35,0.35
9.588,0.35,0.35,0.35,0.35
9.59,0.35,0.35,0.35,0.35
9.592,0.35,0.35,0.35,0.35
9.594,0.35,0.35,0.35,0.35
9.596,0.35,0.35,0.35,0.35
9.598,0.35,0.35,0.35,0.35
9.6,0.35,0.35,0.35,0.35
9.602,0.35,0.35,0.35,0.35
9.604,0.35,0.35,0.35,0.35
9.606,0.35,0.35,0.35,0.35
9.608,0.35,0.35,0.35,0.35
9.61,0.35,0.35,0.35,0.35
9.612,0.35,0.35,0.35,0.35
9.614,0.35,0.35,0.35,0.35
9.616,0.35,0.35,0.35,0.35
9.618,0.35,0.35,0.35,0.35
9.62,0.35,0.35,0.35,0.35
9.622,0.35,0.35,0.35,0.35
9.624,0.35,0.35,0.35,0.35
9.626,0.35,0.35,0.35,0.35
9.628,0.35,0.35,0.35,0.35
9.63,0.35,0.35,0.35,0.35
9.632,0.35,0.35,0.35,0.35
9.634,0.35,0.35,0.35,0.35
9.636,0.35,0.35,0.35,0.35
9.638,0.35,0.35,0.35,0.35
9.64,0.35,0.35,0.35,0.35
9.642,0.35,0.35,0.35,0.35
9.644,0.35,0.35,0.35,0.35
9.646,0.35,0.35,0.35,0.35
9.648,0.35,0.35,0.35,0.35
9.65,0.35,0.35,0.35,0.35
9.652,0.35,0.35,0.35,0.35
9.654,0.35,0.35,0.35,0.35
9.656,0.35,0.35,0.35,0.35
9.658,0.35,0.35,0.35,0.35
9.66,0.35,0.35,0.35,0.35
9.662,0.35,0.35,0.35,0.35
9.664,0.35,0.35,0.35,0.35
9.666,0.35,0.35,0.35,0.35
9.668,0.35,0.35,0.35,0.35
9.67,0.35,0.35,0.35,0.35
9.672,0.35,0.35,0.35,0.35
9.674,0.35,0.35,0.35,0.35
9.676,0.35,0.35,0.35,0.35
9.678,0.35,0.35,0.35,0.35
9.68,0.35,0.35,0.35,0.35
9.682,0.35,0.35,0.35,0.35
9.684,0.35,0.35,0.35,0.35
9.686,0.35,0.35,0.35,0.35
9.688,0.35,0.35,0.35,0.35
9.69,0.35,0.35,0.35,0.35
9.692,0.35,0.35,0.35,0.35
9.694,0.35,0.35,0.35,0.35
9.696,0.35,0.35,0.35,0.35
9.698,0.35,0.35,0.35,0.35
9.7,0.35,0.35,0.35,0.35
9.702,0.35,0.35,0.35,0.35
9.704,0.35,0.35,0.35,0.35
9.706,0.35,0.35,0.35,0.35
9.708,0.35,0.35,0.35,0.35
9.71,0.35,0.35,0.35,0.35
9.712,0.35,0.35,0.35,0.35
9.714,0.35,0.35,0.35,0.35
9.716,0.35,0.35,0.35,0.35
9.718,0.35,0.35,0.35,0.35
9.72,0.35,0.35,0.35,0.35
9.722,0.35,0.35,0.35,0.35
9.724,0.35,0.35,0.35,0.35
9.726,0.35,0.35,0.35,0.35
9.728,0.35,0.35,0.35,0.35
9.73,0.35,0.35,0.35,0.35
9.732,0.35,0.35,0.35,0.35
9.734,0.35,0.35,0.35,0.35
9.736,0.35,0.35,0.35,0.35
9.738,0.35,0.35,0.35,0.35
9.74,0.35,0.35,0.35,0.35
9.742,0.35,0.35,0.35,0.35
9.744,0.35,0.35,0.35,0.35
9.746,0.35,0.35,0.35,0.35
9.748,0.35,0.35,0.35,0.35
9.75,0.35,0.35,0.35,0.35
9.752,0.35,0.35,0.35,0.35
9.754,0.35,0.35,0.35,0.35
9.756,0.35,0.35,0.35,0.35
9.758,0.35,0.35,0.35,0.35
9.76,0.35,0.35,0.35,0.35
9.762,0.35,0.35,0.35,0.35
9.764,0.35,0.35,0.35,0.35
9.766,0.35,0.35,0.35,0.35
9.768,0.35,0.35,0.35,0.35
9.77,0.35,0.35,0.35,0.35
9.772,0.35,0.35,0.35,0.35
9.774,0.35,0.35,0.35,0.35
9.776,0.35,0.35,0.35,0.35
9.778,0.35,0.35,0.35,0.35
9.78,0.35,0.35,0.35,0.35
9.782,0.35,0.35,0.35,0.35
9.784,0.35,0.35,0.35,0.35
9.786,0.35,0.35,0.35,0.35
9.788,0.35,0.35,0.35,0.35
9.79,0.35,0.35,0.35,0.35
9.792,0.35,0.35,0.35,0.35
9.794,0.35,0.35,0.35,0.35
9.796,0.35,0.35,0.35,0.35
9.798,0.35,0.35,0.35,0.35
9.8,0.35,0.35,0.35,0.35
9.802,0.35,0.35,0.35,0.35
9.804,0.35,0.35,0.35,0.35
9.806,0.35,0.35,0.35,0.35
9.808,0.35,0.35,0.35,0.35
9.81,0.35,0.35,0.35,0.35
9.812,0.35,0.35,0.35,0.35
9.814,0.35,0.35,0.35,0.35
9.816,0.35,0.35,0.35,0.35
9.818,0.35,0.35,0.35,0.35
9.82,0.35,0.35,0.35,0.35
9.822,0.35,0.35,0.35,0.35
9.824,0.35,0.35,0.35,0.35
9.826,0.35,0.35,0.35,0.35
9.828,0.35,0.35,0.35,0.35
9.83,0.35,0.35,0.35,0.35
9.832,0.35,0.35,0.35,0.35
9.834,0.35,0.35,0.35,0.35
9.836,0.35,0.35,0.35,0.35
9.838,0.35,0.35,0.35,0.35
9.84,0.35,0.35,0.35,0.35
9.842,0.35,0.35,0.35,0.35
9.844,0.35,0.35,0.35,0.35
9.846,0.35,0.35,0.35,0.35
9.848,0.35,0.35,0.35,0.35
9.85,0.35,0.35,0.35,0.35
9.852,0.35,0.35,0.35,0.35
9.854,0.35,0.35,0.35,0.35
9.856,0.35,0.35,0.35,0.35
9.858,0.35,0.35,0.35,0.35
9.86,0.35,0.35,0.35,0.35
9.862,0.35,0.35,0.35,0.35
9.864,0.35,0.35,0.35,0.35
9.866,0.35,0.35,0.35,0.35
9.868,0.35,0.35,0.35,0.35
9.87,0.35,0.35,0.35,0.35
9.872,0.35,0.35,0.35,0.35
9.874,0.35,0.35,0.35,0.35
9.876,0.35,0.35,0.35,0.35
9.878,0.35,0.35,0.35,0.35
9.88,0.35,0.35,0.35,0.35
9.882,0.35,0.35,0.35,0.35
9.884,0.35,0.35,0.35,0.35
9.886,0.35,0.35,0.35,0.35
9.888,0.35,0.35,0.35,0.35
9.89,0.35,0.35,0.35,0.35
9.892,0.35,0.35,0.35,0.35
9.894,0.35,0.35,0.35,0.35
9.896,0.35,0.35,0.35,0.35
9.898,0.35,0.35,0.35,0.35
9.9,0.35,0.35,0.35,0.35
9.902,0.35,0.35,0.35,0.35
9.904,0.35,0.35,0.35,0.35
9.906,0.35,0.35,0.35,0.35
9.908,0.35,0.35,0.35,0.35
9.91,0.35,0.35,0.35,0.35
9.912,0.35,0.35,0.35,0.35
9.914,0.35,0.35,0.35,0.35
9.916,0.35,0.35,0.35,0.35
9.918,0.35,0.35,0.35,0.35
9.92,0.35,0.35,0.35,0.35
9.922,0.35,0.35,0.35,0.35
9.924,0.35,0.35,0.35,0.35
9.926,0.35,0.35,0.35,0.35
9.928,0.35,0.35,0.35,0.35
9.93,0.35,0.35,0.35,0.35
9.932,0.35,0.35,0.35,0.35
9.934,0.35,0.35,0.35,0.35
9.936,0.35,0.35,0.35,0.35
9.938,0.35,0.35,0.35,0.35
9.94,0.35,0.35,0.35,0.35
9.942,0.35,0.35,0.35,0.35
9.944,0.35,0.35,0.35,0.35
9.946,0.35,0.35,0.35,0.35
9.948,0.35,0.35,0.35,0.35
9.95,0.35,0.35,0.35,0.35
9.952,0.35,0.35,0.35,0.35
9.954,0.35,0.35,0.35,0.35
9.956,0.35,0.35,0.35,0.35
9.958,0.35,0.35,0.35,0.35
9.96,0.35,0.35,0.35,0.35
9.962,0.35,0.35,0.35,0.35
9.964,0.35,0.35,0.35,0.35
9.966,0.35,0.35,0.35,0.35
9.968,0.35,0.35,0.35,0.35
9.97,0.35,0.35,0.35,0.35
9.972,0.35,0.35,0.35,0.35
9.974,0.35,0.35,0.35,0.35
9.976,0.35,0.35,0.35,0.35
9.978,0.35,0.35,0.35,0.35
9.98,0.35,0.35,0.35,0.35
9.982,0.35,0.35,0.35,0.35
9.984,0.35,0.35,0.35,0.35
9.986,0.35,0.35,0.35,0.35
9.988,0.35,0.35,0.35,0.35
9.99,0.35,0.35,0.35,0.35
9.992,0.35,0.35,0.35,0.35
9.994,0.35,0.35,0.35,0.35
9.996,0.35,0.35,0.35,0.35
9.998,0.35,0.35,0.35,0.35
10.0,0.35,0.35,0.35,0.35
10.002,0.35,0.35,0.35,0.35
10.004,0.35,0.35,0.35,0.35
10.006,0.35,0.35,0.35,0.35
10.008,0.35,0.35,0.35,0.35
10.01,0.35,0.35,0.35,0.35
10.012,0.35,0.35,0.35,0.35
10.014,0.35,0.35,0.35,0.35
10.016,0.35,0.35,0.35,0.35
10.018,0.35,0.35,0.35,0.35
10.02,0.35,0.35,0.35,0.35
10.022,0.35,0.35,0.35,0.35
10.024,0.35,0.35,0.35,0.35
10.026,0.35,0.35,0.35,0.35
10.028,0.35,0.35,0.35,0.35
10.03,0.35,0.35,0.35,0.35
10.032,0.35,0.35,0.35,0.35
10.034,0.35,0.35,0.35,0.35
10.036,0.35,0.35,0.35,0.35
10.038,0.35,0.35,0.35,0.35
10.04,0.35,0.35,0.35,0.35
10.042,0.35,0.35,0.35,0.35
10.044,0.35,0.35,0.35,0.35
10.046,0.35,0.35,0.35,0.35
10.048,0.35,0.35,0.35,0.35
10.05,0.35,0.35,0.35,0.35
10.052,0.35,0.35,0.35,0.35
10.054,0.35,0.35,0.35,0.35
10.056,0.35,0.35,0.35,0.35
10.058,0.35,0.35,0.35,0.35
10.06,0.35,0.35,0.35,0.35
10.062,0.35,0.35,0.35,0.35
10.064,0.35,0.35,0.35,0.35
10.066,0.35,0.35,0.35,0.35
10.068,0.35,0.35,0.35,0.35
10.07,0.35,0.35,0.35,0.35
10.072,0.35,0.35,0.35,0.35
10.074,0.35,0.35,0.35,0.35
10.076,0.35,0.35,0.35,0.35
10.078,0.35,0.35,0.35,0.35
10.08,0.35,0.35,0.35,0.35
10.082,0.35,0.35,0.35,0.35
10.084,0.35,0.35,0.35,0.35
10.086,0.35,0.35,0.35,0.35
10.088,0.35,0.35,0.35,0.35
10.09,0.35,0.35,0.35,0.35
10.092,0.35,0.35,0.35,0.35
10.094,0.35,0.35,0.35,0.35
10.096,0.35,0.35,0.35,0.35
10.098,0.35,0.35,0.35,0.35
10.1,0.35,0.35,0.35,0.35
10.102,0.35,0.35,0.35,0.35
10.104,0.35,0.35,0.35,0.35
10.106,0.35,0.35,0.35,0.35
10.108,0.35,0.35,0.35,0.35
10.11,0.35,0.35,0.35,0.35
10.112,0.35,0.35,0.35,0.35
10.114,0.35,0.35,0.35,0.35
10.116,0.35,0.35,0.35,0.35
10.118,0.35,0.35,0.35,0.35
10.12,0.35,0.35,0.35,0.35
10.122,0.35,0.35,0.35,0.35
10.124,0.35,0.35,0.35,0.35
10.126,0.35,0.35,0.35,0.35
10.128,0.35,0.35,0.35,0.35
10.13,0.35,0.35,0.35,0.35
10.132,0.35,0.35,0.35,0.35
10.134,0.35,0.35,0.35,0.35
10.136,0.35,0.35,0.35,0.35
10.138,0.35,0.35,0.35,0.35
10.14,0.35,0.35,0.35,0.35
10.142,0.35,0.35,0.35,0.35
10.144,0.35,0.35,0.35,0.35
10.146,0.35,0.35,0.35,0.35
10.148,0.35,0.35,0.35,0.35
10.15,0.35,0.35,0.35,0.35
10.152,0.35,0.35,0.35,0.35
10.154,0.35,0.35,0.35,0.35
10.156,0.35,0.35,0.35,0.35
10.158,0.35,0.35,0.35,0.35
10.16,0.35,0.35,0.35,0.35
10.162,0.35,0.35,0.35,0.35
10.164,0.35,0.35,0.35,0.35
10.166,0.35,0.35,0.35,0.35
10.168,0.35,0.35,0.35,0.35
10.17,0.35,0.35,0.35,0.35
10.172,0.35,0.35,0.35,0.35
10.174,0.35,0.35,0.35,0.35
10.176,0.35,0.35,0.35,0.35
10.178,0.35,0.35,0.35,0.35
10.18,0.35,0.35,0.35,0.35
10.182,0.35,0.35,0.35,0.35
10.184,0.35,0.35,0.35,0.35
10.186,0.35,0.35,0.35,0.35
10.188,0.35,0.35,0.35,0.35
10.19,0.35,0.35,0.35,0.35
10.192,0.35,0.35,0.35,0.35
10.194,0.35,0.35,0.35,0.35
10.196,0.35,0.35,0.35,0.35
10.198,0.35,0.35,0.35,0.35
10.2,0.35,0.35,0.35,0.35
10.202,0.35,0.35,0.35,0.35
10.204,0.35,0.35,0.35,0.35
10.206,0.35,0.35,0.35,0.35
10.208,0.35,0.35,0.35,0.35
10.21,0.35,0.35,0.35,0.35
10.212,0.35,0.35,0.35,0.35
10.214,0.35,0.35,0.35,0.35
10.216,0.35,0.35,0.35,0.35
10.218,0.35,0.35,0.35,0.35
10.22,0.35,0.35,0.35,0.35
10.222,0.35,0.35,0.35,0.35
10.224,0.35,0.35,0.35,0.35
10.226,0.35,0.35,0.35,0.35
10.228,0.35,0.35,0.35,0.35
10.23,0.35,0.35,0.35,0.35
10.232,0.35,0.35,0.35,0.35
10.234,0.35,0.35,0.35,0.35
10.236,0.35,0.35,0.35,0.35
10.238,0.35,0.35,0.35,0.35
10.24,0.35,0.35,0.35,0.35
10.242,0.35,0.35,0.35,0.35
10.244,0.35,0.35,0.35,0.35
10.246,0.35,0.35,0.35,0.35
10.248,0.35,0.35,0.35,0.35
10.25,0.35,0.35,0.35,0.35
10.252,0.35,0.35,0.35,0.35
10.254,0.35,0.35,0.35,0.35
10.256,0.35,0.35,0.35,0.35
10.258,0.35,0.35,0.35,0.35
10.26,0.35,0.35,0.35,0.35
10.262,0.35,0.35,0.35,0.35
10.264,0.35,0.35,0.35,0.35
10.266,0.35,0.35,0.35,0.35
10.268,0.35,0.35,0.35,0.35
10.27,0.35,0.35,0.35,0.35
10.272,0.35,0.35,0.35,0.35
10.274,0.35,0.35,0.35,0.35
10.276,0.35,0.35,0.35,0.35
10.278,0.35,0.35,0.35,0.35
10.28,0.35,0.35,0.35,0.35
10.282,0.35,0.35,0.35,0.35
10.284,0.35,0.35,0.35,0.35
10.286,0.35,0.35,0.35,0.35
10.288,0.35,0.35,0.35,0.35
10.29,0.35,0.35,0.35,0.35
10.292,0.35,0.35,0.35,0.35
10.294,0.35,0.35,0.35,0.35
10.296,0.35,0.35,0.35,0.35
10.298,0.35,0.35,0.35,0.35
10.3,0.35,0.35,0.35,0.35
10.302,0.35,0.35,0.35,0.35
10.304,0.35,0.35,0.35,0.35
10.306,0.35,0.35,0.35,0.35
10.308,0.35,0.35,0.35,0.35
10.31,0.35,0.35,0.35,0.35
10.312,0.35,0.35,0.35,0.35
10.314,0.35,0.35,0.35,0.35
10.316,0.35,0.35,0.35,0.35
10.318,0.35,0.35,0.35,0.35
10.32,0.35,0.35,0.35,0.35
10.322,0.35,0.35,0.35,0.35
10.324,0.35,0.35,0.35,0.35
10.326,0.35,0.35,0.35,0.35
10.328,0.35,0.35,0.35,0.35
10.33,0.35,0.35,0.35,0.35
10.332,0.35,0.35,0.35,0.35
10.334,0.35,0.35,0.35,0.35
10.336,0.35,0.35,0.35,0.35
10.338,0.35,0.35,0.35,0.35
10.34,0.35,0.35,0.35,0.35
10.342,0.35,0.35,0.35,0.35
10.344,0.35,0.35,0.35,0.35
10.346,0.35,0.35,0.35,0.35
10.348,0.35,0.35,0.35,0.35
10.35,0.35,0.35,0.35,0.35
10.352,0.35,0.35,0.35,0.35
10.354,0.35,0.35,0.35,0.35
10.356,0.35,0.35,0.35,0.35
10.358,0.35,0.35,0.35,0.35
10.36,0.35,0.35,0.35,0.35
10.362,0.35,0.35,0.35,0.35
10.364,0.35,0.35,0.35,0.35
10.366,0.35,0.35,0.35,0.35
10.368,0.35,0.35,0.35,0.35
10.37,0.35,0.35,0.35,0.35
10.372,0.35,0.35,0.35,0.35
10.374,0.35,0.35,0.35,0.35
10.376,0.35,0.35,0.35,0.35
10.378,0.35,0.35,0.35,0.35
10.38,0.35,0.35,0.35,0.35
10.382,0.35,0.35,0.35,0.35
10.384,0.35,0.35,0.35,0.35
10.386,0.35,0.35,0.35,0.35
10.388,0.35,0.35,0.35,0.35
10.39,0.35,0.35,0.35,0.35
10.392,0.35,0.35,0.35,0.35
10.394,0.35,0.35,0.35,0.35
10.396,0.35,0.35,0.35,0.35
10.398,0.35,0.35,0.35,0.35
10.4,0.35,0.35,0.35,0.35
10.402,0.35,0.35,0.35,0.35
10.404,0.35,0.35,0.35,0.35
10.406,0.35,0.35,0.35,0.35
10.408,0.35,0.35,0.35,0.35
10.41,0.35,0.35,0.35,0.35
10.412,0.35,0.35,0.35,0.35
10.414,0.35,0.35,0.35,0.35
10.416,0.35,0.35,0.35,0.35
10.418,0.35,0.35,0.35,0.35
10.42,0.35,0.35,0.35,0.35
10.422,0.35,0.35,0.35,0.35
10.424,0.35,0.35,0.35,0.35
10.426,0.35,0.35,0.35,0.35
10.428,0.35,0.35,0.35,0.35
10.43,0.35,0.35,0.35,0.35
10.432,0.35,0.35,0.35,0.35
10.434,0.35,0.35,0.35,0.35
10.436,0.35,0.35,0.35,0.35
10.438,0.35,0.35,0.35,0.35
10.44,0.35,0.35,0.35,0.35
10.442,0.35,0.35,0.35,0.35
10.444,0.35,0.35,0.35,0.35
10.446,0.35,0.35,0.35,0.35
10.448,0.35,0.35,0.35,0.35
10.45,0.35,0.35,0.35,0.35
10.452,0.35,0.35,0.35,0.35
10.454,0.35,0.35,0.35,0.35
10.456,0.35,0.35,0.35,0.35
10.458,0.35,0.35,0.35,0.35
10.46,0.35,0.35,0.35,0.35
10.462,0.35,0.35,0.35,0.35
10.464,0.35,0.35,0.35,0.35
10.466,0.35,0.35,0.35,0.35
10.468,0.35,0.35,0.35,0.35
10.47,0.35,0.35,0.35,0.35
10.472,0.35,0.35,0.35,0.35
10.474,0.35,0.35,0.35,0.35
10.476,0.35,0.35,0.35,0.35
10.478,0.35,0.35,0.35,0.35
10.48,0.35,0.35,0.35,0.35
10.482,0.35,0.35,0.35,0.35
10.484,0.35,0.35,0.35,0.35
10.486,0.35,0.35,0.35,0.35
10.488,0.35,0.35,0.35,0.35
10.49,0.35,0.35,0.35,0.35
10.492,0.35,0.35,0.35,0.35
10.494,0.35,0.35,0.35,0.35
10.496,0.35,0.35,0.35,0.35
10.498,0.35,0.35,0.35,0.35
10.5,0.35,0.35,0.35,0.35
10.502,0.35,0.35,0.35,0.35
10.504,0.35,0.35,0.35,0.35
10.506,0.35,0.35,0.35,0.35
10.508,0.35,0.35,0.35,0.35
10.51,0.35,0.35,0.35,0.35
10.512,0.35,0.35,0.35,0.35
10.514,0.35,0.35,0.35,0.35
10.516,0.35,0.35,0.35,0.35
10.518,0.35,0.35,0.35,0.35
10.52,0.35,0.35,0.35,0.35
10.522,0.35,0.35,0.35,0.35
10.524,0.35,0.35,0.35,0.35
10.526,0.35,0.35,0.35,0.35
10.528,0.35,0.35,0.35,0.35
10.53,0.35,0.35,0.35,0.35
10.532,0.35,0.35,0.35,0.35
10.534,0.35,0.35,0.35,0.35
10.536,0.35,0.35,0.35,0.35
10.538,0.35,0.35,0.35,0.35
10.54,0.35,0.35,0.35,0.35
10.542,0.35,0.35,0.35,0.35
10.544,0.35,0.35,0.35,0.35
10.546,0.35,0.35,0.35,0.35
10.548,0.35,0.35,0.35,0.35
10.55,0.35,0.35,0.35,0.35
10.552,0.35,0.35,0.35,0.35
10.554,0.35,0.35,0.35,0.35
10.556,0.35,0.35,0.35,0.35
10.558,0.35,0.35,0.35,0.35
10.56,0.35,0.35,0.35,0.35
10.562,0.35,0.35,0.35,0.35
10.564,0.35,0.35,0.35,0.35
10.566,0.35,0.35,0.35,0.35
10.568,0.35,0.35,0.35,0.35
10.57,0.35,0.35,0.35,0.35
10.572,0.35,0.35,0.35,0.35
10.574,0.35,0.35,0.35,0.35
10.576,0.35,0.35,0.35,0.35
10.578,0.35,0.35,0.35,0.35
10.58,0.35,0.35,0.35,0.35
10.582,0.35,0.35,0.35,0.35
10.584,0.35,0.35,0.35,0.35
10.586,0.35,0.35,0.35,0.35
10.588,0.35,0.35,0.35,0.35
10.59,0.35,0.35,0.35,0.35
10.592,0.35,0.35,0.35,0.35
10.594,0.35,0.35,0.35,0.35
10.596,0.35,0.35,0.35,0.35
10.598,0.35,0.35,0.35,0.35
10.6,0.35,0.35,0.35,0.35
10.602,0.35,0.35,0.35,0.35
10.604,0.35,0.35,0.35,0.35
10.606,0.35,0.35,0.35,0.35
10.608,0.35,0.35,0.35,0.35
10.61,0.35,0.35,0.35,0.35
10.612,0.35,0.35,0.35,0.35
10.614,0.35,0.35,0.35,0.35
10.616,0.35,0.35,0.35,0.35
10.618,0.35,0.35,0.35,0.35
10.62,0.35,0.35,0.35,0.35
10.622,0.35,0.35,0.35,0.35
10.624,0.35,0.35,0.35,0.35
10.626,0.35,0.35,0.35,0.35
10.628,0.35,0.35,0.35,0.35
10.63,0.35,0.35,0.35,0.35
10.632,0.35,0.35,0.35,0.35
10.634,0.35,0.35,0.35,0.35
10.636,0.35,0.35,0.35,0.35
10.638,0.35,0.35,0.35,0.35
10.64,0.35,0.35,0.35,0.35
10.642,0.35,0.35,0.35,0.35
10.644,0.35,0.35,0.35,0.35
10.646,0.35,0.35,0.35,0.35
10.648,0.35,0.35,0.35,0.35
10.65,0.35,0.35,0.35,0.35
10.652,0.35,0.35,0.35,0.35
10.654,0.35,0.35,0.35,0.35
10.656,0.35,0.35,0.35,0.35
10.658,0.35,0.35,0.35,0.35
10.66,0.35,0.35,0.35,0.35
10.662,0.35,0.35,0.35,0.35
10.664,0.35,0.35,0.35,0.35
10.666,0.35,0.35,0.35,0.35
10.668,0.35,0.35,0.35,0.35
10.67,0.35,0.35,0.35,0.35
10.672,0.35,0.35,0.35,0.35
10.674,0.35,0.35,0.35,0.35
10.676,0.35,0.35,0.35,0.35
10.678,0.35,0.35,0.35,0.35
10.68,0.35,0.35,0.35,0.35
10.682,0.35,0.35,0.35,0.35
10.684,0.35,0.35,0.35,0.35
10.686,0.35,0.35,0.35,0.35
10.688,0.35,0.35,0.35,0.35
10.69,0.35,0.35,0.35,0.35
10.692,0.35,0.35,0.35,0.35
10.694,0.35,0.35,0.35,0.35
10.696,0.35,0.35,0.35,0.35
10.698,0.35,0.35,0.35,0.35
10.7,0.35,0.35,0.35,0.35
10.702,0.35,0.35,0.35,0.35
10.704,0.35,0.35,0.35,0.35
10.706,0.35,0.35,0.35,0.35
10.708,0.35,0.35,0.35,0.35
10.71,0.35,0.35,0.35,0.35
10.712,0.35,0.35,0.35,0.35
10.714,0.35,0.35,0.35,0.35
10.716,0.35,0.35,0.35,0.35
10.718,0.35,0.35,0.35,0.35
10.72,0.35,0.35,0.35,0.35
10.722,0.35,0.35,0.35,0.35
10.724,0.35,0.35,0.35,0.35
10.726,0.35,0.35,0.35,0.35
10.728,0.35,0.35,0.35,0.35
10.73,0.35,0.35,0.35,0.35
10.732,0.35,0.35,0.35,0.35
10.734,0.35,0.35,0.35,0.35
10.736,0.35,0.35,0.35,0.35
10.738,0.35,0.35,0.35,0.35
10.74,0.35,0.35,0.35,0.35
10.742,0.35,0.35,0.35,0.35
10.744,0.35,0.35,0.35,0.35
10.746,0.35,0.35,0.35,0.35
10.748,0.35,0.35,0.35,0.35
10.75,0.35,0.35,0.35,0.35
10.752,0.35,0.35,0.35,0.35
10.754,0.35,0.35,0.35,0.35
10.756,0.35,0.35,0.35,0.35
10.758,0.35,0.35,0.35,0.35
10.76,0.35,0.35,0.35,0.35
10.762,0.35,0.35,0.35,0.35
10.764,0.35,0.35,0.35,0.35
10.766,0.35,0.35,0.35,0.35
10.768,0.35,0.35,0.35,0.35
10.77,0.35,0.35,0.35,0.35
10.772,0.35,0.35,0.35,0.35
10.774,0.35,0.35,0.35,0.35
10.776,0.35,0.35,0.35,0.35
10.778,0.35,0.35,0.35,0.35
10.78,0.35,0.35,0.35,0.35
10.782,0.35,0.35,0.35,0.35
10.784,0.35,0.35,0.35,0.35
10.786,0.35,0.35,0.35,0.35
10.788,0.35,0.35,0.35,0.35
10.79,0.35,0.35,0.35,0.35
10.792,0.35,0.35,0.35,0.35
10.794,0.35,0.35,0.35,0.35
10.796,0.35,0.35,0.35,0.35
10.798,0.35,0.35,0.35,0.35
10.8,0.35,0.35,0.35,0.35
10.802,0.35,0.35,0.35,0.35
10.804,0.35,0.35,0.35,0.35
10.806,0.35,0.35,0.35,0.35
10.808,0.35,0.35,0.35,0.35
10.81,0.35,0.35,0.35,0.35
10.812,0.35,0.35,0.35,0.35
10.814,0.35,0.35,0.35,0.35
10.816,0.35,0.35,0.35,0.35
10.818,0.35,0.35,0.35,0.35
10.82,0.35,0.35,0.35,0.35
10.822,0.35,0.35,0.35,0.35
10.824,0.35,0.35,0.35,0.35
10.826,0.35,0.35,0.35,0.35
10.828,0.35,0.35,0.35,0.35
10.83,0.35,0.35,0.35,0.35
10.832,0.35,0.35,0.35,0.35
10.834,0.35,0.35,0.35,0.35
10.836,0.35,0.35,0.35,0.35
10.838,0.35,0.35,0.35,0.35
10.84,0.35,0.35,0.35,0.35
10.842,0.35,0.35,0.35,0.35
10.844,0.35,0.35,0.35,0.35
10.846,0.35,0.35,0.35,0.35
10.848,0.35,0.35,0.35,0.35
10.85,0.35,0.35,0.35,0.35
10.852,0.35,0.35,0.35,0.35
10.854,0.35,0.35,0.35,0.35
10.856,0.35,0.35,0.35,0.35
10.858,0.35,0.35,0.35,0.35
10.86,0.35,0.35,0.35,0.35
10.862,0.35,0.35,0.35,0.35
10.864,0.35,0.35,0.35,0.35
10.866,0.35,0.35,0.35,0.35
10.868,0.35,0.35,0.35,0.35
10.87,0.35,0.35,0.35,0.35
10.872,0.35,0.35,0.35,0.35
10.874,0.35,0.35,0.35,0.35
10.876,0.35,0.35,0.35,0.35
10.878,0.35,0.35,0.35,0.35
10.88,0.35,0.35,0.35,0.35
10.882,0.35,0.35,0.35,0.35
10.884,0.35,0.35,0.35,0.35
10.886,0.35,0.35,0.35,0.35
10.888,0.35,0.35,0.35,0.35
10.89,0.35,0.35,0.35,0.35
10.892,0.35,0.35,0.35,0.35
10.894,0.35,0.35,0.35,0.35
10.896,0.35,0.35,0.35,0.35
10.898,0.35,0.35,0.35,0.35
10.9,0.35,0.35,0.35,0.35
10.902,0.35,0.35,0.35,0.35
10.904,0.35,0.35,0.35,0.35
10.906,0.35,0.35,0.35,0.35
10.908,0.35,0.35,0.35,0.35
10.91,0.35,0.35,0.35,0.35
10.912,0.35,0.35,0.35,0.35
10.914,0.35,0.35,0.35,0.35
10.916,0.35,0.35,0.35,0.35
10.918,0.35,0.35,0.35,0.35
10.92,0.35,0.35,0.35,0.35
10.922,0.35,0.35,0.35,0.35
10.924,0.35,0.35,0.35,0.35
10.926,0.35,0.35,0.35,0.35
10.928,0.35,0.35,0.35,0.35
10.93,0.35,0.35,0.35,0.35
10.932,0.35,0.35,0.35,0.35
10.934,0.35,0.35,0.35,0.35
10.936,0.35,0.35,0.35,0.35
10.938,0.35,0.35,0.35,0.35
10.94,0.35,0.35,0.35,0.35
10.942,0.35,0.35,0.35,0.35
10.944,0.35,0.35,0.35,0.35
10.946,0.35,0.35,0.35,0.35
10.948,0.35,0.35,0.35,0.35
10.95,0.35,0.35,0.35,0.35
10.952,0.35,0.35,0.35,0.35
10.954,0.35,0.35,0.35,0.35
10.956,0.35,0.35,0.35,0.35
10.958,0.35,0.35,0.35,0.35
10.96,0.35,0.35,0.35,0.35
10.962,0.35,0.35,0.35,0.35
10.964,0.35,0.35,0.35,0.35
10.966,0.35,0.35,0.35,0.35
10.968,0.35,0.35,0.35,0.35
10.97,0.35,0.35,0.35,0.35
10.972,0.35,0.35,0.35,0.35
10.974,0.35,0.35,0.35,0.35
10.976,0.35,0.35,0.35,0.35
10.978,0.35,0.35,0.35,0.35
10.98,0.35,0.35,0.35,0.35
10.982,0.35,0.35,0.35,0.35
10.984,0.35,0.35,0.35,0.35
10.986,0.35,0.35,0.35,0.35
10.988,0.35,0.35,0.35,0.35
10.99,0.35,0.35,0.35,0.35
10.992,0.35,0.35,0.35,0.35
10.994,0.35,0.35,0.35,0.35
10.996,0.35,0.35,0.35,0.35
10.998,0.35,0.35,0.35,0.35
11.0,0.35,0.35,0.35,0.35
11.002,0.35,0.35,0.35,0.35
11.004,0.35,0.35,0.35,0.35
11.006,0.35,0.35,0.35,0.35
11.008,0.35,0.35,0.35,0.35
11.01,0.35,0.35,0.35,0.35
11.012,0.35,0.35,0.35,0.35
11.014,0.35,0.35,0.35,0.35
11.016,0.35,0.35,0.35,0.35
11.018,0.35,0.35,0.35,0.35
11.02,0.35,0.35,0.35,0.35
11.022,0.35,0.35,0.35,0.35
11.024,0.35,0.35,0.35,0.35
11.026,0.35,0.35,0.35,0.35
11.028,0.35,0.35,0.35,0.35
11.03,0.35,0.35,0.35,0.35
11.032,0.35,0.35,0.35,0.35
11.034,0.35,0.35,0.35,0.35
11.036,0.35,0.35,0.35,0.35
11.038,0.35,0.35,0.35,0.35
11.04,0.35,0.35,0.35,0.35
11.042,0.35,0.35,0.35,0.35
11.044,0.35,0.35,0.35,0.35
11.046,0.35,0.35,0.35,0.35
11.048,0.35,0.35,0.35,0.35
11.05,0.35,0.35,0.35,0.35
11.052,0.35,0.35,0.35,0.35
11.054,0.35,0.35,0.35,0.35
11.056,0.35,0.35,0.35,0.35
11.058,0.35,0.35,0.35,0.35
11.06,0.35,0.35,0.35,0.35
11.062,0.35,0.35,0.35,0.35
11.064,0.35,0.35,0.35,0.35
11.066,0.35,0.35,0.35,0.35
11.068,0.35,0.35,0.35,0.35
11.07,0.35,0.35,0.35,0.35
11.072,0.35,0.35,0.35,0.35
11.074,0.35,0.35,0.35,0.35
11.076,0.35,0.35,0.35,0.35
11.078,0.35,0.35,0.35,0.35
11.08,0.35,0.35,0.35,0.35
11.082,0.35,0.35,0.35,0.35
11.084,0.35,0.35,0.35,0.35
11.086,0.35,0.35,0.35,0.35
11.088,0.35,0.35,0.35,0.35
11.09,0.35,0.35,0.35,0.35
11.092,0.35,0.35,0.35,0.35
11.094,0.35,0.35,0.35,0.35
11.096,0.35,0.35,0.35,0.35
11.098,0.35,0.35,0.35,0.35
11.1,0.35,0.35,0.35,0.35
11.102,0.35,0.35,0.35,0.35
11.104,0.35,0.35,0.35,0.35
11.106,0.35,0.35,0.35,0.35
11.108,0.35,0.35,0.35,0.35
11.11,0.35,0.35,0.35,0.35
11.112,0.35,0.35,0.35,0.35
11.114,0.35,0.35,0.35,0.35
11.116,0.35,0.35,0.35,0.35
11.118,0.35,0.35,0.35,0.35
11.12,0.35,0.35,0.35,0.35
11.122,0.35,0.35,0.35,0.35
11.124,0.35,0.35,0.35,0.35
11.126,0.35,0.35,0.35,0.35
11.128,0.35,0.35,0.35,0.35
11.13,0.35,0.35,0.35,0.35
11.132,0.35,0.35,0.35,0.35
11.134,0.35,0.35,0.35,0.35
11.136,0.35,0.35,0.35,0.35
11.138,0.35,0.35,0.35,0.35
11.14,0.35,0.35,0.35,0.35
11.142,0.35,0.35,0.35,0.35
11.144,0.35,0.35,0.35,0.35
11.146,0.35,0.35,0.35,0.35
11.148,0.35,0.35,0.35,0.35
11.15,0.35,0.35,0.35,0.35
11.152,0.35,0.35,0.35,0.35
11.154,0.35,0.35,0.35,0.35
11.156,0.35,0.35,0.35,0.35
11.158,0.35,0.35,0.35,0.35
11.16,0.35,0.35,0.35,0.35
11.162,0.35,0.35,0.35,0.35
11.164,0.35,0.35,0.35,0.35
11.166,0.35,0.35,0.35,0.35
11.168,0.35,0.35,0.35,0.35
11.17,0.35,0.35,0.35,0.35
11.172,0.35,0.35,0.35,0.35
11.174,0.35,0.35,0.35,0.35
11.176,0.35,0.35,0.35,0.35
11.178,0.35,0.35,0.35,0.35
11.18,0.35,0.35,0.35,0.35
11.182,0.35,0.35,0.35,0.35
11.184,0.35,0.35,0.35,0.35
11.186,0.35,0.35,0.35,0.35
11.188,0.35,0.35,0.35,0.35
11.19,0.35,0.35,0.35,0.35
11.192,0.35,0.35,0.35,0.35
11.194,0.35,0.35,0.35,0.35
11.196,0.35,0.35,0.35,0.35
11.198,0.35,0.35,0.35,0.35
11.2,0.35,0.35,0.35,0.35
11.202,0.35,0.35,0.35,0.35
11.204,0.35,0.35,0.35,0.35
11.206,0.35,0.35,0.35,0.35
11.208,0.35,0.35,0.35,0.35
11.21,0.35,0.35,0.35,0.35
11.212,0.35,0.35,0.35,0.35
11.214,0.35,0.35,0.35,0.35
11.216,0.35,0.35,0.35,0.35
11.218,0.35,0.35,0.35,0.35
11.22,0.35,0.35,0.35,0.35
11.222,0.35,0.35,0.35,0.35
11.224,0.35,0.35,0.35,0.35
11.226,0.35,0.35,0.35,0.35
11.228,0.35,0.35,0.35,0.35
11.23,0.35,0.35,0.35,0.35
11.232,0.35,0.35,0.35,0.35
11.234,0.35,0.35,0.35,0.35
11.236,0.35,0.35,0.35,0.35
11.238,0.35,0.35,0.35,0.35
11.24,0.35,0.35,0.35,0.35
11.242,0.35,0.35,0.35,0.35
11.244,0.35,0.35,0.35,0.35
11.246,0.35,0.35,0.35,0.35
11.248,0.35,0.35,0.35,0.35
11.25,0.35,0.35,0.35,0.35
11.252,0.35,0.35,0.35,0.35
11.254,0.35,0.35,0.35,0.35
11.256,0.35,0.35,0.35,0.35
11.258,0.35,0.35,0.35,0.35
11.26,0.35,0.35,0.35,0.35
11.262,0.35,0.35,0.35,0.35
11.264,0.35,0.35,0.35,0.35
11.266,0.35,0.35,0.35,0.35
11.268,0.35,0.35,0.35,0.35
11.27,0.35,0.35,0.35,0.35
11.272,0.35,0.35,0.35,0.35
11.274,0.35,0.35,0.35,0.35
11.276,0.35,0.35,0.35,0.35
11.278,0.35,0.35,0.35,0.35
11.28,0.35,0.35,0.35,0.35
11.282,0.35,0.35,0.35,0.35
11.284,0.35,0.35,0.35,0.35
11.286,0.35,0.35,0.35,0.35
11.288,0.35,0.35,0.35,0.35
11.29,0.35,0.35,0.35,0.35
11.292,0.35,0.35,0.35,0.35
11.294,0.35,0.35,0.35,0.35
11.296,0.35,0.35,0.35,0.35
11.298,0.35,0.35,0.35,0.35
11.3,0.35,0.35,0.35,0.35
11.302,0.35,0.35,0.35,0.35
11.304,0.35,0.35,0.35,0.35
11.306,0.35,0.35,0.35,0.35
11.308,0.35,0.35,0.35,0.35
11.31,0.35,0.35,0.35,0.35
11.312,0.35,0.35,0.35,0.35
11.314,0.35,0.35,0.35,0.35
11.316,0.35,0.35,0.35,0.35
11.318,0.35,0.35,0.35,0.35
11.32,0.35,0.35,0.35,0.35
11.322,0.35,0.35,0.35,0.35
11.324,0.35,0.35,0.35,0.35
11.326,0.35,0.35,0.35,0.35
11.328,0.35,0.35,0.35,0.35
11.33,0.35,0.35,0.35,0.35
11.332,0.35,0.35,0.35,0.35
11.334,0.35,0.35,0.35,0.35
11.336,0.35,0.35,0.35,0.35
11.338,0.35,0.35,0.35,0.35
11.34,0.35,0.35,0.35,0.35
11.342,0.35,0.35,0.35,0.35
11.344,0.35,0.35,0.35,0.35
11.346,0.35,0.35,0.35,0.35
11.348,0.35,0.35,0.35,0.35
11.35,0.35,0.35,0.35,0.35
11.352,0.35,0.35,0.35,0.35
11.354,0.35,0.35,0.35,0.35
11.356,0.35,0.35,0.35,0.35
11.358,0.35,0.35,0.35,0.35
11.36,0.35,0.35,0.35,0.35
11.362,0.35,0.35,0.35,0.35
11.364,0.35,0.35,0.35,0.35
11.366,0.35,0.35,0.35,0.35
11.368,0.35,0.35,0.35,0.35
11.37,0.35,0.35,0.35,0.35
11.372,0.35,0.35,0.35,0.35
11.374,0.35,0.35,0.35,0.35
11.376,0.35,0.35,0.35,0.35
11.378,0.35,0.35,0.35,0.35
11.38,0.35,0.35,0.35,0.35
11.382,0.35,0.35,0.35,0.35
11.384,0.35,0.35,0.35,0.35
11.386,0.35,0.35,0.35,0.35
11.388,0.35,0.35,0.35,0.35
11.39,0.35,0.35,0.35,0.35
11.392,0.35,0.35,0.35,0.35
11.394,0.35,0.35,0.35,0.35
11.396,0.35,0.35,0.35,0.35
11.398,0.35,0.35,0.35,0.35
11.4,0.35,0.35,0.35,0.35
11.402,0.35,0.35,0.35,0.35
11.404,0.35,0.35,0.35,0.35
11.406,0.35,0.35,0.35,0.35
11.408,0.35,0.35,0.35,0.35
11.41,0.35,0.35,0.35,0.35
11.412,0.35,0.35,0.35,0.35
11.414,0.35,0.35,0.35,0.35
11.416,0.35,0.35,0.35,0.35
11.418,0.35,0.35,0.35,0.35
11.42,0.35,0.35,0.35,0.35
11.422,0.35,0.35,0.35,0.35
11.424,0.35,0.35,0.35,0.35
11.426,0.35,0.35,0.35,0.35
11.428,0.35,0.35,0.35,0.35
11.43,0.35,0.35,0.35,0.35
11.432,0.35,0.35,0.35,0.35
11.434,0.35,0.35,0.35,0.35
11.436,0.35,0.35,0.35,0.35
11.438,0.35,0.35,0.35,0.35
11.44,0.35,0.35,0.35,0.35
11.442,0.35,0.35,0.35,0.35
11.444,0.35,0.35,0.35,0.35
11.446,0.35,0.35,0.35,0.35
11.448,0.35,0.35,0.35,0.35
11.45,0.35,0.35,0.35,0.35
11.452,0.35,0.35,0.35,0.35
11.454,0.35,0.35,0.35,0.35
11.456,0.35,0.35,0.35,0.35
11.458,0.35,0.35,0.35,0.35
11.46,0.35,0.35,0.35,0.35
11.462,0.35,0.35,0.35,0.35
11.464,0.35,0.35,0.35,0.35
11.466,0.35,0.35,0.35,0.35
11.468,0.35,0.35,0.35,0.35
11.47,0.35,0.35,0.35,0.35
11.472,0.35,0.35,0.35,0.35
11.474,0.35,0.35,0.35,0.35
11.476,0.35,0.35,0.35,0.35
11.478,0.35,0.35,0.35,0.35
11.48,0.35,0.35,0.35,0.35
11.482,0.35,0.35,0.35,0.35
11.484,0.35,0.35,0.35,0.35
11.486,0.35,0.35,0.35,0.35
11.488,0.35,0.35,0.35,0.35
11.49,0.35,0.35,0.35,0.35
11.492,0.35,0.35,0.35,0.35
11.494,0.35,0.35,0.35,0.35
11.496,0.35,0.35,0.35,0.35
11.498,0.35,0.35,0.35,0.35
11.5,0.35,0.35,0.35,0.35
11.502,0.35,0.35,0.35,0.35
11.504,0.35,0.35,0.35,0.35
11.506,0.35,0.35,0.35,0.35
11.508,0.35,0.35,0.35,0.35
11.51,0.35,0.35,0.35,0.35
11.512,0.35,0.35,0.35,0.35
11.514,0.35,0.35,0.35,0.35
11.516,0.35,0.35,0.35,0.35
11.518,0.35,0.35,0.35,0.35
11.52,0.35,0.35,0.35,0.35
11.522,0.35,0.35,0.35,0.35
11.524,0.35,0.35,0.35,0.35
11.526,0.35,0.35,0.35,0.35
11.528,0.35,0.35,0.35,0.35
11.53,0.35,0.35,0.35,0.35
11.532,0.35,0.35,0.35,0.35
11.534,0.35,0.35,0.35,0.35
11.536,0.35,0.35,0.35,0.35
11.538,0.35,0.35,0.35,0.35
11.54,0.35,0.35,0.35,0.35
11.542,0.35,0.35,0.35,0.35
11.544,0.35,0.35,0.35,0.35
11.546,0.35,0.35,0.35,0.35
11.548,0.35,0.35,0.35,0.35
11.55,0.35,0.35,0.35,0.35
11.552,0.35,0.35,0.35,0.35
11.554,0.35,0.35,0.35,0.35
11.556,0.35,0.35,0.35,0.35
11.558,0.35,0.35,0.35,0.35
11.56,0.35,0.35,0.35,0.35
11.562,0.35,0.35,0.35,0.35
11.564,0.35,0.35,0.35,0.35
11.566,0.35,0.35,0.35,0.35
11.568,0.35,0.35,0.35,0.35
11.57,0.35,0.35,0.35,0.35
11.572,0.35,0.35,0.35,0.35
11.574,0.35,0.35,0.35,0.35
11.576,0.35,0.35,0.35,0.35
11.578,0.35,0.35,0.35,0.35
11.58,0.35,0.35,0.35,0.35
11.582,0.35,0.35,0.35,0.35
11.584,0.35,0.35,0.35,0.35
11.586,0.35,0.35,0.35,0.35
11.588,0.35,0.35,0.35,0.35
11.59,0.35,0.35,0.35,0.35
11.592,0.35,0.35,0.35,0.35
11.594,0.35,0.35,0.35,0.35
11.596,0.35,0.35,0.35,0.35
11.598,0.35,0.35,0.35,0.35
11.6,0.35,0.35,0.35,0.35
11.602,0.35,0.35,0.35,0.35
11.604,0.35,0.35,0.35,0.35
11.606,0.35,0.35,0.35,0.35
11.608,0.35,0.35,0.35,0.35
11.61,0.35,0.35,0.35,0.35
11.612,0.35,0.35,0.35,0.35
11.614,0.35,0.35,0.35,0.35
11.616,0.35,0.35,0.35,0.35
11.618,0.35,0.35,0.35,0.35
11.62,0.35,0.35,0.35,0.35
11.622,0.35,0.35,0.35,0.35
11.624,0.35,0.35,0.35,0.35
11.626,0.35,0.35,0.35,0.35
11.628,0.35,0.35,0.35,0.35
11.63,0.35,0.35,0.35,0.35
11.632,0.35,0.35,0.35,0.35
11.634,0.35,0.35,0.35,0.35
11.636,0.35,0.35,0.35,0.35
11.638,0.35,0.35,0.35,0.35
11.64,0.35,0.35,0.35,0.35
11.642,0.35,0.35,0.35,0.35
11.644,0.35,0.35,0.35,0.35
11.646,0.35,0.35,0.35,0.35
11.648,0.35,0.35,0.35,0.35
11.65,0.35,0.35,0.35,0.35
11.652,0.35,0.35,0.35,0.35
11.654,0.35,0.35,0.35,0.35
11.656,0.35,0.35,0.35,0.35
11.658,0.35,0.35,0.35,0.35
11.66,0.35,0.35,0.35,0.35
11.662,0.35,0.35,0.35,0.35
11.664,0.35,0.35,0.35,0.35
11.666,0.35,0.35,0.35,0.35
11.668,0.35,0.35,0.35,0.35
11.67,0.35,0.35,0.35,0.35
11.672,0.35,0.35,0.35,0.35
11.674,0.35,0.35,0.35,0.35
11.676,0.35,0.35,0.35,0.35
11.678,0.35,0.35,0.35,0.35
11.68,0.35,0.35,0.35,0.35
11.682,0.35,0.35,0.35,0.35
11.684,0.35,0.35,0.35,0.35
11.686,0.35,0.35,0.35,0.35
11.688,0.35,0.35,0.35,0.35
11.69,0.35,0.35,0.35,0.35
11.692,0.35,0.35,0.35,0.35
11.694,0.35,0.35,0.35,0.35
11.696,0.35,0.35,0.35,0.35
11.698,0.35,0.35,0.35,0.35
11.7,0.35,0.35,0.35,0.35
11.702,0.35,0.35,0.35,0.35
11.704,0.35,0.35,0.35,0.35
11.706,0.35,0.35,0.35,0.35
11.708,0.35,0.35,0.35,0.35
11.71,0.35,0.35,0.35,0.35
11.712,0.35,0.35,0.35,0.35
11.714,0.35,0.35,0.35,0.35
11.716,0.35,0.35,0.35,0.35
11.718,0.35,0.35,0.35,0.35
11.72,0.35,0.35,0.35,0.35
11.722,0.35,0.35,0.35,0.35
11.724,0.35,0.35,0.35,0.35
11.726,0.35,0.35,0.35,0.35
11.728,0.35,0.35,0.35,0.35
11.73,0.35,0.35,0.35,0.35
11.732,0.35,0.35,0.35,0.35
11.734,0.35,0.35,0.35,0.35
11.736,0.35,0.35,0.35,0.35
11.738,0.35,0.35,0.35,0.35
11.74,0.35,0.35,0.35,0.35
11.742,0.35,0.35,0.35,0.35
11.744,0.35,0.35,0.35,0.35
11.746,0.35,0.35,0.35,0.35
11.748,0.35,0.35,0.35,0.35
11.75,0.35,0.35,0.35,0.35
11.752,0.35,0.35,0.35,0.35
11.754,0.35,0.35,0.35,0.35
11.756,0.35,0.35,0.35,0.35
11.758,0.35,0.35,0.35,0.35
11.76,0.35,0.35,0.35,0.35
11.762,0.35,0.35,0.35,0.35
11.764,0.35,0.35,0.35,0.35
11.766,0.35,0.35,0.35,0.35
11.768,0.35,0.35,0.35,0.35
11.77,0.35,0.35,0.35,0.35
11.772,0.35,0.35,0.35,0.35
11.774,0.35,0.35,0.35,0.35
11.776,0.35,0.35,0.35,0.35
11.778,0.35,0.35,0.35,0.35
11.78,0.35,0.35,0.35,0.35
11.782,0.35,0.35,0.35,0.35
11.784,0.35,0.35,0.35,0.35
11.786,0.35,0.35,0.35,0.35
11.788,0.35,0.35,0.35,0.35
11.79,0.35,0.35,0.35,0.35
11.792,0.35,0.35,0.35,0.35
11.794,0.35,0.35,0.35,0.35
11.796,0.35,0.35,0.35,0.35
11.798,0.35,0.35,0.35,0.35
11.8,0.35,0.35,0.35,0.35
11.802,0.35,0.35,0.35,0.35
11.804,0.35,0.35,0.35,0.35
11.806,0.35,0.35,0.35,0.35
11.808,0.35,0.35,0.35,0.35
11.81,0.35,0.35,0.35,0.35
11.812,0.35,0.35,0.35,0.35
11.814,0.35,0.35,0.35,0.35
11.816,0.35,0.35,0.35,0.35
11.818,0.35,0.35,0.35,0.35
11.82,0.35,0.35,0.35,0.35
11.822,0.35,0.35,0.35,0.35
11.824,0.35,0.35,0.35,0.35
11.826,0.35,0.35,0.35,0.35
11.828,0.35,0.35,0.35,0.35
11.83,0.35,0.35,0.35,0.35
11.832,0.35,0.35,0.35,0.35
11.834,0.35,0.35,0.35,0.35
11.836,0.35,0.35,0.35,0.35
11.838,0.35,0.35,0.35,0.35
11.84,0.35,0.35,0.35,0.35
11.842,0.35,0.35,0.35,0.35
11.844,0.35,0.35,0.35,0.35
11.846,0.35,0.35,0.35,0.35
11.848,0.35,0.35,0.35,0.35
11.85,0.35,0.35,0.35,0.35
11.852,0.35,0.35,0.35,0.35
11.854,0.35,0.35,0.35,0.35
11.856,0.35,0.35,0.35,0.35
11.858,0.35,0.35,0.35,0.35
11.86,0.35,0.35,0.35,0.35
11.862,0.35,0.35,0.35,0.35
11.864,0.35,0.35,0.35,0.35
11.866,0.35,0.35,0.35,0.35
11.868,0.35,0.35,0.35,0.35
11.87,0.35,0.35,0.35,0.35
11.872,0.35,0.35,0.35,0.35
11.874,0.35,0.35,0.35,0.35
11.876,0.35,0.35,0.35,0.35
11.878,0.35,0.35,0.35,0.35
11.88,0.35,0.35,0.35,0.35
11.882,0.35,0.35,0.35,0.35
11.884,0.35,0.35,0.35,0.35
11.886,0.35,0.35,0.35,0.35
11.888,0.35,0.35,0.35,0.35
11.89,0.35,0.35,0.35,0.35
11.892,0.35,0.35,0.35,0.35
11.894,0.35,0.35,0.35,0.35
11.896,0.35,0.35,0.35,0.35
11.898,0.35,0.35,0.35,0.35
11.9,0.35,0.35,0.35,0.35
11.902,0.35,0.35,0.35,0.35
11.904,0.35,0.35,0.35,0.35
11.906,0.35,0.35,0.35,0.35
11.908,0.35,0.35,0.35,0.35
11.91,0.35,0.35,0.35,0.35
11.912,0.35,0.35,0.35,0.35
11.914,0.35,0.35,0.35,0.35
11.916,0.35,0.35,0.35,0.35
11.918,0.35,0.35,0.35,0.35
11.92,0.35,0.35,0.35,0.35
11.922,0.35,0.35,0.35,0.35
11.924,0.35,0.35,0.35,0.35
11.926,0.35,0.35,0.35,0.35
11.928,0.35,0.35,0.35,0.35
11.93,0.35,0.35,0.35,0.35
11.932,0.35,0.35,0.35,0.35
11.934,0.35,0.35,0.35,0.35
11.936,0.35,0.35,0.35,0.35
11.938,0.35,0.35,0.35,0.35
11.94,0.35,0.35,0.35,0.35
11.942,0.35,0.35,0.35,0.35
11.944,0.35,0.35,0.35,0.35
11.946,0.35,0.35,0.35,0.35
11.948,0.35,0.35,0.35,0.35
11.95,0.35,0.35,0.35,0.35
11.952,0.35,0.35,0.35,0.35
11.954,0.35,0.35,0.35,0.35
11.956,0.35,0.35,0.35,0.35
11.958,0.35,0.35,0.35,0.35
11.96,0.35,0.35,0.35,0.35
11.962,0.35,0.35,0.35,0.35
11.964,0.35,0.35,0.35,0.35
11.966,0.35,0.35,0.35,0.35
11.968,0.35,0.35,0.35,0.35
11.97,0.35,0.35,0.35,0.35
11.972,0.35,0.35,0.35,0.35
11.974,0.35,0.35,0.35,0.35
11.976,0.35,0.35,0.35,0.35
11.978,0.35,0.35,0.35,0.35
11.98,0.35,0.35,0.35,0.35
11.982,0.35,0.35,0.35,0.35
11.984,0.35,0.35,0.35,0.35
11.986,0.35,0.35,0.35,0.35
11.988,0.35,0.35,0.35,0.35
11.99,0.35,0.35,0.35,0.35
11.992,0.35,0.35,0.35,0.35
11.994,0.35,0.35,0.35,0.35
11.996,0.35,0.35,0.35,0.35
11.998,0.35,0.35,0.35,0.35
12.0,0.35,0.35,0.35,0.35
12.002,0.35,0.35,0.35,0.35
12.004,0.35,0.35,0.35,0.35
12.006,0.35,0.35,0.35,0.35
12.008,0.35,0.35,0.35,0.35
12.01,0.35,0.35,0.35,0.35
12.012,0.35,0.35,0.35,0.35
12.014,0.35,0.35,0.35,0.35
12.016,0.35,0.35,0.35,0.35
12.018,0.35,0.35,0.35,0.35
12.02,0.35,0.35,0.35,0.35
12.022,0.35,0.35,0.35,0.35
12.024,0.35,0.35,0.35,0.35
12.026,0.35,0.35,0.35,0.35
12.028,0.35,0.35,0.35,0.35
12.03,0.35,0.35,0.35,0.35
12.032,0.35,0.35,0.35,0.35
12.034,0.35,0.35,0.35,0.35
12.036,0.35,0.35,0.35,0.35
12.038,0.35,0.35,0.35,0.35
12.04,0.35,0.35,0.35,0.35
12.042,0.35,0.35,0.35,0.35
12.044,0.35,0.35,0.35,0.35
12.046,0.35,0.35,0.35,0.35
12.048,0.35,0.35,0.35,0.35
12.05,0.35,0.35,0.35,0.35
12.052,0.35,0.35,0.35,0.35
12.054,0.35,0.35,0.35,0.35
12.056,0.35,0.35,0.35,0.35
12.058,0.35,0.35,0.35,0.35
12.06,0.35,0.35,0.35,0.35
12.062,0.35,0.35,0.35,0.35
12.064,0.35,0.35,0.35,0.35
12.066,0.35,0.35,0.35,0.35
12.068,0.35,0.35,0.35,0.35
12.07,0.35,0.35,0.35,0.35
12.072,0.35,0.35,0.35,0.35
12.074,0.35,0.35,0.35,0.35
12.076,0.35,0.35,0.35,0.35
12.078,0.35,0.35,0.35,0.35
12.08,0.35,0.35,0.35,0.35
12.082,0.35,0.35,0.35,0.35
12.084,0.35,0.35,0.35,0.35
12.086,0.35,0.35,0.35,0.35
12.088,0.35,0.35,0.35,0.35
12.09,0.35,0.35,0.35,0.35
12.092,0.35,0.35,0.35,0.35
12.094,0.35,0.35,0.35,0.35
12.096,0.35,0.35,0.35,0.35
12.098,0.35,0.35,0.35,0.35
12.1,0.35,0.35,0.35,0.35
12.102,0.35,0.35,0.35,0.35
12.104,0.35,0.35,0.35,0.35
12.106,0.35,0.35,0.35,0.35
12.108,0.35,0.35,0.35,0.35
12.11,0.35,0.35,0.35,0.35
12.112,0.35,0.35,0.35,0.35
12.114,0.35,0.35,0.35,0.35
12.116,0.35,0.35,0.35,0.35
12.118,0.35,0.35,0.35,0.35
12.12,0.35,0.35,0.35,0.35
12.122,0.35,0.35,0.35,0.35
12.124,0.35,0.35,0.35,0.35
12.126,0.35,0.35,0.35,0.35
12.128,0.35,0.35,0.35,0.35
12.13,0.35,0.35,0.35,0.35
12.132,0.35,0.35,0.35,0.35
12.134,0.35,0.35,0.35,0.35
12.136,0.35,0.35,0.35,0.35
12.138,0.35,0.35,0.35,0.35
12.14,0.35,0.35,0.35,0.35
12.142,0.35,0.35,0.35,0.35
12.144,0.35,0.35,0.35,0.35
12.146,0.35,0.35,0.35,0.35
12.148,0.35,0.35,0.35,0.35
12.15,0.35,0.35,0.35,0.35
12.152,0.35,0.35,0.35,0.35
12.154,0.35,0.35,0.35,0.35
12.156,0.35,0.35,0.35,0.35
12.158,0.35,0.35,0.35,0.35
12.16,0.35,0.35,0.35,0.35
12.162,0.35,0.35,0.35,0.35
12.164,0.35,0.35,0.35,0.35
12.166,0.35,0.35,0.35,0.35
12.168,0.35,0.35,0.35,0.35
12.17,0.35,0.35,0.35,0.35
12.172,0.35,0.35,0.35,0.35
12.174,0.35,0.35,0.35,0.35
12.176,0.35,0.35,0.35,0.35
12.178,0.35,0.35,0.35,0.35
12.18,0.35,0.35,0.35,0.35
12.182,0.35,0.35,0.35,0.35
12.184,0.35,0.35,0.35,0.35
12.186,0.35,0.35,0.35,0.35
12.188,0.35,0.35,0.35,0.35
12.19,0.35,0.35,0.35,0.35
12.192,0.35,0.35,0.35,0.35
12.194,0.35,0.35,0.35,0.35
12.196,0.35,0.35,0.35,0.35
12.198,0.35,0.35,0.35,0.35
12.2,0.35,0.35,0.35,0.35
12.202,0.35,0.35,0.35,0.35
12.204,0.35,0.35,0.35,0.35
12.206,0.35,0.35,0.35,0.35
12.208,0.35,0.35,0.35,0.35
12.21,0.35,0.35,0.35,0.35
12.212,0.35,0.35,0.35,0.35
12.214,0.35,0.35,0.35,0.35
12.216,0.35,0.35,0.35,0.35
12.218,0.35,0.35,0.35,0.35
12.22,0.35,0.35,0.35,0.35
12.222,0.35,0.35,0.35,0.35
12.224,0.35,0.35,0.35,0.35
12.226,0.35,0.35,0.35,0.35
12.228,0.35,0.35,0.35,0.35
12.23,0.35,0.35,0.35,0.35
12.232,0.35,0.35,0.35,0.35
12.234,0.35,0.35,0.35,0.35
12.236,0.35,0.35,0.35,0.35
12.238,0.35,0.35,0.35,0.35
12.24,0.35,0.35,0.35,0.35
12.242,0.35,0.35,0.35,0.35
12.244,0.35,0.35,0.35,0.35
12.246,0.35,0.35,0.35,0.35
12.248,0.35,0.35,0.35,0.35
12.25,0.35,0.35,0.35,0.35
12.252,0.35,0.35,0.35,0.35
12.254,0.35,0.35,0.35,0.35
12.256,0.35,0.35,0.35,0.35
12.258,0.35,0.35,0.35,0.35
12.26,0.35,0.35,0.35,0.35
12.262,0.35,0.35,0.35,0.35
12.264,0.35,0.35,0.35,0.35
12.266,0.35,0.35,0.35,0.35
12.268,0.35,0.35,0.35,0.35
12.27,0.35,0.35,0.35,0.35
12.272,0.35,0.35,0.35,0.35
12.274,0.35,0.35,0.35,0.35
12.276,0.35,0.35,0.35,0.35
12.278,0.35,0.35,0.35,0.35
12.28,0.35,0.35,0.35,0.35
12.282,0.35,0.35,0.35,0.35
12.284,0.35,0.35,0.35,0.35
12.286,0.35,0.35,0.35,0.35
12.288,0.35,0.35,0.35,0.35
12.29,0.35,0.35,0.35,0.35
12.292,0.35,0.35,0.35,0.35
12.294,0.35,0.35,0.35,0.35
12.296,0.35,0.35,0.35,0.35
12.298,0.35,0.35,0.35,0.35
12.3,0.35,0.35,0.35,0.35
12.302,0.35,0.35,0.35,0.35
12.304,0.35,0.35,0.35,0.35
12.306,0.35,0.35,0.35,0.35
12.308,0.35,0.35,0.35,0.35
12.31,0.35,0.35,0.35,0.35
12.312,0.35,0.35,0.35,0.35
12.314,0.35,0.35,0.35,0.35
12.316,0.35,0.35,0.35,0.35
12.318,0.35,0.35,0.35,0.35
12.32,0.35,0.35,0.35,0.35
12.322,0.35,0.35,0.35,0.35
12.324,0.35,0.35,0.35,0.35
12.326,0.35,0.35,0.35,0.35
12.328,0.35,0.35,0.35,0.35
12.33,0.35,0.35,0.35,0.35
12.332,0.35,0.35,0.35,0.35
12.334,0.35,0.35,0.35,0.35
12.336,0.35,0.35,0.35,0.35
12.338,0.35,0.35,0.35,0.35
12.34,0.35,0.35,0.35,0.35
12.342,0.35,0.35,0.35,0.35
12.344,0.35,0.35,0.35,0.35
12.346,0.35,0.35,0.35,0.35
12.348,0.35,0.35,0.35,0.35
12.35,0.35,0.35,0.35,0.35
12.352,0.35,0.35,0.35,0.35
12.354,0.35,0.35,0.35,0.35
12.356,0.35,0.35,0.35,0.35
12.358,0.35,0.35,0.35,0.35
12.36,0.35,0.35,0.35,0.35
12.362,0.35,0.35,0.35,0.35
12.364,0.35,0.35,0.35,0.35
12.366,0.35,0.35,0.35,0.35
12.368,0.35,0.35,0.35,0.35
12.37,0.35,0.35,0.35,0.35
12.372,0.35,0.35,0.35,0.35
12.374,0.35,0.35,0.35,0.35
12.376,0.35,0.35,0.35,0.35
12.378,0.35,0.35,0.35,0.35
12.38,0.35,0.35,0.35,0.35
12.382,0.35,0.35,0.35,0.35
12.384,0.35,0.35,0.35,0.35
12.386,0.35,0.35,0.35,0.35
12.388,0.35,0.35,0.35,0.35
12.39,0.35,0.35,0.35,0.35
12.392,0.35,0.35,0.35,0.35
12.394,0.35,0.35,0.35,0.35
12.396,0.35,0.35,0.35,0.35
12.398,0.35,0.35,0.35,0.35
12.4,0.35,0.35,0.35,0.35
12.402,0.35,0.35,0.35,0.35
12.404,0.35,0.35,0.35,0.35
12.406,0.35,0.35,0.35,0.35
12.408,0.35,0.35,0.35,0.35
12.41,0.35,0.35,0.35,0.35
12.412,0.35,0.35,0.35,0.35
12.414,0.35,0.35,0.35,0.35
12.416,0.35,0.35,0.35,0.35
12.418,0.35,0.35,0.35,0.35
12.42,0.35,0.35,0.35,0.35
12.422,0.35,0.35,0.35,0.35
12.424,0.35,0.35,0.35,0.35
12.426,0.35,0.35,0.35,0.35
12.428,0.35,0.35,0.35,0.35
12.43,0.35,0.35,0.35,0.35
12.432,0.35,0.35,0.35,0.35
12.434,0.35,0.35,0.35,0.35
12.436,0.35,0.35,0.35,0.35
12.438,0.35,0.35,0.35,0.35
12.44,0.35,0.35,0.35,0.35
12.442,0.35,0.35,0.35,0.35
12.444,0.35,0.35,0.35,0.35
12.446,0.35,0.35,0.35,0.35
12.448,0.35,0.35,0.35,0.35
12.45,0.35,0.35,0.35,0.35
12.452,0.35,0.35,0.35,0.35
12.454,0.35,0.35,0.35,0.35
12.456,0.35,0.35,0.35,0.35
12.458,0.35,0.35,0.35,0.35
12.46,0.35,0.35,0.35,0.35
12.462,0.35,0.35,0.35,0.35
12.464,0.35,0.35,0.35,0.35
12.466,0.35,0.35,0.35,0.35
12.468,0.35,0.35,0.35,0.35
12.47,0.35,0.35,0.35,0.35
12.472,0.35,0.35,0.35,0.35
12.474,0.35,0.35,0.35,0.35
12.476,0.35,0.35,0.35,0.35
12.478,0.35,0.35,0.35,0.35
12.48,0.35,0.35,0.35,0.35
12.482,0.35,0.35,0.35,0.35
12.484,0.35,0.35,0.35,0.35
12.486,0.35,0.35,0.35,0.35
12.488,0.35,0.35,0.35,0.35
12.49,0.35,0.35,0.35,0.35
12.492,0.35,0.35,0.35,0.35
12.494,0.35,0.35,0.35,0.35
12.496,0.35,0.35,0.35,0.35
12.498,0.35,0.35,0.35,0.35
12.5,0.35,0.35,0.35,0.35
12.502,0.35,0.35,0.35,0.35
12.504,0.35,0.35,0.35,0.35
12.506,0.35,0.35,0.35,0.35
12.508,0.35,0.35,0.35,0.35
12.51,0.35,0.35,0.35,0.35
12.512,0.35,0.35,0.35,0.35
12.514,0.35,0.35,0.35,0.35
12.516,0.35,0.35,0.35,0.35
12.518,0.35,0.35,0.35,0.35
12.52,0.35,0.35,0.35,0.35
12.522,0.35,0.35,0.35,0.35
12.524,0.35,0.35,0.35,0.35
12.526,0.35,0.35,0.35,0.35
12.528,0.35,0.35,0.35,0.35
12.53,0.35,0.35,0.35,0.35
12.532,0.35,0.35,0.35,0.35
12.534,0.35,0.35,0.35,0.35
12.536,0.35,0.35,0.35,0.35
12.538,0.35,0.35,0.35,0.35
12.54,0.35,0.35,0.35,0.35
12.542,0.35,0.35,0.35,0.35
12.544,0.35,0.35,0.35,0.35
12.546,0.35,0.35,0.35,0.35
12.548,0.35,0.35,0.35,0.35
12.55,0.35,0.35,0.35,0.35
12.552,0.35,0.35,0.35,0.35
12.554,0.35,0.35,0.35,0.35
12.556,0.35,0.35,0.35,0.35
12.558,0.35,0.35,0.35,0.35
12.56,0.35,0.35,0.35,0.35
12.562,0.35,0.35,0.35,0.35
12.564,0.35,0.35,0.35,0.35
12.566,0.35,0.35,0.35,0.35
12.568,0.35,0.35,0.35,0.35
12.57,0.35,0.35,0.35,0.35
12.572,0.35,0.35,0.35,0.35
12.574,0.35,0.35,0.35,0.35
12.576,0.35,0.35,0.35,0.35
12.578,0.35,0.35,0.35,0.35
12.58,0.35,0.35,0.35,0.35
12.582,0.35,0.35,0.35,0.35
12.584,0.35,0.35,0.35,0.35
12.586,0.35,0.35,0.35,0.35
12.588,0.35,0.35,0.35,0.35
12.59,0.35,0.35,0.35,0.35
12.592,0.35,0.35,0.35,0.35
12.594,0.35,0.35,0.35,0.35
12.596,0.35,0.35,0.35,0.35
12.598,0.35,0.35,0.35,0.35
12.6,0.35,0.35,0.35,0.35
12.602,0.35,0.35,0.35,0.35
12.604,0.35,0.35,0.35,0.35
12.606,0.35,0.35,0.35,0.35
12.608,0.35,0.35,0.35,0.35
12.61,0.35,0.35,0.35,0.35
12.612,0.35,0.35,0.35,0.35
12.614,0.35,0.35,0.35,0.35
12.616,0.35,0.35,0.35,0.35
12.618,0.35,0.35,0.35,0.35
12.62,0.35,0.35,0.35,0.35
12.622,0.35,0.35,0.35,0.35
12.624,0.35,0.35,0.35,0.35
12.626,0.35,0.35,0.35,0.35
12.628,0.35,0.35,0.35,0.35
12.63,0.35,0.35,0.35,0.35
12.632,0.35,0.35,0.35,0.35
12.634,0.35,0.35,0.35,0.35
12.636,0.35,0.35,0.35,0.35
12.638,0.35,0.35,0.35,0.35
12.64,0.35,0.35,0.35,0.35
12.642,0.35,0.35,0.35,0.35
12.644,0.35,0.35,0.35,0.35
12.646,0.35,0.35,0.35,0.35
12.648,0.35,0.35,0.35,0.35
12.65,0.35,0.35,0.35,0.35
12.652,0.35,0.35,0.35,0.35
12.654,0.35,0.35,0.35,0.35
12.656,0.35,0.35,0.35,0.35
12.658,0.35,0.35,0.35,0.35
12.66,0.35,0.35,0.35,0.35
12.662,0.35,0.35,0.35,0.35
12.664,0.35,0.35,0.35,0.35
12.666,0.35,0.35,0.35,0.35
12.668,0.35,0.35,0.35,0.35
12.67,0.35,0.35,0.35,0.35
12.672,0.35,0.35,0.35,0.35
12.674,0.35,0.35,0.35,0.35
12.676,0.35,0.35,0.35,0.35
12.678,0.35,0.35,0.35,0.35
12.68,0.35,0.35,0.35,0.35
12.682,0.35,0.35,0.35,0.35
12.684,0.35,0.35,0.35,0.35
12.686,0.35,0.35,0.35,0.35
12.688,0.35,0.35,0.35,0.35
12.69,0.35,0.35,0.35,0.35
12.692,0.35,0.35,0.35,0.35
12.694,0.35,0.35,0.35,0.35
12.696,0.35,0.35,0.35,0.35
12.698,0.35,0.35,0.35,0.35
12.7,0.35,0.35,0.35,0.35
12.702,0.35,0.35,0.35,0.35
12.704,0.35,0.35,0.35,0.35
12.706,0.35,0.35,0.35,0.35
12.708,0.35,0.35,0.35,0.35
12.71,0.35,0.35,0.35,0.35
12.712,0.35,0.35,0.35,0.35
12.714,0.35,0.35,0.35,0.35
12.716,0.35,0.35,0.35,0.35
12.718,0.35,0.35,0.35,0.35
12.72,0.35,0.35,0.35,0.35
12.722,0.35,0.35,0.35,0.35
12.724,0.35,0.35,0.35,0.35
12.726,0.35,0.35,0.35,0.35
12.728,0.35,0.35,0.35,0.35
12.73,0.35,0.35,0.35,0.35
12.732,0.35,0.35,0.35,0.35
12.734,0.35,0.35,0.35,0.35
12.736,0.35,0.35,0.35,0.35
12.738,0.35,0.35,0.35,0.35
12.74,0.35,0.35,0.35,0.35
12.742,0.35,0.35,0.35,0.35
12.744,0.35,0.35,0.35,0.35
12.746,0.35,0.35,0.35,0.35
12.748,0.35,0.35,0.35,0.35
12.75,0.35,0.35,0.35,0.35
12.752,0.35,0.35,0.35,0.35
12.754,0.35,0.35,0.35,0.35
12.756,0.35,0.35,0.35,0.35
12.758,0.35,0.35,0.35,0.35
12.76,0.35,0.35,0.35,0.35
12.762,0.35,0.35,0.35,0.35
12.764,0.35,0.35,0.35,0.35
12.766,0.35,0.35,0.35,0.35
12.768,0.35,0.35,0.35,0.35
12.77,0.35,0.35,0.35,0.35
12.772,0.35,0.35,0.35,0.35
12.774,0.35,0.35,0.35,0.35
12.776,0.35,0.35,0.35,0.35
12.778,0.35,0.35,0.35,0.35
12.78,0.35,0.35,0.35,0.35
12.782,0.35,0.35,0.35,0.35
12.784,0.35,0.35,0.35,0.35
12.786,0.35,0.35,0.35,0.35
12.788,0.35,0.35,0.35,0.35
12.79,0.35,0.35,0.35,0.35
12.792,0.35,0.35,0.35,0.35
12.794,0.35,0.35,0.35,0.35
12.796,0.35,0.35,0.35,0.35
12.798,0.35,0.35,0.35,0.35
12.8,0.35,0.35,0.35,0.35
12.802,0.35,0.35,0.35,0.35
12.804,0.35,0.35,0.35,0.35
12.806,0.35,0.35,0.35,0.35
12.808,0.35,0.35,0.35,0.35
12.81,0.35,0.35,0.35,0.35
12.812,0.35,0.35,0.35,0.35
12.814,0.35,0.35,0.35,0.35
12.816,0.35,0.35,0.35,0.35
12.818,0.35,0.35,0.35,0.35
12.82,0.35,0.35,0.35,0.35
12.822,0.35,0.35,0.35,0.35
12.824,0.35,0.35,0.35,0.35
12.826,0.35,0.35,0.35,0.35
12.828,0.35,0.35,0.35,0.35
12.83,0.35,0.35,0.35,0.35
12.832,0.35,0.35,0.35,0.35
12.834,0.35,0.35,0.35,0.35
12.836,0.35,0.35,0.35,0.35
12.838,0.35,0.35,0.35,0.35
12.84,0.35,0.35,0.35,0.35
12.842,0.35,0.35,0.35,0.35
12.844,0.35,0.35,0.35,0.35
12.846,0.35,0.35,0.35,0.35
12.848,0.35,0.35,0.35,0.35
12.85,0.35,0.35,0.35,0.35
12.852,0.35,0.35,0.35,0.35
12.854,0.35,0.35,0.35,0.35
12.856,0.35,0.35,0.35,0.35
12.858,0.35,0.35,0.35,0.35
12.86,0.35,0.35,0.35,0.35
12.862,0.35,0.35,0.35,0.35
12.864,0.35,0.35,0.35,0.35
12.866,0.35,0.35,0.35,0.35
12.868,0.35,0.35,0.35,0.35
12.87,0.35,0.35,0.35,0.35
12.872,0.35,0.35,0.35,0.35
12.874,0.35,0.35,0.35,0.35
12.876,0.35,0.35,0.35,0.35
12.878,0.35,0.35,0.35,0.35
12.88,0.35,0.35,0.35,0.35
12.882,0.35,0.35,0.35,0.35
12.884,0.35,0.35,0.35,0.35
12.886,0.35,0.35,0.35,0.35
12.888,0.35,0.35,0.35,0.35
12.89,0.35,0.35,0.35,0.35
12.892,0.35,0.35,0.35,0.35
12.894,0.35,0.35,0.35,0.35
12.896,0.35,0.35,0.35,0.35
12.898,0.35,0.35,0.35,0.35
12.9,0.35,0.35,0.35,0.35
12.902,0.35,0.35,0.35,0.35
12.904,0.35,0.35,0.35,0.35
12.906,0.35,0.35,0.35,0.35
12.908,0.35,0.35,0.35,0.35
12.91,0.35,0.35,0.35,0.35
12.912,0.35,0.35,0.35,0.35
12.914,0.35,0.35,0.35,0.35
12.916,0.35,0.35,0.35,0.35
12.918,0.35,0.35,0.35,0.35
12.92,0.35,0.35,0.35,0.35
12.922,0.35,0.35,0.35,0.35
12.924,0.35,0.35,0.35,0.35
12.926,0.35,0.35,0.35,0.35
12.928,0.35,0.35,0.35,0.35
12.93,0.35,0.35,0.35,0.35
12.932,0.35,0.35,0.35,0.35
12.934,0.35,0.35,0.35,0.35
12.936,0.35,0.35,0.35,0.35
12.938,0.35,0.35,0.35,0.35
12.94,0.35,0.35,0.35,0.35
12.942,0.35,0.35,0.35,0.35
12.944,0.35,0.35,0.35,0.35
12.946,0.35,0.35,0.35,0.35
12.948,0.35,0.35,0.35,0.35
12.95,0.35,0.35,0.35,0.35
12.952,0.35,0.35,0.35,0.35
12.954,0.35,0.35,0.35,0.35
12.956,0.35,0.35,0.35,0.35
12.958,0.35,0.35,0.35,0.35
12.96,0.35,0.35,0.35,0.35
12.962,0.35,0.35,0.35,0.35
12.964,0.35,0.35,0.35,0.35
12.966,0.35,0.35,0.35,0.35
12.968,0.35,0.35,0.35,0.35
12.97,0.35,0.35,0.35,0.35
12.972,0.35,0.35,0.35,0.35
12.974,0.35,0.35,0.35,0.35
12.976,0.35,0.35,0.35,0.35
12.978,0.35,0.35,0.35,0.35
12.98,0.35,0.35,0.35,0.35
12.982,0.35,0.35,0.35,0.35
12.984,0.35,0.35,0.35,0.35
12.986,0.35,0.35,0.35,0.35
12.988,0.35,0.35,0.35,0.35
12.99,0.35,0.35,0.35,0.35
12.992,0.35,0.35,0.35,0.35
12.994,0.35,0.35,0.35,0.35
12.996,0.35,0.35,0.35,0.35
12.998,0.35,0.35,0.35,0.35
13.0,0.35,0.35,0.35,0.35
13.002,0.35,0.35,0.35,0.35
13.004,0.35,0.35,0.35,0.35
13.006,0.35,0.35,0.35,0.35
13.008,0.35,0.35,0.35,0.35
13.01,0.35,0.35,0.35,0.35
13.012,0.35,0.35,0.35,0.35
13.014,0.35,0.35,0.35,0.35
13.016,0.35,0.35,0.35,0.35
13.018,0.35,0.35,0.35,0.35
13.02,0.35,0.35,0.35,0.35
13.022,0.35,0.35,0.35,0.35
13.024,0.35,0.35,0.35,0.35
13.026,0.35,0.35,0.35,0.35
13.028,0.35,0.35,0.35,0.35
13.03,0.35,0.35,0.35,0.35
13.032,0.35,0.35,0.35,0.35
13.034,0.35,0.35,0.35,0.35
13.036,0.35,0.35,0.35,0.35
13.038,0.35,0.35,0.35,0.35
13.04,0.35,0.35,0.35,0.35
13.042,0.35,0.35,0.35,0.35
13.044,0.35,0.35,0.35,0.35
13.046,0.35,0.35,0.35,0.35
13.048,0.35,0.35,0.35,0.35
13.05,0.35,0.35,0.35,0.35
13.052,0.35,0.35,0.35,0.35
13.054,0.35,0.35,0.35,0.35
13.056,0.35,0.35,0.35,0.35
13.058,0.35,0.35,0.35,0.35
13.06,0.35,0.35,0.35,0.35
13.062,0.35,0.35,0.35,0.35
13.064,0.35,0.35,0.35,0.35
13.066,0.35,0.35,0.35,0.35
13.068,0.35,0.35,0.35,0.35
13.07,0.35,0.35,0.35,0.35
13.072,0.35,0.35,0.35,0.35
13.074,0.35,0.35,0.35,0.35
13.076,0.35,0.35,0.35,0.35
13.078,0.35,0.35,0.35,0.35
13.08,0.35,0.35,0.35,0.35
13.082,0.35,0.35,0.35,0.35
13.084,0.35,0.35,0.35,0.35
13.086,0.35,0.35,0.35,0.35
13.088,0.35,0.35,0.35,0.35
13.09,0.35,0.35,0.35,0.35
13.092,0.35,0.35,0.35,0.35
13.094,0.35,0.35,0.35,0.35
13.096,0.35,0.35,0.35,0.35
13.098,0.35,0.35,0.35,0.35
13.1,0.35,0.35,0.35,0.35
13.102,0.35,0.35,0.35,0.35
13.104,0.35,0.35,0.35,0.35
13.106,0.35,0.35,0.35,0.35
13.108,0.35,0.35,0.35,0.35
13.11,0.35,0.35,0.35,0.35
13.112,0.35,0.35,0.35,0.35
13.114,0.35,0.35,0.35,0.35
13.116,0.35,0.35,0.35,0.35
13.118,0.35,0.35,0.35,0.35
13.12,0.35,0.35,0.35,0.35
13.122,0.35,0.35,0.35,0.35
13.124,0.35,0.35,0.35,0.35
13.126,0.35,0.35,0.35,0.35
13.128,0.35,0.35,0.35,0.35
13.13,0.35,0.35,0.35,0.35
13.132,0.35,0.35,0.35,0.35
13.134,0.35,0.35,0.35,0.35
13.136,0.35,0.35,0.35,0.35
13.138,0.35,0.35,0.35,0.35
13.14,0.35,0.35,0.35,0.35
13.142,0.35,0.35,0.35,0.35
13.144,0.35,0.35,0.35,0.35
13.146,0.35,0.35,0.35,0.35
13.148,0.35,0.35,0.35,0.35
13.15,0.35,0.35,0.35,0.35
13.152,0.35,0.35,0.35,0.35
13.154,0.35,0.35,0.35,0.35
13.156,0.35,0.35,0.35,0.35
13.158,0.35,0.35,0.35,0.35
13.16,0.35,0.35,0.35,0.35
13.162,0.35,0.35,0.35,0.35
13.164,0.35,0.35,0.35,0.35
13.166,0.35,0.35,0.35,0.35
13.168,0.35,0.35,0.35,0.35
13.17,0.35,0.35,0.35,0.35
13.172,0.35,0.35,0.35,0.35
13.174,0.35,0.35,0.35,0.35
13.176,0.35,0.35,0.35,0.35
13.178,0.35,0.35,0.35,0.35
13.18,0.35,0.35,0.35,0.35
13.182,0.35,0.35,0.35,0.35
13.184,0.35,0.35,0.35,0.35
13.186,0.35,0.35,0.35,0.35
13.188,0.35,0.35,0.35,0.35
13.19,0.35,0.35,0.35,0.35
13.192,0.35,0.35,0.35,0.35
13.194,0.35,0.35,0.35,0.35
13.196,0.35,0.35,0.35,0.35
13.198,0.35,0.35,0.35,0.35
13.2,0.35,0.35,0.35,0.35
13.202,0.35,0.35,0.35,0.35
13.204,0.35,0.35,0.35,0.35
13.206,0.35,0.35,0.35,0.35
13.208,0.35,0.35,0.35,0.35
13.21,0.35,0.35,0.35,0.35
13.212,0.35,0.35,0.35,0.35
13.214,0.35,0.35,0.35,0.35
13.216,0.35,0.35,0.35,0.35
13.218,0.35,0.35,0.35,0.35
13.22,0.35,0.35,0.35,0.35
13.222,0.35,0.35,0.35,0.35
13.224,0.35,0.35,0.35,0.35
13.226,0.35,0.35,0.35,0.35
13.228,0.35,0.35,0.35,0.35
13.23,0.35,0.35,0.35,0.35
13.232,0.35,0.35,0.35,0.35
13.234,0.35,0.35,0.35,0.35
13.236,0.35,0.35,0.35,0.35
13.238,0.35,0.35,0.35,0.35
13.24,0.35,0.35,0.35,0.35
13.242,0.35,0.35,0.35,0.35
13.244,0.35,0.35,0.35,0.35
13.246,0.35,0.35,0.35,0.35
13.248,0.35,0.35,0.35,0.35
13.25,0.35,0.35,0.35,0.35
13.252,0.35,0.35,0.35,0.35
13.254,0.35,0.35,0.35,0.35
13.256,0.35,0.35,0.35,0.35
13.258,0.35,0.35,0.35,0.35
13.26,0.35,0.35,0.35,0.35
13.262,0.35,0.35,0.35,0.35
13.264,0.35,0.35,0.35,0.35
13.266,0.35,0.35,0.35,0.35
13.268,0.35,0.35,0.35,0.35
13.27,0.35,0.35,0.35,0.35
13.272,0.35,0.35,0.35,0.35
13.274,0.35,0.35,0.35,0.35
13.276,0.35,0.35,0.35,0.35
13.278,0.35,0.35,0.35,0.35
13.28,0.35,0.35,0.35,0.35
13.282,0.35,0.35,0.35,0.35
13.284,0.35,0.35,0.35,0.35
13.286,0.35,0.35,0.35,0.35
13.288,0.35,0.35,0.35,0.35
13.29,0.35,0.35,0.35,0.35
13.292,0.35,0.35,0.35,0.35
13.294,0.35,0.35,0.35,0.35
13.296,0.35,0.35,0.35,0.35
13.298,0.35,0.35,0.35,0.35
13.3,0.35,0.35,0.35,0.35
13.302,0.35,0.35,0.35,0.35
13.304,0.35,0.35,0.35,0.35
13.306,0.35,0.35,0.35,0.35
13.308,0.35,0.35,0.35,0.35
13.31,0.35,0.35,0.35,0.35
13.312,0.35,0.35,0.35,0.35
13.314,0.35,0.35,0.35,0.35
13.316,0.35,0.35,0.35,0.35
13.318,0.35,0.35,0.35,0.35
13.32,0.35,0.35,0.35,0.35
13.322,0.35,0.35,0.35,0.35
13.324,0.35,0.35,0.35,0.35
13.326,0.35,0.35,0.35,0.35
13.328,0.35,0.35,0.35,0.35
13.33,0.35,0.35,0.35,0.35
13.332,0.35,0.35,0.35,0.35
13.334,0.35,0.35,0.35,0.35
13.336,0.35,0.35,0.35,0.35
13.338,0.35,0.35,0.35,0.35
13.34,0.35,0.35,0.35,0.35
13.342,0.35,0.35,0.35,0.35
13.344,0.35,0.35,0.35,0.35
13.346,0.35,0.35,0.35,0.35
13.348,0.35,0.35,0.35,0.35
13.35,0.35,0.35,0.35,0.35
13.352,0.35,0.35,0.35,0.35
13.354,0.35,0.35,0.35,0.35
13.356,0.35,0.35,0.35,0.35
13.358,0.35,0.35,0.35,0.35
13.36,0.35,0.35,0.35,0.35
13.362,0.35,0.35,0.35,0.35
13.364,0.35,0.35,0.35,0.35
13.366,0.35,0.35,0.35,0.35
13.368,0.35,0.35,0.35,0.35
13.37,0.35,0.35,0.35,0.35
13.372,0.35,0.35,0.35,0.35
13.374,0.35,0.35,0.35,0.35
13.376,0.35,0.35,0.35,0.35
13.378,0.35,0.35,0.35,0.35
13.38,0.35,0.35,0.35,0.35
13.382,0.35,0.35,0.35,0.35
13.384,0.35,0.35,0.35,0.35
13.386,0.35,0.35,0.35,0.35
13.388,0.35,0.35,0.35,0.35
13.39,0.35,0.35,0.35,0.35
13.392,0.35,0.35,0.35,0.35
13.394,0.35,0.35,0.35,0.35
13.396,0.35,0.35,0.35,0.35
13.398,0.35,0.35,0.35,0.35
13.4,0.35,0.35,0.35,0.35
13.402,0.35,0.35,0.35,0.35
13.404,0.35,0.35,0.35,0.35
13.406,0.35,0.35,0.35,0.35
13.408,0.35,0.35,0.35,0.35
13.41,0.35,0.35,0.35,0.35
13.412,0.35,0.35,0.35,0.35
13.414,0.35,0.35,0.35,0.35
13.416,0.35,0.35,0.35,0.35
13.418,0.35,0.35,0.35,0.35
13.42,0.35,0.35,0.35,0.35
13.422,0.35,0.35,0.35,0.35
13.424,0.35,0.35,0.35,0.35
13.426,0.35,0.35,0.35,0.35
13.428,0.35,0.35,0.35,0.35
13.43,0.35,0.35,0.35,0.35
13.432,0.35,0.35,0.35,0.35
13.434,0.35,0.35,0.35,0.35
13.436,0.35,0.35,0.35,0.35
13.438,0.35,0.35,0.35,0.35
13.44,0.35,0.35,0.35,0.35
13.442,0.35,0.35,0.35,0.35
13.444,0.35,0.35,0.35,0.35
13.446,0.35,0.35,0.35,0.35
13.448,0.35,0.35,0.35,0.35
13.45,0.35,0.35,0.35,0.35
13.452,0.35,0.35,0.35,0.35
13.454,0.35,0.35,0.35,0.35
13.456,0.35,0.35,0.35,0.35
13.458,0.35,0.35,0.35,0.35
13.46,0.35,0.35,0.35,0.35
13.462,0.35,0.35,0.35,0.35
13.464,0.35,0.35,0.35,0.35
13.466,0.35,0.35,0.35,0.35
13.468,0.35,0.35,0.35,0.35
13.47,0.35,0.35,0.35,0.35
13.472,0.35,0.35,0.35,0.35
13.474,0.35,0.35,0.35,0.35
13.476,0.35,0.35,0.35,0.35
13.478,0.35,0.35,0.35,0.35
13.48,0.35,0.35,0.35,0.35
13.482,0.35,0.35,0.35,0.35
13.484,0.35,0.35,0.35,0.35
13.486,0.35,0.35,0.35,0.35
13.488,0.35,0.35,0.35,0.35
13.49,0.35,0.35,0.35,0.35
13.492,0.35,0.35,0.35,0.35
13.494,0.35,0.35,0.35,0.35
13.496,0.35,0.35,0.35,0.35
13.498,0.35,0.35,0.35,0.35
13.5,0.35,0.35,0.35,0.35
13.502,0.35,0.35,0.35,0.35
13.504,0.35,0.35,0.35,0.35
13.506,0.35,0.35,0.35,0.35
13.508,0.35,0.35,0.35,0.35
13.51,0.35,0.35,0.35,0.35
13.512,0.35,0.35,0.35,0.35
13.514,0.35,0.35,0.35,0.35
13.516,0.35,0.35,0.35,0.35
13.518,0.35,0.35,0.35,0.35
13.52,0.35,0.35,0.35,0.35
13.522,0.35,0.35,0.35,0.35
13.524,0.35,0.35,0.35,0.35
13.526,0.35,0.35,0.35,0.35
13.528,0.35,0.35,0.35,0.35
13.53,0.35,0.35,0.35,0.35
13.532,0.35,0.35,0.35,0.35
13.534,0.35,0.35,0.35,0.35
13.536,0.35,0.35,0.35,0.35
13.538,0.35,0.35,0.35,0.35
13.54,0.35,0.35,0.35,0.35
13.542,0.35,0.35,0.35,0.35
13.544,0.35,0.35,0.35,0.35
13.546,0.35,0.35,0.35,0.35
13.548,0.35,0.35,0.35,0.35
13.55,0.35,0.35,0.35,0.35
13.552,0.35,0.35,0.35,0.35
13.554,0.35,0.35,0.35,0.35
13.556,0.35,0.35,0.35,0.35
13.558,0.35,0.35,0.35,0.35
13.56,0.35,0.35,0.35,0.35
13.562,0.35,0.35,0.35,0.35
13.564,0.35,0.35,0.35,0.35
13.566,0.35,0.35,0.35,0.35
13.568,0.35,0.35,0.35,0.35
13.57,0.35,0.35,0.35,0.35
13.572,0.35,0.35,0.35,0.35
13.574,0.35,0.35,0.35,0.35
13.576,0.35,0.35,0.35,0.35
13.578,0.35,0.35,0.35,0.35
13.58,0.35,0.35,0.35,0.35
13.582,0.35,0.35,0.35,0.35
13.584,0.35,0.35,0.35,0.35
13.586,0.35,0.35,0.35,0.35
13.588,0.35,0.35,0.35,0.35
13.59,0.35,0.35,0.35,0.35
13.592,0.35,0.35,0.35,0.35
13.594,0.35,0.35,0.35,0.35
13.596,0.35,0.35,0.35,0.35
13.598,0.35,0.35,0.35,0.35
13.6,0.35,0.35,0.35,0.35
13.602,0.35,0.35,0.35,0.35
13.604,0.35,0.35,0.35,0.35
13.606,0.35,0.35,0.35,0.35
13.608,0.35,0.35,0.35,0.35
13.61,0.35,0.35,0.35,0.35
13.612,0.35,0.35,0.35,0.35
13.614,0.35,0.35,0.35,0.35
13.616,0.35,0.35,0.35,0.35
13.618,0.35,0.35,0.35,0.35
13.62,0.35,0.35,0.35,0.35
13.622,0.35,0.35,0.35,0.35
13.624,0.35,0.35,0.35,0.35
13.626,0.35,0.35,0.35,0.35
13.628,0.35,0.35,0.35,0.35
13.63,0.35,0.35,0.35,0.35
13.632,0.35,0.35,0.35,0.35
13.634,0.35,0.35,0.35,0.35
13.636,0.35,0.35,0.35,0.35
13.638,0.35,0.35,0.35,0.35
13.64,0.35,0.35,0.35,0.35
13.642,0.35,0.35,0.35,0.35
13.644,0.35,0.35,0.35,0.35
13.646,0.35,0.35,0.35,0.35
13.648,0.35,0.35,0.35,0.35
13.65,0.35,0.35,0.35,0.35
13.652,0.35,0.35,0.35,0.35
13.654,0.35,0.35,0.35,0.35
13.656,0.35,0.35,0.35,0.35
13.658,0.35,0.35,0.35,0.35
13.66,0.35,0.35,0.35,0.35
13.662,0.35,0.35,0.35,0.35
13.664,0.35,0.35,0.35,0.35
13.666,0.35,0.35,0.35,0.35
13.668,0.35,0.35,0.35,0.35
13.67,0.35,0.35,0.35,0.35
13.672,0.35,0.35,0.35,0.35
13.674,0.35,0.35,0.35,0.35
13.676,0.35,0.35,0.35,0.35
13.678,0.35,0.35,0.35,0.35
13.68,0.35,0.35,0.35,0.35
13.682,0.35,0.35,0.35,0.35
13.684,0.35,0.35,0.35,0.35
13.686,0.35,0.35,0.35,0.35
13.688,0.35,0.35,0.35,0.35
13.69,0.35,0.35,0.35,0.35
13.692,0.35,0.35,0.35,0.35
13.694,0.35,0.35,0.35,0.35
13.696,0.35,0.35,0.35,0.35
13.698,0.35,0.35,0.35,0.35
13.7,0.35,0.35,0.35,0.35
13.702,0.35,0.35,0.35,0.35
13.704,0.35,0.35,0.35,0.35
13.706,0.35,0.35,0.35,0.35
13.708,0.35,0.35,0.35,0.35
13.71,0.35,0.35,0.35,0.35
13.712,0.35,0.35,0.35,0.35
13.714,0.35,0.35,0.35,0.35
13.716,0.35,0.35,0.35,0.35
13.718,0.35,0.35,0.35,0.35
13.72,0.35,0.35,0.35,0.35
13.722,0.35,0.35,0.35,0.35
13.724,0.35,0.35,0.35,0.35
13.726,0.35,0.35,0.35,0.35
13.728,0.35,0.35,0.35,0.35
13.73,0.35,0.35,0.35,0.35
13.732,0.35,0.35,0.35,0.35
13.734,0.35,0.35,0.35,0.35
13.736,0.35,0.35,0.35,0.35
13.738,0.35,0.35,0.35,0.35
13.74,0.35,0.35,0.35,0.35
13.742,0.35,0.35,0.35,0.35
13.744,0.35,0.35,0.35,0.35
13.746,0.35,0.35,0.35,0.35
13.748,0.35,0.35,0.35,0.35
13.75,0.35,0.35,0.35,0.35
13.752,0.35,0.35,0.35,0.35
13.754,0.35,0.35,0.35,0.35
13.756,0.35,0.35,0.35,0.35
13.758,0.35,0.35,0.35,0.35
13.76,0.35,0.35,0.35,0.35
13.762,0.35,0.35,0.35,0.35
13.764,0.35,0.35,0.35,0.35
13.766,0.35,0.35,0.35,0.35
13.768,0.35,0.35,0.35,0.35
13.77,0.35,0.35,0.35,0.35
13.772,0.35,0.35,0.35,0.35
13.774,0.35,0.35,0.35,0.35
13.776,0.35,0.35,0.35,0.35
13.778,0.35,0.35,0.35,0.35
13.78,0.35,0.35,0.35,0.35
13.782,0.35,0.35,0.35,0.35
13.784,0.35,0.35,0.35,0.35
13.786,0.35,0.35,0.35,0.35
13.788,0.35,0.35,0.35,0.35
13.79,0.35,0.35,0.35,0.35
13.792,0.35,0.35,0.35,0.35
13.794,0.35,0.35,0.35,0.35
13.796,0.35,0.35,0.35,0.35
13.798,0.35,0.35,0.35,0.35
13.8,0.35,0.35,0.35,0.35
13.802,0.35,0.35,0.35,0.35
13.804,0.35,0.35,0.35,0.35
13.806,0.35,0.35,0.35,0.35
13.808,0.35,0.35,0.35,0.35
13.81,0.35,0.35,0.35,0.35
13.812,0.35,0.35,0.35,0.35
13.814,0.35,0.35,0.35,0.35
13.816,0.35,0.35,0.35,0.35
13.818,0.35,0.35,0.35,0.35
13.82,0.35,0.35,0.35,0.35
13.822,0.35,0.35,0.35,0.35
13.824,0.35,0.35,0.35,0.35
13.826,0.35,0.35,0.35,0.35
13.828,0.35,0.35,0.35,0.35
13.83,0.35,0.35,0.35,0.35
13.832,0.35,0.35,0.35,0.35
13.834,0.35,0.35,0.35,0.35
13.836,0.35,0.35,0.35,0.35
13.838,0.35,0.35,0.35,0.35
13.84,0.35,0.35,0.35,0.35
13.842,0.35,0.35,0.35,0.35
13.844,0.35,0.35,0.35,0.35
13.846,0.35,0.35,0.35,0.35
13.848,0.35,0.35,0.35,0.35
13.85,0.35,0.35,0.35,0.35
13.852,0.35,0.35,0.35,0.35
13.854,0.35,0.35,0.35,0.35
13.856,0.35,0.35,0.35,0.35
13.858,0.35,0.35,0.35,0.35
13.86,0.35,0.35,0.35,0.35
13.862,0.35,0.35,0.35,0.35
13.864,0.35,0.35,0.35,0.35
13.866,0.35,0.35,0.35,0.35
13.868,0.35,0.35,0.35,0.35
13.87,0.35,0.35,0.35,0.35
13.872,0.35,0.35,0.35,0.35
13.874,0.35,0.35,0.35,0.35
13.876,0.35,0.35,0.35,0.35
13.878,0.35,0.35,0.35,0.35
13.88,0.35,0.35,0.35,0.35
13.882,0.35,0.35,0.35,0.35
13.884,0.35,0.35,0.35,0.35
13.886,0.35,0.35,0.35,0.35
13.888,0.35,0.35,0.35,0.35
13.89,0.35,0.35,0.35,0.35
13.892,0.35,0.35,0.35,0.35
13.894,0.35,0.35,0.35,0.35
13.896,0.35,0.35,0.35,0.35
13.898,0.35,0.35,0.35,0.35
13.9,0.35,0.35,0.35,0.35
13.902,0.35,0.35,0.35,0.35
13.904,0.35,0.35,0.35,0.35
13.906,0.35,0.35,0.35,0.35
13.908,0.35,0.35,0.35,0.35
13.91,0.35,0.35,0.35,0.35
13.912,0.35,0.35,0.35,0.35
13.914,0.35,0.35,0.35,0.35
13.916,0.35,0.35,0.35,0.35
13.918,0.35,0.35,0.35,0.35
13.92,0.35,0.35,0.35,0.35
13.922,0.35,0.35,0.35,0.35
13.924,0.35,0.35,0.35,0.35
13.926,0.35,0.35,0.35,0.35
13.928,0.35,0.35,0.35,0.35
13.93,0.35,0.35,0.35,0.35
13.932,0.35,0.35,0.35,0.35
13.934,0.35,0.35,0.35,0.35
13.936,0.35,0.35,0.35,0.35
13.938,0.35,0.35,0.35,0.35
13.94,0.35,0.35,0.35,0.35
13.942,0.35,0.35,0.35,0.35
13.944,0.35,0.35,0.35,0.35
13.946,0.35,0.35,0.35,0.35
13.948,0.35,0.35,0.35,0.35
13.95,0.35,0.35,0.35,0.35
13.952,0.35,0.35,0.35,0.35
13.954,0.35,0.35,0.35,0.35
13.956,0.35,0.35,0.35,0.35
13.958,0.35,0.35,0.35,0.35
13.96,0.35,0.35,0.35,0.35
13.962,0.35,0.35,0.35,0.35
13.964,0.35,0.35,0.35,0.35
13.966,0.35,0.35,0.35,0.35
13.968,0.35,0.35,0.35,0.35
13.97,0.35,0.35,0.35,0.35
13.972,0.35,0.35,0.35,0.35
13.974,0.35,0.35,0.35,0.35
13.976,0.35,0.35,0.35,0.35
13.978,0.35,0.35,0.35,0.35
13.98,0.35,0.35,0.35,0.35
13.982,0.35,0.35,0.35,0.35
13.984,0.35,0.35,0.35,0.35
13.986,0.35,0.35,0.35,0.35
13.988,0.35,0.35,0.35,0.35
13.99,0.35,0.35,0.35,0.35
13.992,0.35,0.35,0.35,0.35
13.994,0.35,0.35,0.35,0.35
13.996,0.35,0.35,0.35,0.35
13.998,0.35,0.35,0.35,0.35
14.0,0.35,0.35,0.35,0.35
14.002,0.35,0.35,0.35,0.35
14.004,0.35,0.35,0.35,0.35
14.006,0.35,0.35,0.35,0.35
14.008,0.35,0.35,0.35,0.35
14.01,0.35,0.35,0.35,0.35
14.012,0.35,0.35,0.35,0.35
14.014,0.35,0.35,0.35,0.35
14.016,0.35,0.35,0.35,0.35
14.018,0.35,0.35,0.35,0.35
14.02,0.35,0.35,0.35,0.35
14.022,0.35,0.35,0.35,0.35
14.024,0.35,0.35,0.35,0.35
14.026,0.35,0.35,0.35,0.35
14.028,0.35,0.35,0.35,0.35
14.03,0.35,0.35,0.35,0.35
14.032,0.35,0.35,0.35,0.35
14.034,0.35,0.35,0.35,0.35
14.036,0.35,0.35,0.35,0.35
14.038,0.35,0.35,0.35,0.35
14.04,0.35,0.35,0.35,0.35
14.042,0.35,0.35,0.35,0.35
14.044,0.35,0.35,0.35,0.35
14.046,0.35,0.35,0.35,0.35
14.048,0.35,0.35,0.35,0.35
14.05,0.35,0.35,0.35,0.35
14.052,0.35,0.35,0.35,0.35
14.054,0.35,0.35,0.35,0.35
14.056,0.35,0.35,0.35,0.35
14.058,0.35,0.35,0.35,0.35
14.06,0.35,0.35,0.35,0.35
14.062,0.35,0.35,0.35,0.35
14.064,0.35,0.35,0.35,0.35
14.066,0.35,0.35,0.35,0.35
14.068,0.35,0.35,0.35,0.35
14.07,0.35,0.35,0.35,0.35
14.072,0.35,0.35,0.35,0.35
14.074,0.35,0.35,0.35,0.35
14.076,0.35,0.35,0.35,0.35
14.078,0.35,0.35,0.35,0.35
14.08,0.35,0.35,0.35,0.35
14.082,0.35,0.35,0.35,0.35
14.084,0.35,0.35,0.35,0.35
14.086,0.35,0.35,0.35,0.35
14.088,0.35,0.35,0.35,0.35
14.09,0.35,0.35,0.35,0.35
14.092,0.35,0.35,0.35,0.35
14.094,0.35,0.35,0.35,0.35
14.096,0.35,0.35,0.35,0.35
14.098,0.35,0.35,0.35,0.35
14.1,0.35,0.35,0.35,0.35
14.102,0.35,0.35,0.35,0.35
14.104,0.35,0.35,0.35,0.35
14.106,0.35,0.35,0.35,0.35
14.108,0.35,0.35,0.35,0.35
14.11,0.35,0.35,0.35,0.35
14.112,0.35,0.35,0.35,0.35
14.114,0.35,0.35,0.35,0.35
14.116,0.35,0.35,0.35,0.35
14.118,0.35,0.35,0.35,0.35
14.12,0.35,0.35,0.35,0.35
14.122,0.35,0.35,0.35,0.35
14.124,0.35,0.35,0.35,0.35
14.126,0.35,0.35,0.35,0.35
14.128,0.35,0.35,0.35,0.35
14.13,0.35,0.35,0.35,0.35
14.132,0.35,0.35,0.35,0.35
14.134,0.35,0.35,0.35,0.35
14.136,0.35,0.35,0.35,0.35
14.138,0.35,0.35,0.35,0.35
14.14,0.35,0.35,0.35,0.35
14.142,0.35,0.35,0.35,0.35
14.144,0.35,0.35,0.35,0.35
14.146,0.35,0.35,0.35,0.35
14.148,0.35,0.35,0.35,0.35
14.15,0.35,0.35,0.35,0.35
14.152,0.35,0.35,0.35,0.35
14.154,0.35,0.35,0.35,0.35
14.156,0.35,0.35,0.35,0.35
14.158,0.35,0.35,0.35,0.35
14.16,0.35,0.35,0.35,0.35
14.162,0.35,0.35,0.35,0.35
14.164,0.35,0.35,0.35,0.35
14.166,0.35,0.35,0.35,0.35
14.168,0.35,0.35,0.35,0.35
14.17,0.35,0.35,0.35,0.35
14.172,0.35,0.35,0.35,0.35
14.174,0.35,0.35,0.35,0.35
14.176,0.35,0.35,0.35,0.35
14.178,0.35,0.35,0.35,0.35
14.18,0.35,0.35,0.35,0.35
14.182,0.35,0.35,0.35,0.35
14.184,0.35,0.35,0.35,0.35
14.186,0.35,0.35,0.35,0.35
14.188,0.35,0.35,0.35,0.35
14.19,0.35,0.35,0.35,0.35
14.192,0.35,0.35,0.35,0.35
14.194,0.35,0.35,0.35,0.35
14.196,0.35,0.35,0.35,0.35
14.198,0.35,0.35,0.35,0.35
14.2,0.35,0.35,0.35,0.35
14.202,0.35,0.35,0.35,0.35
14.204,0.35,0.35,0.35,0.35
14.206,0.35,0.35,0.35,0.35
14.208,0.35,0.35,0.35,0.35
14.21,0.35,0.35,0.35,0.35
14.212,0.35,0.35,0.35,0.35
14.214,0.35,0.35,0.35,0.35
14.216,0.35,0.35,0.35,0.35
14.218,0.35,0.35,0.35,0.35
14.22,0.35,0.35,0.35,0.35
14.222,0.35,0.35,0.35,0.35
14.224,0.35,0.35,0.35,0.35
14.226,0.35,0.35,0.35,0.35
14.228,0.35,0.35,0.35,0.35
14.23,0.35,0.35,0.35,0.35
14.232,0.35,0.35,0.35,0.35
14.234,0.35,0.35,0.35,0.35
14.236,0.35,0.35,0.35,0.35
14.238,0.35,0.35,0.35,0.35
14.24,0.35,0.35,0.35,0.35
14.242,0.35,0.35,0.35,0.35
14.244,0.35,0.35,0.35,0.35
14.246,0.35,0.35,0.35,0.35
14.248,0.35,0.35,0.35,0.35
14.25,0.35,0.35,0.35,0.35
14.252,0.35,0.35,0.35,0.35
14.254,0.35,0.35,0.35,0.35
14.256,0.35,0.35,0.35,0.35
14.258,0.35,0.35,0.35,0.35
14.26,0.35,0.35,0.35,0.35
14.262,0.35,0.35,0.35,0.35
14.264,0.35,0.35,0.35,0.35
14.266,0.35,0.35,0.35,0.35
14.268,0.35,0.35,0.35,0.35
14.27,0.35,0.35,0.35,0.35
14.272,0.35,0.35,0.35,0.35
14.274,0.35,0.35,0.35,0.35
14.276,0.35,0.35,0.35,0.35
14.278,0.35,0.35,0.35,0.35
14.28,0.35,0.35,0.35,0.35
14.282,0.35,0.35,0.35,0.35
14.284,0.35,0.35,0.35,0.35
14.286,0.35,0.35,0.35,0.35
14.288,0.35,0.35,0.35,0.35
14.29,0.35,0.35,0.35,0.35
14.292,0.35,0.35,0.35,0.35
14.294,0.35,0.35,0.35,0.35
14.296,0.35,0.35,0.35,0.35
14.298,0.35,0.35,0.35,0.35
14.3,0.35,0.35,0.35,0.35
14.302,0.35,0.35,0.35,0.35
14.304,0.35,0.35,0.35,0.35
14.306,0.35,0.35,0.35,0.35
14.308,0.35,0.35,0.35,0.35
14.31,0.35,0.35,0.35,0.35
14.312,0.35,0.35,0.35,0.35
14.314,0.35,0.35,0.35,0.35
14.316,0.35,0.35,0.35,0.35
14.318,0.35,0.35,0.35,0.35
14.32,0.35,0.35,0.35,0.35
14.322,0.35,0.35,0.35,0.35
14.324,0.35,0.35,0.35,0.35
14.326,0.35,0.35,0.35,0.35
14.328,0.35,0.35,0.35,0.35
14.33,0.35,0.35,0.35,0.35
14.332,0.35,0.35,0.35,0.35
14.334,0.35,0.35,0.35,0.35
14.336,0.35,0.35,0.35,0.35
14.338,0.35,0.35,0.35,0.35
14.34,0.35,0.35,0.35,0.35
14.342,0.35,0.35,0.35,0.35
14.344,0.35,0.35,0.35,0.35
14.346,0.35,0.35,0.35,0.35
14.348,0.35,0.35,0.35,0.35
14.35,0.35,0.35,0.35,0.35
14.352,0.35,0.35,0.35,0.35
14.354,0.35,0.35,0.35,0.35
14.356,0.35,0.35,0.35,0.35
14.358,0.35,0.35,0.35,0.35
14.36,0.35,0.35,0.35,0.35
14.362,0.35,0.35,0.35,0.35
14.364,0.35,0.35,0.35,0.35
14.366,0.35,0.35,0.35,0.35
14.368,0.35,0.35,0.35,0.35
14.37,0.35,0.35,0.35,0.35
14.372,0.35,0.35,0.35,0.35
14.374,0.35,0.35,0.35,0.35
14.376,0.35,0.35,0.35,0.35
14.378,0.35,0.35,0.35,0.35
14.38,0.35,0.35,0.35,0.35
14.382,0.35,0.35,0.35,0.35
14.384,0.35,0.35,0.35,0.35
14.386,0.35,0.35,0.35,0.35
14.388,0.35,0.35,0.35,0.35
14.39,0.35,0.35,0.35,0.35
14.392,0.35,0.35,0.35,0.35
14.394,0.35,0.35,0.35,0.35
14.396,0.35,0.35,0.35,0.35
14.398,0.35,0.35,0.35,0.35
14.4,0.35,0.35,0.35,0.35
14.402,0.35,0.35,0.35,0.35
14.404,0.35,0.35,0.35,0.35
14.406,0.35,0.35,0.35,0.35
14.408,0.35,0.35,0.35,0.35
14.41,0.35,0.35,0.35,0.35
14.412,0.35,0.35,0.35,0.35
14.414,0.35,0.35,0.35,0.35
14.416,0.35,0.35,0.35,0.35
14.418,0.35,0.35,0.35,0.35
14.42,0.35,0.35,0.35,0.35
14.422,0.35,0.35,0.35,0.35
14.424,0.35,0.35,0.35,0.35
14.426,0.35,0.35,0.35,0.35
14.428,0.35,0.35,0.35,0.35
14.43,0.35,0.35,0.35,0.35
14.432,0.35,0.35,0.35,0.35
14.434,0.35,0.35,0.35,0.35
14.436,0.35,0.35,0.35,0.35
14.438,0.35,0.35,0.35,0.35
14.44,0.35,0.35,0.35,0.35
14.442,0.35,0.35,0.35,0.35
14.444,0.35,0.35,0.35,0.35
14.446,0.35,0.35,0.35,0.35
14.448,0.35,0.35,0.35,0.35
14.45,0.35,0.35,0.35,0.35
14.452,0.35,0.35,0.35,0.35
14.454,0.35,0.35,0.35,0.35
14.456,0.35,0.35,0.35,0.35
14.458,0.35,0.35,0.35,0.35
14.46,0.35,0.35,0.35,0.35
14.462,0.35,0.35,0.35,0.35
14.464,0.35,0.35,0.35,0.35
14.466,0.35,0.35,0.35,0.35
14.468,0.35,0.35,0.35,0.35
14.47,0.35,0.35,0.35,0.35
14.472,0.35,0.35,0.35,0.35
14.474,0.35,0.35,0.35,0.35
14.476,0.35,0.35,0.35,0.35
14.478,0.35,0.35,0.35,0.35
14.48,0.35,0.35,0.35,0.35
14.482,0.35,0.35,0.35,0.35
14.484,0.35,0.35,0.35,0.35
14.486,0.35,0.35,0.35,0.35
14.488,0.35,0.35,0.35,0.35
14.49,0.35,0.35,0.35,0.35
14.492,0.35,0.35,0.35,0.35
14.494,0.35,0.35,0.35,0.35
14.496,0.35,0.35,0.35,0.35
14.498,0.35,0.35,0.35,0.35
14.5,0.35,0.35,0.35,0.35
14.502,0.35,0.35,0.35,0.35
14.504,0.35,0.35,0.35,0.35
14.506,0.35,0.35,0.35,0.35
14.508,0.35,0.35,0.35,0.35
14.51,0.35,0.35,0.35,0.35
14.512,0.35,0.35,0.35,0.35
14.514,0.35,0.35,0.35,0.35
14.516,0.35,0.35,0.35,0.35
14.518,0.35,0.35,0.35,0.35
14.52,0.35,0.35,0.35,0.35
14.522,0.35,0.35,0.35,0.35
14.524,0.35,0.35,0.35,0.35
14.526,0.35,0.35,0.35,0.35
14.528,0.35,0.35,0.35,0.35
14.53,0.35,0.35,0.35,0.35
14.532,0.35,0.35,0.35,0.35
14.534,0.35,0.35,0.35,0.35
14.536,0.35,0.35,0.35,0.35
14.538,0.35,0.35,0.35,0.35
14.54,0.35,0.35,0.35,0.35
14.542,0.35,0.35,0.35,0.35
14.544,0.35,0.35,0.35,0.35
14.546,0.35,0.35,0.35,0.35
14.548,0.35,0.35,0.35,0.35
14.55,0.35,0.35,0.35,0.35
14.552,0.35,0.35,0.35,0.35
14.554,0.35,0.35,0.35,0.35
14.556,0.35,0.35,0.35,0.35
14.558,0.35,0.35,0.35,0.35
14.56,0.35,0.35,0.35,0.35
14.562,0.35,0.35,0.35,0.35
14.564,0.35,0.35,0.35,0.35
14.566,0.35,0.35,0.35,0.35
14.568,0.35,0.35,0.35,0.35
14.57,0.35,0.35,0.35,0.35
14.572,0.35,0.35,0.35,0.35
14.574,0.35,0.35,0.35,0.35
14.576,0.35,0.35,0.35,0.35
14.578,0.35,0.35,0.35,0.35
14.58,0.35,0.35,0.35,0.35
14.582,0.35,0.35,0.35,0.35
14.584,0.35,0.35,0.35,0.35
14.586,0.35,0.35,0.35,0.35
14.588,0.35,0.35,0.35,0.35
14.59,0.35,0.35,0.35,0.35
14.592,0.35,0.35,0.35,0.35
14.594,0.35,0.35,0.35,0.35
14.596,0.35,0.35,0.35,0.35
14.598,0.35,0.35,0.35,0.35
14.6,0.35,0.35,0.35,0.35
14.602,0.35,0.35,0.35,0.35
14.604,0.35,0.35,0.35,0.35
14.606,0.35,0.35,0.35,0.35
14.608,0.35,0.35,0.35,0.35
14.61,0.35,0.35,0.35,0.35
14.612,0.35,0.35,0.35,0.35
14.614,0.35,0.35,0.35,0.35
14.616,0.35,0.35,0.35,0.35
14.618,0.35,0.35,0.35,0.35
14.62,0.35,0.35,0.35,0.35
14.622,0.35,0.35,0.35,0.35
14.624,0.35,0.35,0.35,0.35
14.626,0.35,0.35,0.35,0.35
14.628,0.35,0.35,0.35,0.35
14.63,0.35,0.35,0.35,0.35
14.632,0.35,0.35,0.35,0.35
14.634,0.35,0.35,0.35,0.35
14.636,0.35,0.35,0.35,0.35
14.638,0.35,0.35,0.35,0.35
14.64,0.35,0.35,0.35,0.35
14.642,0.35,0.35,0.35,0.35
14.644,0.35,0.35,0.35,0.35
14.646,0.35,0.35,0.35,0.35
14.648,0.35,0.35,0.35,0.35
14.65,0.35,0.35,0.35,0.35
14.652,0.35,0.35,0.35,0.35
14.654,0.35,0.35,0.35,0.35
14.656,0.35,0.35,0.35,0.35
14.658,0.35,0.35,0.35,0.35
14.66,0.35,0.35,0.35,0.35
14.662,0.35,0.35,0.35,0.35
14.664,0.35,0.35,0.35,0.35
14.666,0.35,0.35,0.35,0.35
14.668,0.35,0.35,0.35,0.35
14.67,0.35,0.35,0.35,0.35
14.672,0.35,0.35,0.35,0.35
14.674,0.35,0.35,0.35,0.35
14.676,0.35,0.35,0.35,0.35
14.678,0.35,0.35,0.35,0.35
14.68,0.35,0.35,0.35,0.35
14.682,0.35,0.35,0.35,0.35
14.684,0.35,0.35,0.35,0.35
14.686,0.35,0.35,0.35,0.35
14.688,0.35,0.35,0.35,0.35
14.69,0.35,0.35,0.35,0.35
14.692,0.35,0.35,0.35,0.35
14.694,0.35,0.35,0.35,0.35
14.696,0.35,0.35,0.35,0.35
14.698,0.35,0.35,0.35,0.35
14.7,0.35,0.35,0.35,0.35
14.702,0.35,0.35,0.35,0.35
14.704,0.35,0.35,0.35,0.35
14.706,0.35,0.35,0.35,0.35
14.708,0.35,0.35,0.35,0.35
14.71,0.35,0.35,0.35,0.35
14.712,0.35,0.35,0.35,0.35
14.714,0.35,0.35,0.35,0.35
14.716,0.35,0.35,0.35,0.35
14.718,0.35,0.35,0.35,0.35
14.72,0.35,0.35,0.35,0.35
14.722,0.35,0.35,0.35,0.35
14.724,0.35,0.35,0.35,0.35
14.726,0.35,0.35,0.35,0.35
14.728,0.35,0.35,0.35,0.35
14.73,0.35,0.35,0.35,0.35
14.732,0.35,0.35,0.35,0.35
14.734,0.35,0.35,0.35,0.35
14.736,0.35,0.35,0.35,0.35
14.738,0.35,0.35,0.35,0.35
14.74,0.35,0.35,0.35,0.35
14.742,0.35,0.35,0.35,0.35
14.744,0.35,0.35,0.35,0.35
14.746,0.35,0.35,0.35,0.35
14.748,0.35,0.35,0.35,0.35
14.75,0.35,0.35,0.35,0.35
14.752,0.35,0.35,0.35,0.35
14.754,0.35,0.35,0.35,0.35
14.756,0.35,0.35,0.35,0.35
14.758,0.35,0.35,0.35,0.35
14.76,0.35,0.35,0.35,0.35
14.762,0.35,0.35,0.35,0.35
14.764,0.35,0.35,0.35,0.35
14.766,0.35,0.35,0.35,0.35
14.768,0.35,0.35,0.35,0.35
14.77,0.35,0.35,0.35,0.35
14.772,0.35,0.35,0.35,0.35
14.774,0.35,0.35,0.35,0.35
14.776,0.35,0.35,0.35,0.35
14.778,0.35,0.35,0.35,0.35
14.78,0.35,0.35,0.35,0.35
14.782,0.35,0.35,0.35,0.35
14.784,0.35,0.35,0.35,0.35
14.786,0.35,0.35,0.35,0.35
14.788,0.35,0.35,0.35,0.35
14.79,0.35,0.35,0.35,0.35
14.792,0.35,0.35,0.35,0.35
14.794,0.35,0.35,0.35,0.35
14.796,0.35,0.35,0.35,0.35
14.798,0.35,0.35,0.35,0.35
14.8,0.35,0.35,0.35,0.35
14.802,0.35,0.35,0.35,0.35
14.804,0.35,0.35,0.35,0.35
14.806,0.35,0.35,0.35,0.35
14.808,0.35,0.35,0.35,0.35
14.81,0.35,0.35,0.35,0.35
14.812,0.35,0.35,0.35,0.35
14.814,0.35,0.35,0.35,0.35
14.816,0.35,0.35,0.35,0.35
14.818,0.35,0.35,0.35,0.35
14.82,0.35,0.35,0.35,0.35
14.822,0.35,0.35,0.35,0.35
14.824,0.35,0.35,0.35,0.35
14.826,0.35,0.35,0.35,0.35
14.828,0.35,0.35,0.35,0.35
14.83,0.35,0.35,0.35,0.35
14.832,0.35,0.35,0.35,0.35
14.834,0.35,0.35,0.35,0.35
14.836,0.35,0.35,0.35,0.35
14.838,0.35,0.35,0.35,0.35
14.84,0.35,0.35,0.35,0.35
14.842,0.35,0.35,0.35,0.35
14.844,0.35,0.35,0.35,0.35
14.846,0.35,0.35,0.35,0.35
14.848,0.35,0.35,0.35,0.35
14.85,0.35,0.35,0.35,0.35
14.852,0.35,0.35,0.35,0.35
14.854,0.35,0.35,0.35,0.35
14.856,0.35,0.35,0.35,0.35
14.858,0.35,0.35,0.35,0.35
14.86,0.35,0.35,0.35,0.35
14.862,0.35,0.35,0.35,0.35
14.864,0.35,0.35,0.35,0.35
14.866,0.35,0.35,0.35,0.35
14.868,0.35,0.35,0.35,0.35
14.87,0.35,0.35,0.35,0.35
14.872,0.35,0.35,0.35,0.35
14.874,0.35,0.35,0.35,0.35
14.876,0.35,0.35,0.35,0.35
14.878,0.35,0.35,0.35,0.35
14.88,0.35,0.35,0.35,0.35
14.882,0.35,0.35,0.35,0.35
14.884,0.35,0.35,0.35,0.35
14.886,0.35,0.35,0.35,0.35
14.888,0.35,0.35,0.35,0.35
14.89,0.35,0.35,0.35,0.35
14.892,0.35,0.35,0.35,0.35
14.894,0.35,0.35,0.35,0.35
14.896,0.35,0.35,0.35,0.35
14.898,0.35,0.35,0.35,0.35
14.9,0.35,0.35,0.35,0.35
14.902,0.35,0.35,0.35,0.35
14.904,0.35,0.35,0.35,0.35
14.906,0.35,0.35,0.35,0.35
14.908,0.35,0.35,0.35,0.35
14.91,0.35,0.35,0.35,0.35
14.912,0.35,0.35,0.35,0.35
14.914,0.35,0.35,0.35,0.35
14.916,0.35,0.35,0.35,0.35
14.918,0.35,0.35,0.35,0.35
14.92,0.35,0.35,0.35,0.35
14.922,0.35,0.35,0.35,0.35
14.924,0.35,0.35,0.35,0.35
14.926,0.35,0.35,0.35,0.35
14.928,0.35,0.35,0.35,0.35
14.93,0.35,0.35,0.35,0.35
14.932,0.35,0.35,0.35,0.35
14.934,0.35,0.35,0.35,0.35
14.936,0.35,0.35,0.35,0.35
14.938,0.35,0.35,0.35,0.35
14.94,0.35,0.35,0.35,0.35
14.942,0.35,0.35,0.35,0.35
14.944,0.35,0.35,0.35,0.35
14.946,0.35,0.35,0.35,0.35
14.948,0.35,0.35,0.35,0.35
14.95,0.35,0.35,0.35,0.35
14.952,0.35,0.35,0.35,0.35
14.954,0.35,0.35,0.35,0.35
14.956,0.35,0.35,0.35,0.35
14.958,0.35,0.35,0.35,0.35
14.96,0.35,0.35,0.35,0.35
14.962,0.35,0.35,0.35,0.35
14.964,0.35,0.35,0.35,0.35
14.966,0.35,0.35,0.35,0.35
14.968,0.35,0.35,0.35,0.35
14.97,0.35,0.35,0.35,0.35
14.972,0.35,0.35,0.35,0.35
14.974,0.35,0.35,0.35,0.35
14.976,0.35,0.35,0.35,0.35
14.978,0.35,0.35,0.35,0.35
14.98,0.35,0.35,0.35,0.35
14.982,0.35,0.35,0.35,0.35
14.984,0.35,0.35,0.35,0.35
14.986,0.35,0.35,0.35,0.35
14.988,0.35,0.35,0.35,0.35
14.99,0.35,0.35,0.35,0.35
14.992,0.35,0.35,0.35,0.35
14.994,0.35,0.35,0.35,0.35
14.996,0.35,0.35,0.35,0.35
14.998,0.35,0.35,0.35,0.35
15.0,0.35,0.35,0.35,0.35
15.002,0.35,0.35,0.35,0.35
15.004,0.35,0.35,0.35,0.35
15.006,0.35,0.35,0.35,0.35
15.008,0.35,0.35,0.35,0.35
15.01,0.35,0.35,0.35,0.35
15.012,0.35,0.35,0.35,0.35
15.014,0.35,0.35,0.35,0.35
15.016,0.35,0.35,0.35,0.35
15.018,0.35,0.35,0.35,0.35
15.02,0.35,0.35,0.35,0.35
15.022,0.35,0.35,0.35,0.35
15.024,0.35,0.35,0.35,0.35
15.026,0.35,0.35,0.35,0.35
15.028,0.35,0.35,0.35,0.35
15.03,0.35,0.35,0.35,0.35
15.032,0.35,0.35,0.35,0.35
15.034,0.35,0.35,0.35,0.35
15.036,0.35,0.35,0.35,0.35
15.038,0.35,0.35,0.35,0.35
15.04,0.35,0.35,0.35,0.35
15.042,0.35,0.35,0.35,0.35
15.044,0.35,0.35,0.35,0.35
15.046,0.35,0.35,0.35,0.35
15.048,0.35,0.35,0.35,0.35
15.05,0.35,0.35,0.35,0.35
15.052,0.35,0.35,0.35,0.35
15.054,0.35,0.35,0.35,0.35
15.056,0.35,0.35,0.35,0.35
15.058,0.35,0.35,0.35,0.35
15.06,0.35,0.35,0.35,0.35
15.062,0.35,0.35,0.35,0.35
15.064,0.35,0.35,0.35,0.35
15.066,0.35,0.35,0.35,0.35
15.068,0.35,0.35,0.35,0.35
15.07,0.35,0.35,0.35,0.35
15.072,0.35,0.35,0.35,0.35
15.074,0.35,0.35,0.35,0.35
15.076,0.35,0.35,0.35,0.35
15.078,0.35,0.35,0.35,0.35
15.08,0.35,0.35,0.35,0.35
15.082,0.35,0.35,0.35,0.35
15.084,0.35,0.35,0.35,0.35
15.086,0.35,0.35,0.35,0.35
15.088,0.35,0.35,0.35,0.35
15.09,0.35,0.35,0.35,0.35
15.092,0.35,0.35,0.35,0.35
15.094,0.35,0.35,0.35,0.35
15.096,0.35,0.35,0.35,0.35
15.098,0.35,0.35,0.35,0.35
15.1,0.35,0.35,0.35,0.35
15.102,0.35,0.35,0.35,0.35
15.104,0.35,0.35,0.35,0.35
15.106,0.35,0.35,0.35,0.35
15.108,0.35,0.35,0.35,0.35
15.11,0.35,0.35,0.35,0.35
15.112,0.35,0.35,0.35,0.35
15.114,0.35,0.35,0.35,0.35
15.116,0.35,0.35,0.35,0.35
15.118,0.35,0.35,0.35,0.35
15.12,0.35,0.35,0.35,0.35
15.122,0.35,0.35,0.35,0.35
15.124,0.35,0.35,0.35,0.35
15.126,0.35,0.35,0.35,0.35
15.128,0.35,0.35,0.35,0.35
15.13,0.35,0.35,0.35,0.35
15.132,0.35,0.35,0.35,0.35
15.134,0.35,0.35,0.35,0.35
15.136,0.35,0.35,0.35,0.35
15.138,0.35,0.35,0.35,0.35
15.14,0.35,0.35,0.35,0.35
15.142,0.35,0.35,0.35,0.35
15.144,0.35,0.35,0.35,0.35
15.146,0.35,0.35,0.35,0.35
15.148,0.35,0.35,0.35,0.35
15.15,0.35,0.35,0.35,0.35
15.152,0.35,0.35,0.35,0.35
15.154,0.35,0.35,0.35,0.35
15.156,0.35,0.35,0.35,0.35
15.158,0.35,0.35,0.35,0.35
15.16,0.35,0.35,0.35,0.35
15.162,0.35,0.35,0.35,0.35
15.164,0.35,0.35,0.35,0.35
15.166,0.35,0.35,0.35,0.35
15.168,0.35,0.35,0.35,0.35
15.17,0.35,0.35,0.35,0.35
15.172,0.35,0.35,0.35,0.35
15.174,0.35,0.35,0.35,0.35
15.176,0.35,0.35,0.35,0.35
15.178,0.35,0.35,0.35,0.35
15.18,0.35,0.35,0.35,0.35
15.182,0.35,0.35,0.35,0.35
15.184,0.35,0.35,0.35,0.35
15.186,0.35,0.35,0.35,0.35
15.188,0.35,0.35,0.35,0.35
15.19,0.35,0.35,0.35,0.35
15.192,0.35,0.35,0.35,0.35
15.194,0.35,0.35,0.35,0.35
15.196,0.35,0.35,0.35,0.35
15.198,0.35,0.35,0.35,0.35
15.2,0.35,0.35,0.35,0.35
15.202,0.35,0.35,0.35,0.35
15.204,0.35,0.35,0.35,0.35
15.206,0.35,0.35,0.35,0.35
15.208,0.35,0.35,0.35,0.35
15.21,0.35,0.35,0.35,0.35
15.212,0.35,0.35,0.35,0.35
15.214,0.35,0.35,0.35,0.35
15.216,0.35,0.35,0.35,0.35
15.218,0.35,0.35,0.35,0.35
15.22,0.35,0.35,0.35,0.35
15.222,0.35,0.35,0.35,0.35
15.224,0.35,0.35,0.35,0.35
15.226,0.35,0.35,0.35,0.35
15.228,0.35,0.35,0.35,0.35
15.23,0.35,0.35,0.35,0.35
15.232,0.35,0.35,0.35,0.35
15.234,0.35,0.35,0.35,0.35
15.236,0.35,0.35,0.35,0.35
15.238,0.35,0.35,0.35,0.35
15.24,0.35,0.35,0.35,0.35
15.242,0.35,0.35,0.35,0.35
15.244,0.35,0.35,0.35,0.35
15.246,0.35,0.35,0.35,0.35
15.248,0.35,0.35,0.35,0.35
15.25,0.35,0.35,0.35,0.35
15.252,0.35,0.35,0.35,0.35
15.254,0.35,0.35,0.35,0.35
15.256,0.35,0.35,0.35,0.35
15.258,0.35,0.35,0.35,0.35
15.26,0.35,0.35,0.35,0.35
15.262,0.35,0.35,0.35,0.35
15.264,0.35,0.35,0.35,0.35
15.266,0.35,0.35,0.35,0.35
15.268,0.35,0.35,0.35,0.35
15.27,0.35,0.35,0.35,0.35
15.272,0.35,0.35,0.35,0.35
15.274,0.35,0.35,0.35,0.35
15.276,0.35,0.35,0.35,0.35
15.278,0.35,0.35,0.35,0.35
15.28,0.35,0.35,0.35,0.35
15.282,0.35,0.35,0.35,0.35
15.284,0.35,0.35,0.35,0.35
15.286,0.35,0.35,0.35,0.35
15.288,0.35,0.35,0.35,0.35
15.29,0.35,0.35,0.35,0.35
15.292,0.35,0.35,0.35,0.35
15.294,0.35,0.35,0.35,0.35
15.296,0.35,0.35,0.35,0.35
15.298,0.35,0.35,0.35,0.35
15.3,0.35,0.35,0.35,0.35
15.302,0.35,0.35,0.35,0.35
15.304,0.35,0.35,0.35,0.35
15.306,0.35,0.35,0.35,0.35
15.308,0.35,0.35,0.35,0.35
15.31,0.35,0.35,0.35,0.35
15.312,0.35,0.35,0.35,0.35
15.314,0.35,0.35,0.35,0.35
15.316,0.35,0.35,0.35,0.35
15.318,0.35,0.35,0.35,0.35
15.32,0.35,0.35,0.35,0.35
15.322,0.35,0.35,0.35,0.35
15.324,0.35,0.35,0.35,0.35
15.326,0.35,0.35,0.35,0.35
15.328,0.35,0.35,0.35,0.35
15.33,0.35,0.35,0.35,0.35
15.332,0.35,0.35,0.35,0.35
15.334,0.35,0.35,0.35,0.35
15.336,0.35,0.35,0.35,0.35
15.338,0.35,0.35,0.35,0.35
15.34,0.35,0.35,0.35,0.35
15.342,0.35,0.35,0.35,0.35
15.344,0.35,0.35,0.35,0.35
15.346,0.35,0.35,0.35,0.35
15.348,0.35,0.35,0.35,0.35
15.35,0.35,0.35,0.35,0.35
15.352,0.35,0.35,0.35,0.35
15.354,0.35,0.35,0.35,0.35
15.356,0.35,0.35,0.35,0.35
15.358,0.35,0.35,0.35,0.35
15.36,0.35,0.35,0.35,0.35
15.362,0.35,0.35,0.35,0.35
15.364,0.35,0.35,0.35,0.35
15.366,0.35,0.35,0.35,0.35
15.368,0.35,0.35,0.35,0.35
15.37,0.35,0.35,0.35,0.35
15.372,0.35,0.35,0.35,0.35
15.374,0.35,0.35,0.35,0.35
15.376,0.35,0.35,0.35,0.35
15.378,0.35,0.35,0.35,0.35
15.38,0.35,0.35,0.35,0.35
15.382,0.35,0.35,0.35,0.35
15.384,0.35,0.35,0.35,0.35
15.386,0.35,0.35,0.35,0.35
15.388,0.35,0.35,0.35,0.35
15.39,0.35,0.35,0.35,0.35
15.392,0.35,0.35,0.35,0.35
15.394,0.35,0.35,0.35,0.35
15.396,0.35,0.35,0.35,0.35
15.398,0.35,0.35,0.35,0.35
15.4,0.35,0.35,0.35,0.35
15.402,0.35,0.35,0.35,0.35
15.404,0.35,0.35,0.35,0.35
15.406,0.35,0.35,0.35,0.35
15.408,0.35,0.35,0.35,0.35
15.41,0.35,0.35,0.35,0.35
15.412,0.35,0.35,0.35,0.35
15.414,0.35,0.35,0.35,0.35
15.416,0.35,0.35,0.35,0.35
15.418,0.35,0.35,0.35,0.35
15.42,0.35,0.35,0.35,0.35
15.422,0.35,0.35,0.35,0.35
15.424,0.35,0.35,0.35,0.35
15.426,0.35,0.35,0.35,0.35
15.428,0.35,0.35,0.35,0.35
15.43,0.35,0.35,0.35,0.35
15.432,0.35,0.35,0.35,0.35
15.434,0.35,0.35,0.35,0.35
15.436,0.35,0.35,0.35,0.35
15.438,0.35,0.35,0.35,0.35
15.44,0.35,0.35,0.35,0.35
15.442,0.35,0.35,0.35,0.35
15.444,0.35,0.35,0.35,0.35
15.446,0.35,0.35,0.35,0.35
15.448,0.35,0.35,0.35,0.35
15.45,0.35,0.35,0.35,0.35
15.452,0.35,0.35,0.35,0.35
15.454,0.35,0.35,0.35,0.35
15.456,0.35,0.35,0.35,0.35
15.458,0.35,0.35,0.35,0.35
15.46,0.35,0.35,0.35,0.35
15.462,0.35,0.35,0.35,0.35
15.464,0.35,0.35,0.35,0.35
15.466,0.35,0.35,0.35,0.35
15.468,0.35,0.35,0.35,0.35
15.47,0.35,0.35,0.35,0.35
15.472,0.35,0.35,0.35,0.35
15.474,0.35,0.35,0.35,0.35
15.476,0.35,0.35,0.35,0.35
15.478,0.35,0.35,0.35,0.35
15.48,0.35,0.35,0.35,0.35
15.482,0.35,0.35,0.35,0.35
15.484,0.35,0.35,0.35,0.35
15.486,0.35,0.35,0.35,0.35
15.488,0.35,0.35,0.35,0.35
15.49,0.35,0.35,0.35,0.35
15.492,0.35,0.35,0.35,0.35
15.494,0.35,0.35,0.35,0.35
15.496,0.35,0.35,0.35,0.35
15.498,0.35,0.35,0.35,0.35
15.5,0.35,0.35,0.35,0.35
15.502,0.35,0.35,0.35,0.35
15.504,0.35,0.35,0.35,0.35
15.506,0.35,0.35,0.35,0.35
15.508,0.35,0.35,0.35,0.35
15.51,0.35,0.35,0.35,0.35
15.512,0.35,0.35,0.35,0.35
15.514,0.35,0.35,0.35,0.35
15.516,0.35,0.35,0.35,0.35
15.518,0.35,0.35,0.35,0.35
15.52,0.35,0.35,0.35,0.35
15.522,0.35,0.35,0.35,0.35
15.524,0.35,0.35,0.35,0.35
15.526,0.35,0.35,0.35,0.35
15.528,0.35,0.35,0.35,0.35
15.53,0.35,0.35,0.35,0.35
15.532,0.35,0.35,0.35,0.35
15.534,0.35,0.35,0.35,0.35
15.536,0.35,0.35,0.35,0.35
15.538,0.35,0.35,0.35,0.35
15.54,0.35,0.35,0.35,0.35
15.542,0.35,0.35,0.35,0.35
15.544,0.35,0.35,0.35,0.35
15.546,0.35,0.35,0.35,0.35
15.548,0.35,0.35,0.35,0.35
15.55,0.35,0.35,0.35,0.35
15.552,0.35,0.35,0.35,0.35
15.554,0.35,0.35,0.35,0.35
15.556,0.35,0.35,0.35,0.35
15.558,0.35,0.35,0.35,0.35
15.56,0.35,0.35,0.35,0.35
15.562,0.35,0.35,0.35,0.35
15.564,0.35,0.35,0.35,0.35
15.566,0.35,0.35,0.35,0.35
15.568,0.35,0.35,0.35,0.35
15.57,0.35,0.35,0.35,0.35
15.572,0.35,0.35,0.35,0.35
15.574,0.35,0.35,0.35,0.35
15.576,0.35,0.35,0.35,0.35
15.578,0.35,0.35,0.35,0.35
15.58,0.35,0.35,0.35,0.35
15.582,0.35,0.35,0.35,0.35
15.584,0.35,0.35,0.35,0.35
15.586,0.35,0.35,0.35,0.35
15.588,0.35,0.35,0.35,0.35
15.59,0.35,0.35,0.35,0.35
15.592,0.35,0.35,0.35,0.35
15.594,0.35,0.35,0.35,0.35
15.596,0.35,0.35,0.35,0.35
15.598,0.35,0.35,0.35,0.35
15.6,0.35,0.35,0.35,0.35
15.602,0.35,0.35,0.35,0.35
15.604,0.35,0.35,0.35,0.35
15.606,0.35,0.35,0.35,0.35
15.608,0.35,0.35,0.35,0.35
15.61,0.35,0.35,0.35,0.35
15.612,0.35,0.35,0.35,0.35
15.614,0.35,0.35,0.35,0.35
15.616,0.35,0.35,0.35,0.35
15.618,0.35,0.35,0.35,0.35
15.62,0.35,0.35,0.35,0.35
15.622,0.35,0.35,0.35,0.35
15.624,0.35,0.35,0.35,0.35
15.626,0.35,0.35,0.35,0.35
15.628,0.35,0.35,0.35,0.35
15.63,0.35,0.35,0.35,0.35
15.632,0.35,0.35,0.35,0.35
15.634,0.35,0.35,0.35,0.35
15.636,0.35,0.35,0.35,0.35
15.638,0.35,0.35,0.35,0.35
15.64,0.35,0.35,0.35,0.35
15.642,0.35,0.35,0.35,0.35
15.644,0.35,0.35,0.35,0.35
15.646,0.35,0.35,0.35,0.35
15.648,0.35,0.35,0.35,0.35
15.65,0.35,0.35,0.35,0.35
15.652,0.35,0.35,0.35,0.35
15.654,0.35,0.35,0.35,0.35
15.656,0.35,0.35,0.35,0.35
15.658,0.35,0.35,0.35,0.35
15.66,0.35,0.35,0.35,0.35
15.662,0.35,0.35,0.35,0.35
15.664,0.35,0.35,0.35,0.35
15.666,0.35,0.35,0.35,0.35
15.668,0.35,0.35,0.35,0.35
15.67,0.35,0.35,0.35,0.35
15.672,0.35,0.35,0.35,0.35
15.674,0.35,0.35,0.35,0.35
15.676,0.35,0.35,0.35,0.35
15.678,0.35,0.35,0.35,0.35
15.68,0.35,0.35,0.35,0.35
15.682,0.35,0.35,0.35,0.35
15.684,0.35,0.35,0.35,0.35
15.686,0.35,0.35,0.35,0.35
15.688,0.35,0.35,0.35,0.35
15.69,0.35,0.35,0.35,0.35
15.692,0.35,0.35,0.35,0.35
15.694,0.35,0.35,0.35,0.35
15.696,0.35,0.35,0.35,0.35
15.698,0.35,0.35,0.35,0.35
15.7,0.35,0.35,0.35,0.35
15.702,0.35,0.35,0.35,0.35
15.704,0.35,0.35,0.35,0.35
15.706,0.35,0.35,0.35,0.35
15.708,0.35,0.35,0.35,0.35
15.71,0.35,0.35,0.35,0.35
15.712,0.35,0.35,0.35,0.35
15.714,0.35,0.35,0.35,0.35
15.716,0.35,0.35,0.35,0.35
15.718,0.35,0.35,0.35,0.35
15.72,0.35,0.35,0.35,0.35
15.722,0.35,0.35,0.35,0.35
15.724,0.35,0.35,0.35,0.35
15.726,0.35,0.35,0.35,0.35
15.728,0.35,0.35,0.35,0.35
15.73,0.35,0.35,0.35,0.35
15.732,0.35,0.35,0.35,0.35
15.734,0.35,0.35,0.35,0.35
15.736,0.35,0.35,0.35,0.35
15.738,0.35,0.35,0.35,0.35
15.74,0.35,0.35,0.35,0.35
15.742,0.35,0.35,0.35,0.35
15.744,0.35,0.35,0.35,0.35
15.746,0.35,0.35,0.35,0.35
15.748,0.35,0.35,0.35,0.35
15.75,0.35,0.35,0.35,0.35
15.752,0.35,0.35,0.35,0.35
15.754,0.35,0.35,0.35,0.35
15.756,0.35,0.35,0.35,0.35
15.758,0.35,0.35,0.35,0.35
15.76,0.35,0.35,0.35,0.35
15.762,0.35,0.35,0.35,0.35
15.764,0.35,0.35,0.35,0.35
15.766,0.35,0.35,0.35,0.35
15.768,0.35,0.35,0.35,0.35
15.77,0.35,0.35,0.35,0.35
15.772,0.35,0.35,0.35,0.35
15.774,0.35,0.35,0.35,0.35
15.776,0.35,0.35,0.35,0.35
15.778,0.35,0.35,0.35,0.35
15.78,0.35,0.35,0.35,0.35
15.782,0.35,0.35,0.35,0.35
15.784,0.35,0.35,0.35,0.35
15.786,0.35,0.35,0.35,0.35
15.788,0.35,0.35,0.35,0.35
15.79,0.35,0.35,0.35,0.35
15.792,0.35,0.35,0.35,0.35
15.794,0.35,0.35,0.35,0.35
15.796,0.35,0.35,0.35,0.35
15.798,0.35,0.35,0.35,0.35
15.8,0.35,0.35,0.35,0.35
15.802,0.35,0.35,0.35,0.35
15.804,0.35,0.35,0.35,0.35
15.806,0.35,0.35,0.35,0.35
15.808,0.35,0.35,0.35,0.35
15.81,0.35,0.35,0.35,0.35
15.812,0.35,0.35,0.35,0.35
15.814,0.35,0.35,0.35,0.35
15.816,0.35,0.35,0.35,0.35
15.818,0.35,0.35,0.35,0.35
15.82,0.35,0.35,0.35,0.35
15.822,0.35,0.35,0.35,0.35
15.824,0.35,0.35,0.35,0.35
15.826,0.35,0.35,0.35,0.35
15.828,0.35,0.35,0.35,0.35
15.83,0.35,0.35,0.35,0.35
15.832,0.35,0.35,0.35,0.35
15.834,0.35,0.35,0.35,0.35
15.836,0.35,0.35,0.35,0.35
15.838,0.35,0.35,0.35,0.35
15.84,0.35,0.35,0.35,0.35
15.842,0.35,0.35,0.35,0.35
15.844,0.35,0.35,0.35,0.35
15.846,0.35,0.35,0.35,0.35
15.848,0.35,0.35,0.35,0.35
15.85,0.35,0.35,0.35,0.35
15.852,0.35,0.35,0.35,0.35
15.854,0.35,0.35,0.35,0.35
15.856,0.35,0.35,0.35,0.35
15.858,0.35,0.35,0.35,0.35
15.86,0.35,0.35,0.35,0.35
15.862,0.35,0.35,0.35,0.35
15.864,0.35,0.35,0.35,0.35
15.866,0.35,0.35,0.35,0.35
15.868,0.35,0.35,0.35,0.35
15.87,0.35,0.35,0.35,0.35
15.872,0.35,0.35,0.35,0.35
15.874,0.35,0.35,0.35,0.35
15.876,0.35,0.35,0.35,0.35
15.878,0.35,0.35,0.35,0.35
15.88,0.35,0.35,0.35,0.35
15.882,0.35,0.35,0.35,0.35
15.884,0.35,0.35,0.35,0.35
15.886,0.35,0.35,0.35,0.35
15.888,0.35,0.35,0.35,0.35
15.89,0.35,0.35,0.35,0.35
15.892,0.35,0.35,0.35,0.35
15.894,0.35,0.35,0.35,0.35
15.896,0.35,0.35,0.35,0.35
15.898,0.35,0.35,0.35,0.35
15.9,0.35,0.35,0.35,0.35
15.902,0.35,0.35,0.35,0.35
15.904,0.35,0.35,0.35,0.35
15.906,0.35,0.35,0.35,0.35
15.908,0.35,0.35,0.35,0.35
15.91,0.35,0.35,0.35,0.35
15.912,0.35,0.35,0.35,0.35
15.914,0.35,0.35,0.35,0.35
15.916,0.35,0.35,0.35,0.35
15.918,0.35,0.35,0.35,0.35
15.92,0.35,0.35,0.35,0.35
15.922,0.35,0.35,0.35,0.35
15.924,0.35,0.35,0.35,0.35
15.926,0.35,0.35,0.35,0.35
15.928,0.35,0.35,0.35,0.35
15.93,0.35,0.35,0.35,0.35
15.932,0.35,0.35,0.35,0.35
15.934,0.35,0.35,0.35,0.35
15.936,0.35,0.35,0.35,0.35
15.938,0.35,0.35,0.35,0.35
15.94,0.35,0.35,0.35,0.35
15.942,0.35,0.35,0.35,0.35
15.944,0.35,0.35,0.35,0.35
15.946,0.35,0.35,0.35,0.35
15.948,0.35,0.35,0.35,0.35
15.95,0.35,0.35,0.35,0.35
15.952,0.35,0.35,0.35,0.35
15.954,0.35,0.35,0.35,0.35
15.956,0.35,0.35,0.35,0.35
15.958,0.35,0.35,0.35,0.35
15.96,0.35,0.35,0.35,0.35
15.962,0.35,0.35,0.35,0.35
15.964,0.35,0.35,0.35,0.35
15.966,0.35,0.35,0.35,0.35
15.968,0.35,0.35,0.35,0.35
15.97,0.35,0.35,0.35,0.35
15.972,0.35,0.35,0.35,0.35
15.974,0.35,0.35,0.35,0.35
15.976,0.35,0.35,0.35,0.35
15.978,0.35,0.35,0.35,0.35
15.98,0.35,0.35,0.35,0.35
15.982,0.35,0.35,0.35,0.35
15.984,0.35,0.35,0.35,0.35
15.986,0.35,0.35,0.35,0.35
15.988,0.35,0.35,0.35,0.35
15.99,0.35,0.35,0.35,0.35
15.992,0.35,0.35,0.35,0.35
15.994,0.35,0.35,0.35,0.35
15.996,0.35,0.35,0.35,0.35
15.998,0.35,0.35,0.35,0.35
16.0,0.35,0.35,0.35,0.35
16.002,0.35,0.35,0.35,0.35
16.004,0.35,0.35,0.35,0.35
16.006,0.35,0.35,0.35,0.35
16.008,0.35,0.35,0.35,0.35
16.01,0.35,0.35,0.35,0.35
16.012,0.35,0.35,0.35,0.35
16.014,0.35,0.35,0.35,0.35
16.016,0.35,0.35,0.35,0.35
16.018,0.35,0.35,0.35,0.35
16.02,0.35,0.35,0.35,0.35
16.022,0.35,0.35,0.35,0.35
16.024,0.35,0.35,0.35,0.35
16.026,0.35,0.35,0.35,0.35
16.028,0.35,0.35,0.35,0.35
16.03,0.35,0.35,0.35,0.35
16.032,0.35,0.35,0.35,0.35
16.034,0.35,0.35,0.35,0.35
16.036,0.35,0.35,0.35,0.35
16.038,0.35,0.35,0.35,0.35
16.04,0.35,0.35,0.35,0.35
16.042,0.35,0.35,0.35,0.35
16.044,0.35,0.35,0.35,0.35
16.046,0.35,0.35,0.35,0.35
16.048,0.35,0.35,0.35,0.35
16.05,0.35,0.35,0.35,0.35
16.052,0.35,0.35,0.35,0.35
16.054,0.35,0.35,0.35,0.35
16.056,0.35,0.35,0.35,0.35
16.058,0.35,0.35,0.35,0.35
16.06,0.35,0.35,0.35,0.35
16.062,0.35,0.35,0.35,0.35
16.064,0.35,0.35,0.35,0.35
16.066,0.35,0.35,0.35,0.35
16.068,0.35,0.35,0.35,0.35
16.07,0.35,0.35,0.35,0.35
16.072,0.35,0.35,0.35,0.35
16.074,0.35,0.35,0.35,0.35
16.076,0.35,0.35,0.35,0.35
16.078,0.35,0.35,0.35,0.35
16.08,0.35,0.35,0.35,0.35
16.082,0.35,0.35,0.35,0.35
16.084,0.35,0.35,0.35,0.35
16.086,0.35,0.35,0.35,0.35
16.088,0.35,0.35,0.35,0.35
16.09,0.35,0.35,0.35,0.35
16.092,0.35,0.35,0.35,0.35
16.094,0.35,0.35,0.35,0.35
16.096,0.35,0.35,0.35,0.35
16.098,0.35,0.35,0.35,0.35
16.1,0.35,0.35,0.35,0.35
16.102,0.35,0.35,0.35,0.35
16.104,0.35,0.35,0.35,0.35
16.106,0.35,0.35,0.35,0.35
16.108,0.35,0.35,0.35,0.35
16.11,0.35,0.35,0.35,0.35
16.112,0.35,0.35,0.35,0.35
16.114,0.35,0.35,0.35,0.35
16.116,0.35,0.35,0.35,0.35
16.118,0.35,0.35,0.35,0.35
16.12,0.35,0.35,0.35,0.35
16.122,0.35,0.35,0.35,0.35
16.124,0.35,0.35,0.35,0.35
16.126,0.35,0.35,0.35,0.35
16.128,0.35,0.35,0.35,0.35
16.13,0.35,0.35,0.35,0.35
16.132,0.35,0.35,0.35,0.35
16.134,0.35,0.35,0.35,0.35
16.136,0.35,0.35,0.35,0.35
16.138,0.35,0.35,0.35,0.35
16.14,0.35,0.35,0.35,0.35
16.142,0.35,0.35,0.35,0.35
16.144,0.35,0.35,0.35,0.35
16.146,0.35,0.35,0.35,0.35
16.148,0.35,0.35,0.35,0.35
16.15,0.35,0.35,0.35,0.35
16.152,0.35,0.35,0.35,0.35
16.154,0.35,0.35,0.35,0.35
16.156,0.35,0.35,0.35,0.35
16.158,0.35,0.35,0.35,0.35
16.16,0.35,0.35,0.35,0.35
16.162,0.35,0.35,0.35,0.35
16.164,0.35,0.35,0.35,0.35
16.166,0.35,0.35,0.35,0.35
16.168,0.35,0.35,0.35,0.35
16.17,0.35,0.35,0.35,0.35
16.172,0.35,0.35,0.35,0.35
16.174,0.35,0.35,0.35,0.35
16.176,0.35,0.35,0.35,0.35
16.178,0.35,0.35,0.35,0.35
16.18,0.35,0.35,0.35,0.35
16.182,0.35,0.35,0.35,0.35
16.184,0.35,0.35,0.35,0.35
16.186,0.35,0.35,0.35,0.35
16.188,0.35,0.35,0.35,0.35
16.19,0.35,0.35,0.35,0.35
16.192,0.35,0.35,0.35,0.35
16.194,0.35,0.35,0.35,0.35
16.196,0.35,0.35,0.35,0.35
16.198,0.35,0.35,0.35,0.35
16.2,0.35,0.35,0.35,0.35
16.202,0.35,0.35,0.35,0.35
16.204,0.35,0.35,0.35,0.35
16.206,0.35,0.35,0.35,0.35
16.208,0.35,0.35,0.35,0.35
16.21,0.35,0.35,0.35,0.35
16.212,0.35,0.35,0.35,0.35
16.214,0.35,0.35,0.35,0.35
16.216,0.35,0.35,0.35,0.35
16.218,0.35,0.35,0.35,0.35
16.22,0.35,0.35,0.35,0.35
16.222,0.35,0.35,0.35,0.35
16.224,0.35,0.35,0.35,0.35
16.226,0.35,0.35,0.35,0.35
16.228,0.35,0.35,0.35,0.35
16.23,0.35,0.35,0.35,0.35
16.232,0.35,0.35,0.35,0.35
16.234,0.35,0.35,0.35,0.35
16.236,0.35,0.35,0.35,0.35
16.238,0.35,0.35,0.35,0.35
16.24,0.35,0.35,0.35,0.35
16.242,0.35,0.35,0.35,0.35
16.244,0.35,0.35,0.35,0.35
16.246,0.35,0.35,0.35,0.35
16.248,0.35,0.35,0.35,0.35
16.25,0.35,0.35,0.35,0.35
16.252,0.35,0.35,0.35,0.35
16.254,0.35,0.35,0.35,0.35
16.256,0.35,0.35,0.35,0.35
16.258,0.35,0.35,0.35,0.35
16.26,0.35,0.35,0.35,0.35
16.262,0.35,0.35,0.35,0.35
16.264,0.35,0.35,0.35,0.35
16.266,0.35,0.35,0.35,0.35
16.268,0.35,0.35,0.35,0.35
16.27,0.35,0.35,0.35,0.35
16.272,0.35,0.35,0.35,0.35
16.274,0.35,0.35,0.35,0.35
16.276,0.35,0.35,0.35,0.35
16.278,0.35,0.35,0.35,0.35
16.28,0.35,0.35,0.35,0.35
16.282,0.35,0.35,0.35,0.35
16.284,0.35,0.35,0.35,0.35
16.286,0.35,0.35,0.35,0.35
16.288,0.35,0.35,0.35,0.35
16.29,0.35,0.35,0.35,0.35
16.292,0.35,0.35,0.35,0.35
16.294,0.35,0.35,0.35,0.35
16.296,0.35,0.35,0.35,0.35
16.298,0.35,0.35,0.35,0.35
16.3,0.35,0.35,0.35,0.35
16.302,0.35,0.35,0.35,0.35
16.304,0.35,0.35,0.35,0.35
16.306,0.35,0.35,0.35,0.35
16.308,0.35,0.35,0.35,0.35
16.31,0.35,0.35,0.35,0.35
16.312,0.35,0.35,0.35,0.35
16.314,0.35,0.35,0.35,0.35
16.316,0.35,0.35,0.35,0.35
16.318,0.35,0.35,0.35,0.35
16.32,0.35,0.35,0.35,0.35
16.322,0.35,0.35,0.35,0.35
16.324,0.35,0.35,0.35,0.35
16.326,0.35,0.35,0.35,0.35
16.328,0.35,0.35,0.35,0.35
16.33,0.35,0.35,0.35,0.35
16.332,0.35,0.35,0.35,0.35
16.334,0.35,0.35,0.35,0.35
16.336,0.35,0.35,0.35,0.35
16.338,0.35,0.35,0.35,0.35
16.34,0.35,0.35,0.35,0.35
16.342,0.35,0.35,0.35,0.35
16.344,0.35,0.35,0.35,0.35
16.346,0.35,0.35,0.35,0.35
16.348,0.35,0.35,0.35,0.35
16.35,0.35,0.35,0.35,0.35
16.352,0.35,0.35,0.35,0.35
16.354,0.35,0.35,0.35,0.35
16.356,0.35,0.35,0.35,0.35
16.358,0.35,0.35,0.35,0.35
16.36,0.35,0.35,0.35,0.35
16.362,0.35,0.35,0.35,0.35
16.364,0.35,0.35,0.35,0.35
16.366,0.35,0.35,0.35,0.35
16.368,0.35,0.35,0.35,0.35
16.37,0.35,0.35,0.35,0.35
16.372,0.35,0.35,0.35,0.35
16.374,0.35,0.35,0.35,0.35
16.376,0.35,0.35,0.35,0.35
16.378,0.35,0.35,0.35,0.35
16.38,0.35,0.35,0.35,0.35
16.382,0.35,0.35,0.35,0.35
16.384,0.35,0.35,0.35,0.35
16.386,0.35,0.35,0.35,0.35
16.388,0.35,0.35,0.35,0.35
16.39,0.35,0.35,0.35,0.35
16.392,0.35,0.35,0.35,0.35
16.394,0.35,0.35,0.35,0.35
16.396,0.35,0.35,0.35,0.35
16.398,0.35,0.35,0.35,0.35
16.4,0.35,0.35,0.35,0.35
16.402,0.35,0.35,0.35,0.35
16.404,0.35,0.35,0.35,0.35
16.406,0.35,0.35,0.35,0.35
16.408,0.35,0.35,0.35,0.35
16.41,0.35,0.35,0.35,0.35
16.412,0.35,0.35,0.35,0.35
16.414,0.35,0.35,0.35,0.35
16.416,0.35,0.35,0.35,0.35
16.418,0.35,0.35,0.35,0.35
16.42,0.35,0.35,0.35,0.35
16.422,0.35,0.35,0.35,0.35
16.424,0.35,0.35,0.35,0.35
16.426,0.35,0.35,0.35,0.35
16.428,0.35,0.35,0.35,0.35
16.43,0.35,0.35,0.35,0.35
16.432,0.35,0.35,0.35,0.35
16.434,0.35,0.35,0.35,0.35
16.436,0.35,0.35,0.35,0.35
16.438,0.35,0.35,0.35,0.35
16.44,0.35,0.35,0.35,0.35
16.442,0.35,0.35,0.35,0.35
16.444,0.35,0.35,0.35,0.35
16.446,0.35,0.35,0.35,0.35
16.448,0.35,0.35,0.35,0.35
16.45,0.35,0.35,0.35,0.35
16.452,0.35,0.35,0.35,0.35
16.454,0.35,0.35,0.35,0.35
16.456,0.35,0.35,0.35,0.35
16.458,0.35,0.35,0.35,0.35
16.46,0.35,0.35,0.35,0.35
16.462,0.35,0.35,0.35,0.35
16.464,0.35,0.35,0.35,0.35
16.466,0.35,0.35,0.35,0.35
16.468,0.35,0.35,0.35,0.35
16.47,0.35,0.35,0.35,0.35
16.472,0.35,0.35,0.35,0.35
16.474,0.35,0.35,0.35,0.35
16.476,0.35,0.35,0.35,0.35
16.478,0.35,0.35,0.35,0.35
16.48,0.35,0.35,0.35,0.35
16.482,0.35,0.35,0.35,0.35
16.484,0.35,0.35,0.35,0.35
16.486,0.35,0.35,0.35,0.35
16.488,0.35,0.35,0.35,0.35
16.49,0.35,0.35,0.35,0.35
16.492,0.35,0.35,0.35,0.35
16.494,0.35,0.35,0.35,0.35
16.496,0.35,0.35,0.35,0.35
16.498,0.35,0.35,0.35,0.35
16.5,0.35,0.35,0.35,0.35
16.502,0.35,0.35,0.35,0.35
16.504,0.35,0.35,0.35,0.35
16.506,0.35,0.35,0.35,0.35
16.508,0.35,0.35,0.35,0.35
16.51,0.35,0.35,0.35,0.35
16.512,0.35,0.35,0.35,0.35
16.514,0.35,0.35,0.35,0.35
16.516,0.35,0.35,0.35,0.35
16.518,0.35,0.35,0.35,0.35
16.52,0.35,0.35,0.35,0.35
16.522,0.35,0.35,0.35,0.35
16.524,0.35,0.35,0.35,0.35
16.526,0.35,0.35,0.35,0.35
16.528,0.35,0.35,0.35,0.35
16.53,0.35,0.35,0.35,0.35
16.532,0.35,0.35,0.35,0.35
16.534,0.35,0.35,0.35,0.35
16.536,0.35,0.35,0.35,0.35
16.538,0.35,0.35,0.35,0.35
16.54,0.35,0.35,0.35,0.35
16.542,0.35,0.35,0.35,0.35
16.544,0.35,0.35,0.35,0.35
16.546,0.35,0.35,0.35,0.35
16.548,0.35,0.35,0.35,0.35
16.55,0.35,0.35,0.35,0.35
16.552,0.35,0.35,0.35,0.35
16.554,0.35,0.35,0.35,0.35
16.556,0.35,0.35,0.35,0.35
16.558,0.35,0.35,0.35,0.35
16.56,0.35,0.35,0.35,0.35
16.562,0.35,0.35,0.35,0.35
16.564,0.35,0.35,0.35,0.35
16.566,0.35,0.35,0.35,0.35
16.568,0.35,0.35,0.35,0.35
16.57,0.35,0.35,0.35,0.35
16.572,0.35,0.35,0.35,0.35
16.574,0.35,0.35,0.35,0.35
16.576,0.35,0.35,0.35,0.35
16.578,0.35,0.35,0.35,0.35
16.58,0.35,0.35,0.35,0.35
16.582,0.35,0.35,0.35,0.35
16.584,0.35,0.35,0.35,0.35
16.586,0.35,0.35,0.35,0.35
16.588,0.35,0.35,0.35,0.35
16.59,0.35,0.35,0.35,0.35
16.592,0.35,0.35,0.35,0.35
16.594,0.35,0.35,0.35,0.35
16.596,0.35,0.35,0.35,0.35
16.598,0.35,0.35,0.35,0.35
16.6,0.35,0.35,0.35,0.35
16.602,0.35,0.35,0.35,0.35
16.604,0.35,0.35,0.35,0.35
16.606,0.35,0.35,0.35,0.35
16.608,0.35,0.35,0.35,0.35
16.61,0.35,0.35,0.35,0.35
16.612,0.35,0.35,0.35,0.35
16.614,0.35,0.35,0.35,0.35
16.616,0.35,0.35,0.35,0.35
16.618,0.35,0.35,0.35,0.35
16.62,0.35,0.35,0.35,0.35
16.622,0.35,0.35,0.35,0.35
16.624,0.35,0.35,0.35,0.35
16.626,0.35,0.35,0.35,0.35
16.628,0.35,0.35,0.35,0.35
16.63,0.35,0.35,0.35,0.35
16.632,0.35,0.35,0.35,0.35
16.634,0.35,0.35,0.35,0.35
16.636,0.35,0.35,0.35,0.35
16.638,0.35,0.35,0.35,0.35
16.64,0.35,0.35,0.35,0.35
16.642,0.35,0.35,0.35,0.35
16.644,0.35,0.35,0.35,0.35
16.646,0.35,0.35,0.35,0.35
16.648,0.35,0.35,0.35,0.35
16.65,0.35,0.35,0.35,0.35
16.652,0.35,0.35,0.35,0.35
16.654,0.35,0.35,0.35,0.35
16.656,0.35,0.35,0.35,0.35
16.658,0.35,0.35,0.35,0.35
16.66,0.35,0.35,0.35,0.35
16.662,0.35,0.35,0.35,0.35
16.664,0.35,0.35,0.35,0.35
16.666,0.35,0.35,0.35,0.35
16.668,0.35,0.35,0.35,0.35
16.67,0.35,0.35,0.35,0.35
16.672,0.35,0.35,0.35,0.35
16.674,0.35,0.35,0.35,0.35
16.676,0.35,0.35,0.35,0.35
16.678,0.35,0.35,0.35,0.35
16.68,0.35,0.35,0.35,0.35
16.682,0.35,0.35,0.35,0.35
16.684,0.35,0.35,0.35,0.35
16.686,0.35,0.35,0.35,0.35
16.688,0.35,0.35,0.35,0.35
16.69,0.35,0.35,0.35,0.35
16.692,0.35,0.35,0.35,0.35
16.694,0.35,0.35,0.35,0.35
16.696,0.35,0.35,0.35,0.35
16.698,0.35,0.35,0.35,0.35
16.7,0.35,0.35,0.35,0.35
16.702,0.35,0.35,0.35,0.35
16.704,0.35,0.35,0.35,0.35
16.706,0.35,0.35,0.35,0.35
16.708,0.35,0.35,0.35,0.35
16.71,0.35,0.35,0.35,0.35
16.712,0.35,0.35,0.35,0.35
16.714,0.35,0.35,0.35,0.35
16.716,0.35,0.35,0.35,0.35
16.718,0.35,0.35,0.35,0.35
16.72,0.35,0.35,0.35,0.35
16.722,0.35,0.35,0.35,0.35
16.724,0.35,0.35,0.35,0.35
16.726,0.35,0.35,0.35,0.35
16.728,0.35,0.35,0.35,0.35
16.73,0.35,0.35,0.35,0.35
16.732,0.35,0.35,0.35,0.35
16.734,0.35,0.35,0.35,0.35
16.736,0.35,0.35,0.35,0.35
16.738,0.35,0.35,0.35,0.35
16.74,0.35,0.35,0.35,0.35
16.742,0.35,0.35,0.35,0.35
16.744,0.35,0.35,0.35,0.35
16.746,0.35,0.35,0.35,0.35
16.748,0.35,0.35,0.35,0.35
16.75,0.35,0.35,0.35,0.35
16.752,0.35,0.35,0.35,0.35
16.754,0.35,0.35,0.35,0.35
16.756,0.35,0.35,0.35,0.35
16.758,0.35,0.35,0.35,0.35
16.76,0.35,0.35,0.35,0.35
16.762,0.35,0.35,0.35,0.35
16.764,0.35,0.35,0.35,0.35
16.766,0.35,0.35,0.35,0.35
16.768,0.35,0.35,0.35,0.35
16.77,0.35,0.35,0.35,0.35
16.772,0.35,0.35,0.35,0.35
16.774,0.35,0.35,0.35,0.35
16.776,0.35,0.35,0.35,0.35
16.778,0.35,0.35,0.35,0.35
16.78,0.35,0.35,0.35,0.35
16.782,0.35,0.35,0.35,0.35
16.784,0.35,0.35,0.35,0.35
16.786,0.35,0.35,0.35,0.35
16.788,0.35,0.35,0.35,0.35
16.79,0.35,0.35,0.35,0.35
16.792,0.35,0.35,0.35,0.35
16.794,0.35,0.35,0.35,0.35
16.796,0.35,0.35,0.35,0.35
16.798,0.35,0.35,0.35,0.35
16.8,0.35,0.35,0.35,0.35
16.802,0.35,0.35,0.35,0.35
16.804,0.35,0.35,0.35,0.35
16.806,0.35,0.35,0.35,0.35
16.808,0.35,0.35,0.35,0.35
16.81,0.35,0.35,0.35,0.35
16.812,0.35,0.35,0.35,0.35
16.814,0.35,0.35,0.35,0.35
16.816,0.35,0.35,0.35,0.35
16.818,0.35,0.35,0.35,0.35
16.82,0.35,0.35,0.35,0.35
16.822,0.35,0.35,0.35,0.35
16.824,0.35,0.35,0.35,0.35
16.826,0.35,0.35,0.35,0.35
16.828,0.35,0.35,0.35,0.35
16.83,0.35,0.35,0.35,0.35
16.832,0.35,0.35,0.35,0.35
16.834,0.35,0.35,0.35,0.35
16.836,0.35,0.35,0.35,0.35
16.838,0.35,0.35,0.35,0.35
16.84,0.35,0.35,0.35,0.35
16.842,0.35,0.35,0.35,0.35
16.844,0.35,0.35,0.35,0.35
16.846,0.35,0.35,0.35,0.35
16.848,0.35,0.35,0.35,0.35
16.85,0.35,0.35,0.35,0.35
16.852,0.35,0.35,0.35,0.35
16.854,0.35,0.35,0.35,0.35
16.856,0.35,0.35,0.35,0.35
16.858,0.35,0.35,0.35,0.35
16.86,0.35,0.35,0.35,0.35
16.862,0.35,0.35,0.35,0.35
16.864,0.35,0.35,0.35,0.35
16.866,0.35,0.35,0.35,0.35
16.868,0.35,0.35,0.35,0.35
16.87,0.35,0.35,0.35,0.35
16.872,0.35,0.35,0.35,0.35
16.874,0.35,0.35,0.35,0.35
16.876,0.35,0.35,0.35,0.35
16.878,0.35,0.35,0.35,0.35
16.88,0.35,0.35,0.35,0.35
16.882,0.35,0.35,0.35,0.35
16.884,0.35,0.35,0.35,0.35
16.886,0.35,0.35,0.35,0.35
16.888,0.35,0.35,0.35,0.35
16.89,0.35,0.35,0.35,0.35
16.892,0.35,0.35,0.35,0.35
16.894,0.35,0.35,0.35,0.35
16.896,0.35,0.35,0.35,0.35
16.898,0.35,0.35,0.35,0.35
16.9,0.35,0.35,0.35,0.35
16.902,0.35,0.35,0.35,0.35
16.904,0.35,0.35,0.35,0.35
16.906,0.35,0.35,0.35,0.35
16.908,0.35,0.35,0.35,0.35
16.91,0.35,0.35,0.35,0.35
16.912,0.35,0.35,0.35,0.35
16.914,0.35,0.35,0.35,0.35
16.916,0.35,0.35,0.35,0.35
16.918,0.35,0.35,0.35,0.35
16.92,0.35,0.35,0.35,0.35
16.922,0.35,0.35,0.35,0.35
16.924,0.35,0.35,0.35,0.35
16.926,0.35,0.35,0.35,0.35
16.928,0.35,0.35,0.35,0.35
16.93,0.35,0.35,0.35,0.35
16.932,0.35,0.35,0.35,0.35
16.934,0.35,0.35,0.35,0.35
16.936,0.35,0.35,0.35,0.35
16.938,0.35,0.35,0.35,0.35
16.94,0.35,0.35,0.35,0.35
16.942,0.35,0.35,0.35,0.35
16.944,0.35,0.35,0.35,0.35
16.946,0.35,0.35,0.35,0.35
16.948,0.35,0.35,0.35,0.35
16.95,0.35,0.35,0.35,0.35
16.952,0.35,0.35,0.35,0.35
16.954,0.35,0.35,0.35,0.35
16.956,0.35,0.35,0.35,0.35
16.958,0.35,0.35,0.35,0.35
16.96,0.35,0.35,0.35,0.35
16.962,0.35,0.35,0.35,0.35
16.964,0.35,0.35,0.35,0.35
16.966,0.35,0.35,0.35,0.35
16.968,0.35,0.35,0.35,0.35
16.97,0.35,0.35,0.35,0.35
16.972,0.35,0.35,0.35,0.35
16.974,0.35,0.35,0.35,0.35
16.976,0.35,0.35,0.35,0.35
16.978,0.35,0.35,0.35,0.35
16.98,0.35,0.35,0.35,0.35
16.982,0.35,0.35,0.35,0.35
16.984,0.35,0.35,0.35,0.35
16.986,0.35,0.35,0.35,0.35
16.988,0.35,0.35,0.35,0.35
16.99,0.35,0.35,0.35,0.35
16.992,0.35,0.35,0.35,0.35
16.994,0.35,0.35,0.35,0.35
16.996,0.35,0.35,0.35,0.35
16.998,0.35,0.35,0.35,0.35
17.0,0.35,0.35,0.35,0.35
17.002,0.35,0.35,0.35,0.35
17.004,0.35,0.35,0.35,0.35
17.006,0.35,0.35,0.35,0.35
17.008,0.35,0.35,0.35,0.35
17.01,0.35,0.35,0.35,0.35
17.012,0.35,0.35,0.35,0.35
17.014,0.35,0.35,0.35,0.35
17.016,0.35,0.35,0.35,0.35
17.018,0.35,0.35,0.35,0.35
17.02,0.35,0.35,0.35,0.35
17.022,0.35,0.35,0.35,0.35
17.024,0.35,0.35,0.35,0.35
17.026,0.35,0.35,0.35,0.35
17.028,0.35,0.35,0.35,0.35
17.03,0.35,0.35,0.35,0.35
17.032,0.35,0.35,0.35,0.35
17.034,0.35,0.35,0.35,0.35
17.036,0.35,0.35,0.35,0.35
17.038,0.35,0.35,0.35,0.35
17.04,0.35,0.35,0.35,0.35
17.042,0.35,0.35,0.35,0.35
17.044,0.35,0.35,0.35,0.35
17.046,0.35,0.35,0.35,0.35
17.048,0.35,0.35,0.35,0.35
17.05,0.35,0.35,0.35,0.35
17.052,0.35,0.35,0.35,0.35
17.054,0.35,0.35,0.35,0.35
17.056,0.35,0.35,0.35,0.35
17.058,0.35,0.35,0.35,0.35
17.06,0.35,0.35,0.35,0.35
17.062,0.35,0.35,0.35,0.35
17.064,0.35,0.35,0.35,0.35
17.066,0.35,0.35,0.35,0.35
17.068,0.35,0.35,0.35,0.35
17.07,0.35,0.35,0.35,0.35
17.072,0.35,0.35,0.35,0.35
17.074,0.35,0.35,0.35,0.35
17.076,0.35,0.35,0.35,0.35
17.078,0.35,0.35,0.35,0.35
17.08,0.35,0.35,0.35,0.35
17.082,0.35,0.35,0.35,0.35
17.084,0.35,0.35,0.35,0.35
17.086,0.35,0.35,0.35,0.35
17.088,0.35,0.35,0.35,0.35
17.09,0.35,0.35,0.35,0.35
17.092,0.35,0.35,0.35,0.35
17.094,0.35,0.35,0.35,0.35
17.096,0.35,0.35,0.35,0.35
17.098,0.35,0.35,0.35,0.35
17.1,0.35,0.35,0.35,0.35
17.102,0.35,0.35,0.35,0.35
17.104,0.35,0.35,0.35,0.35
17.106,0.35,0.35,0.35,0.35
17.108,0.35,0.35,0.35,0.35
17.11,0.35,0.35,0.35,0.35
17.112,0.35,0.35,0.35,0.35
17.114,0.35,0.35,0.35,0.35
17.116,0.35,0.35,0.35,0.35
17.118,0.35,0.35,0.35,0.35
17.12,0.35,0.35,0.35,0.35
17.122,0.35,0.35,0.35,0.35
17.124,0.35,0.35,0.35,0.35
17.126,0.35,0.35,0.35,0.35
17.128,0.35,0.35,0.35,0.35
17.13,0.35,0.35,0.35,0.35
17.132,0.35,0.35,0.35,0.35
17.134,0.35,0.35,0.35,0.35
17.136,0.35,0.35,0.35,0.35
17.138,0.35,0.35,0.35,0.35
17.14,0.35,0.35,0.35,0.35
17.142,0.35,0.35,0.35,0.35
17.144,0.35,0.35,0.35,0.35
17.146,0.35,0.35,0.35,0.35
17.148,0.35,0.35,0.35,0.35
17.15,0.35,0.35,0.35,0.35
17.152,0.35,0.35,0.35,0.35
17.154,0.35,0.35,0.35,0.35
17.156,0.35,0.35,0.35,0.35
17.158,0.35,0.35,0.35,0.35
17.16,0.35,0.35,0.35,0.35
17.162,0.35,0.35,0.35,0.35
17.164,0.35,0.35,0.35,0.35
17.166,0.35,0.35,0.35,0.35
17.168,0.35,0.35,0.35,0.35
17.17,0.35,0.35,0.35,0.35
17.172,0.35,0.35,0.35,0.35
17.174,0.35,0.35,0.35,0.35
17.176,0.35,0.35,0.35,0.35
17.178,0.35,0.35,0.35,0.35
17.18,0.35,0.35,0.35,0.35
17.182,0.35,0.35,0.35,0.35
17.184,0.35,0.35,0.35,0.35
17.186,0.35,0.35,0.35,0.35
17.188,0.35,0.35,0.35,0.35
17.19,0.35,0.35,0.35,0.35
17.192,0.35,0.35,0.35,0.35
17.194,0.35,0.35,0.35,0.35
17.196,0.35,0.35,0.35,0.35
17.198,0.35,0.35,0.35,0.35
17.2,0.35,0.35,0.35,0.35
17.202,0.35,0.35,0.35,0.35
17.204,0.35,0.35,0.35,0.35
17.206,0.35,0.35,0.35,0.35
17.208,0.35,0.35,0.35,0.35
17.21,0.35,0.35,0.35,0.35
17.212,0.35,0.35,0.35,0.35
17.214,0.35,0.35,0.35,0.35
17.216,0.35,0.35,0.35,0.35
17.218,0.35,0.35,0.35,0.35
17.22,0.35,0.35,0.35,0.35
17.222,0.35,0.35,0.35,0.35
17.224,0.35,0.35,0.35,0.35
17.226,0.35,0.35,0.35,0.35
17.228,0.35,0.35,0.35,0.35
17.23,0.35,0.35,0.35,0.35
17.232,0.35,0.35,0.35,0.35
17.234,0.35,0.35,0.35,0.35
17.236,0.35,0.35,0.35,0.35
17.238,0.35,0.35,0.35,0.35
17.24,0.35,0.35,0.35,0.35
17.242,0.35,0.35,0.35,0.35
17.244,0.35,0.35,0.35,0.35
17.246,0.35,0.35,0.35,0.35
17.248,0.35,0.35,0.35,0.35
17.25,0.35,0.35,0.35,0.35
17.252,0.35,0.35,0.35,0.35
17.254,0.35,0.35,0.35,0.35
17.256,0.35,0.35,0.35,0.35
17.258,0.35,0.35,0.35,0.35
17.26,0.35,0.35,0.35,0.35
17.262,0.35,0.35,0.35,0.35
17.264,0.35,0.35,0.35,0.35
17.266,0.35,0.35,0.35,0.35
17.268,0.35,0.35,0.35,0.35
17.27,0.35,0.35,0.35,0.35
17.272,0.35,0.35,0.35,0.35
17.274,0.35,0.35,0.35,0.35
17.276,0.35,0.35,0.35,0.35
17.278,0.35,0.35,0.35,0.35
17.28,0.35,0.35,0.35,0.35
17.282,0.35,0.35,0.35,0.35
17.284,0.35,0.35,0.35,0.35
17.286,0.35,0.35,0.35,0.35
17.288,0.35,0.35,0.35,0.35
17.29,0.35,0.35,0.35,0.35
17.292,0.35,0.35,0.35,0.35
17.294,0.35,0.35,0.35,0.35
17.296,0.35,0.35,0.35,0.35
17.298,0.35,0.35,0.35,0.35
17.3,0.35,0.35,0.35,0.35
17.302,0.35,0.35,0.35,0.35
17.304,0.35,0.35,0.35,0.35
17.306,0.35,0.35,0.35,0.35
17.308,0.35,0.35,0.35,0.35
17.31,0.35,0.35,0.35,0.35
17.312,0.35,0.35,0.35,0.35
17.314,0.35,0.35,0.35,0.35
17.316,0.35,0.35,0.35,0.35
17.318,0.35,0.35,0.35,0.35
17.32,0.35,0.35,0.35,0.35
17.322,0.35,0.35,0.35,0.35
17.324,0.35,0.35,0.35,0.35
17.326,0.35,0.35,0.35,0.35
17.328,0.35,0.35,0.35,0.35
17.33,0.35,0.35,0.35,0.35
17.332,0.35,0.35,0.35,0.35
17.334,0.35,0.35,0.35,0.35
17.336,0.35,0.35,0.35,0.35
17.338,0.35,0.35,0.35,0.35
17.34,0.35,0.35,0.35,0.35
17.342,0.35,0.35,0.35,0.35
17.344,0.35,0.35,0.35,0.35
17.346,0.35,0.35,0.35,0.35
17.348,0.35,0.35,0.35,0.35
17.35,0.35,0.35,0.35,0.35
17.352,0.35,0.35,0.35,0.35
17.354,0.35,0.35,0.35,0.35
17.356,0.35,0.35,0.35,0.35
17.358,0.35,0.35,0.35,0.35
17.36,0.35,0.35,0.35,0.35
17.362,0.35,0.35,0.35,0.35
17.364,0.35,0.35,0.35,0.35
17.366,0.35,0.35,0.35,0.35
17.368,0.35,0.35,0.35,0.35
17.37,0.35,0.35,0.35,0.35
17.372,0.35,0.35,0.35,0.35
17.374,0.35,0.35,0.35,0.35
17.376,0.35,0.35,0.35,0.35
17.378,0.35,0.35,0.35,0.35
17.38,0.35,0.35,0.35,0.35
17.382,0.35,0.35,0.35,0.35
17.384,0.35,0.35,0.35,0.35
17.386,0.35,0.35,0.35,0.35
17.388,0.35,0.35,0.35,0.35
17.39,0.35,0.35,0.35,0.35
17.392,0.35,0.35,0.35,0.35
17.394,0.35,0.35,0.35,0.35
17.396,0.35,0.35,0.35,0.35
17.398,0.35,0.35,0.35,0.35
17.4,0.35,0.35,0.35,0.35
17.402,0.35,0.35,0.35,0.35
17.404,0.35,0.35,0.35,0.35
17.406,0.35,0.35,0.35,0.35
17.408,0.35,0.35,0.35,0.35
17.41,0.35,0.35,0.35,0.35
17.412,0.35,0.35,0.35,0.35
17.414,0.35,0.35,0.35,0.35
17.416,0.35,0.35,0.35,0.35
17.418,0.35,0.35,0.35,0.35
17.42,0.35,0.35,0.35,0.35
17.422,0.35,0.35,0.35,0.35
17.424,0.35,0.35,0.35,0.35
17.426,0.35,0.35,0.35,0.35
17.428,0.35,0.35,0.35,0.35
17.43,0.35,0.35,0.35,0.35
17.432,0.35,0.35,0.35,0.35
17.434,0.35,0.35,0.35,0.35
17.436,0.35,0.35,0.35,0.35
17.438,0.35,0.35,0.35,0.35
17.44,0.35,0.35,0.35,0.35
17.442,0.35,0.35,0.35,0.35
17.444,0.35,0.35,0.35,0.35
17.446,0.35,0.35,0.35,0.35
17.448,0.35,0.35,0.35,0.35
17.45,0.35,0.35,0.35,0.35
17.452,0.35,0.35,0.35,0.35
17.454,0.35,0.35,0.35,0.35
17.456,0.35,0.35,0.35,0.35
17.458,0.35,0.35,0.35,0.35
17.46,0.35,0.35,0.35,0.35
17.462,0.35,0.35,0.35,0.35
17.464,0.35,0.35,0.35,0.35
17.466,0.35,0.35,0.35,0.35
17.468,0.35,0.35,0.35,0.35
17.47,0.35,0.35,0.35,0.35
17.472,0.35,0.35,0.35,0.35
17.474,0.35,0.35,0.35,0.35
17.476,0.35,0.35,0.35,0.35
17.478,0.35,0.35,0.35,0.35
17.48,0.35,0.35,0.35,0.35
17.482,0.35,0.35,0.35,0.35
17.484,0.35,0.35,0.35,0.35
17.486,0.35,0.35,0.35,0.35
17.488,0.35,0.35,0.35,0.35
17.49,0.35,0.35,0.35,0.35
17.492,0.35,0.35,0.35,0.35
17.494,0.35,0.35,0.35,0.35
17.496,0.35,0.35,0.35,0.35
17.498,0.35,0.35,0.35,0.35
17.5,0.35,0.35,0.35,0.35
17.502,0.35,0.35,0.35,0.35
17.504,0.35,0.35,0.35,0.35
17.506,0.35,0.35,0.35,0.35
17.508,0.35,0.35,0.35,0.35
17.51,0.35,0.35,0.35,0.35
17.512,0.35,0.35,0.35,0.35
17.514,0.35,0.35,0.35,0.35
17.516,0.35,0.35,0.35,0.35
17.518,0.35,0.35,0.35,0.35
17.52,0.35,0.35,0.35,0.35
17.522,0.35,0.35,0.35,0.35
17.524,0.35,0.35,0.35,0.35
17.526,0.35,0.35,0.35,0.35
17.528,0.35,0.35,0.35,0.35
17.53,0.35,0.35,0.35,0.35
17.532,0.35,0.35,0.35,0.35
17.534,0.35,0.35,0.35,0.35
17.536,0.35,0.35,0.35,0.35
17.538,0.35,0.35,0.35,0.35
17.54,0.35,0.35,0.35,0.35
17.542,0.35,0.35,0.35,0.35
17.544,0.35,0.35,0.35,0.35
17.546,0.35,0.35,0.35,0.35
17.548,0.35,0.35,0.35,0.35
17.55,0.35,0.35,0.35,0.35
17.552,0.35,0.35,0.35,0.35
17.554,0.35,0.35,0.35,0.35
17.556,0.35,0.35,0.35,0.35
17.558,0.35,0.35,0.35,0.35
17.56,0.35,0.35,0.35,0.35
17.562,0.35,0.35,0.35,0.35
17.564,0.35,0.35,0.35,0.35
17.566,0.35,0.35,0.35,0.35
17.568,0.35,0.35,0.35,0.35
17.57,0.35,0.35,0.35,0.35
17.572,0.35,0.35,0.35,0.35
17.574,0.35,0.35,0.35,0.35
17.576,0.35,0.35,0.35,0.35
17.578,0.35,0.35,0.35,0.35
17.58,0.35,0.35,0.35,0.35
17.582,0.35,0.35,0.35,0.35
17.584,0.35,0.35,0.35,0.35
17.586,0.35,0.35,0.35,0.35
17.588,0.35,0.35,0.35,0.35
17.59,0.35,0.35,0.35,0.35
17.592,0.35,0.35,0.35,0.35
17.594,0.35,0.35,0.35,0.35
17.596,0.35,0.35,0.35,0.35
17.598,0.35,0.35,0.35,0.35
17.6,0.35,0.35,0.35,0.35
17.602,0.35,0.35,0.35,0.35
17.604,0.35,0.35,0.35,0.35
17.606,0.35,0.35,0.35,0.35
17.608,0.35,0.35,0.35,0.35
17.61,0.35,0.35,0.35,0.35
17.612,0.35,0.35,0.35,0.35
17.614,0.35,0.35,0.35,0.35
17.616,0.35,0.35,0.35,0.35
17.618,0.35,0.35,0.35,0.35
17.62,0.35,0.35,0.35,0.35
17.622,0.35,0.35,0.35,0.35
17.624,0.35,0.35,0.35,0.35
17.626,0.35,0.35,0.35,0.35
17.628,0.35,0.35,0.35,0.35
17.63,0.35,0.35,0.35,0.35
17.632,0.35,0.35,0.35,0.35
17.634,0.35,0.35,0.35,0.35
17.636,0.35,0.35,0.35,0.35
17.638,0.35,0.35,0.35,0.35
17.64,0.35,0.35,0.35,0.35
17.642,0.35,0.35,0.35,0.35
17.644,0.35,0.35,0.35,0.35
17.646,0.35,0.35,0.35,0.35
17.648,0.35,0.35,0.35,0.35
17.65,0.35,0.35,0.35,0.35
17.652,0.35,0.35,0.35,0.35
17.654,0.35,0.35,0.35,0.35
17.656,0.35,0.35,0.35,0.35
17.658,0.35,0.35,0.35,0.35
17.66,0.35,0.35,0.35,0.35
17.662,0.35,0.35,0.35,0.35
17.664,0.35,0.35,0.35,0.35
17.666,0.35,0.35,0.35,0.35
17.668,0.35,0.35,0.35,0.35
17.67,0.35,0.35,0.35,0.35
17.672,0.35,0.35,0.35,0.35
17.674,0.35,0.35,0.35,0.35
17.676,0.35,0.35,0.35,0.35
17.678,0.35,0.35,0.35,0.35
17.68,0.35,0.35,0.35,0.35
17.682,0.35,0.35,0.35,0.35
17.684,0.35,0.35,0.35,0.35
17.686,0.35,0.35,0.35,0.35
17.688,0.35,0.35,0.35,0.35
17.69,0.35,0.35,0.35,0.35
17.692,0.35,0.35,0.35,0.35
17.694,0.35,0.35,0.35,0.35
17.696,0.35,0.35,0.35,0.35
17.698,0.35,0.35,0.35,0.35
17.7,0.35,0.35,0.35,0.35
17.702,0.35,0.35,0.35,0.35
17.704,0.35,0.35,0.35,0.35
17.706,0.35,0.35,0.35,0.35
17.708,0.35,0.35,0.35,0.35
17.71,0.35,0.35,0.35,0.35
17.712,0.35,0.35,0.35,0.35
17.714,0.35,0.35,0.35,0.35
17.716,0.35,0.35,0.35,0.35
17.718,0.35,0.35,0.35,0.35
17.72,0.35,0.35,0.35,0.35
17.722,0.35,0.35,0.35,0.35
17.724,0.35,0.35,0.35,0.35
17.726,0.35,0.35,0.35,0.35
17.728,0.35,0.35,0.35,0.35
17.73,0.35,0.35,0.35,0.35
17.732,0.35,0.35,0.35,0.35
17.734,0.35,0.35,0.35,0.35
17.736,0.35,0.35,0.35,0.35
17.738,0.35,0.35,0.35,0.35
17.74,0.35,0.35,0.35,0.35
17.742,0.35,0.35,0.35,0.35
17.744,0.35,0.35,0.35,0.35
17.746,0.35,0.35,0.35,0.35
17.748,0.35,0.35,0.35,0.35
17.75,0.35,0.35,0.35,0.35
17.752,0.35,0.35,0.35,0.35
17.754,0.35,0.35,0.35,0.35
17.756,0.35,0.35,0.35,0.35
17.758,0.35,0.35,0.35,0.35
17.76,0.35,0.35,0.35,0.35
17.762,0.35,0.35,0.35,0.35
17.764,0.35,0.35,0.35,0.35
17.766,0.35,0.35,0.35,0.35
17.768,0.35,0.35,0.35,0.35
17.77,0.35,0.35,0.35,0.35
17.772,0.35,0.35,0.35,0.35
17.774,0.35,0.35,0.35,0.35
17.776,0.35,0.35,0.35,0.35
17.778,0.35,0.35,0.35,0.35
17.78,0.35,0.35,0.35,0.35
17.782,0.35,0.35,0.35,0.35
17.784,0.35,0.35,0.35,0.35
17.786,0.35,0.35,0.35,0.35
17.788,0.35,0.35,0.35,0.35
17.79,0.35,0.35,0.35,0.35
17.792,0.35,0.35,0.35,0.35
17.794,0.35,0.35,0.35,0.35
17.796,0.35,0.35,0.35,0.35
17.798,0.35,0.35,0.35,0.35
17.8,0.35,0.35,0.35,0.35
17.802,0.35,0.35,0.35,0.35
17.804,0.35,0.35,0.35,0.35
17.806,0.35,0.35,0.35,0.35
17.808,0.35,0.35,0.35,0.35
17.81,0.35,0.35,0.35,0.35
17.812,0.35,0.35,0.35,0.35
17.814,0.35,0.35,0.35,0.35
17.816,0.35,0.35,0.35,0.35
17.818,0.35,0.35,0.35,0.35
17.82,0.35,0.35,0.35,0.35
17.822,0.35,0.35,0.35,0.35
17.824,0.35,0.35,0.35,0.35
17.826,0.35,0.35,0.35,0.35
17.828,0.35,0.35,0.35,0.35
17.83,0.35,0.35,0.35,0.35
17.832,0.35,0.35,0.35,0.35
17.834,0.35,0.35,0.35,0.35
17.836,0.35,0.35,0.35,0.35
17.838,0.35,0.35,0.35,0.35
17.84,0.35,0.35,0.35,0.35
17.842,0.35,0.35,0.35,0.35
17.844,0.35,0.35,0.35,0.35
17.846,0.35,0.35,0.35,0.35
17.848,0.35,0.35,0.35,0.35
17.85,0.35,0.35,0.35,0.35
17.852,0.35,0.35,0.35,0.35
17.854,0.35,0.35,0.35,0.35
17.856,0.35,0.35,0.35,0.35
17.858,0.35,0.35,0.35,0.35
17.86,0.35,0.35,0.35,0.35
17.862,0.35,0.35,0.35,0.35
17.864,0.35,0.35,0.35,0.35
17.866,0.35,0.35,0.35,0.35
17.868,0.35,0.35,0.35,0.35
17.87,0.35,0.35,0.35,0.35
17.872,0.35,0.35,0.35,0.35
17.874,0.35,0.35,0.35,0.35
17.876,0.35,0.35,0.35,0.35
17.878,0.35,0.35,0.35,0.35
17.88,0.35,0.35,0.35,0.35
17.882,0.35,0.35,0.35,0.35
17.884,0.35,0.35,0.35,0.35
17.886,0.35,0.35,0.35,0.35
17.888,0.35,0.35,0.35,0.35
17.89,0.35,0.35,0.35,0.35
17.892,0.35,0.35,0.35,0.35
17.894,0.35,0.35,0.35,0.35
17.896,0.35,0.35,0.35,0.35
17.898,0.35,0.35,0.35,0.35
17.9,0.35,0.35,0.35,0.35
17.902,0.35,0.35,0.35,0.35
17.904,0.35,0.35,0.35,0.35
17.906,0.35,0.35,0.35,0.35
17.908,0.35,0.35,0.35,0.35
17.91,0.35,0.35,0.35,0.35
17.912,0.35,0.35,0.35,0.35
17.914,0.35,0.35,0.35,0.35
17.916,0.35,0.35,0.35,0.35
17.918,0.35,0.35,0.35,0.35
17.92,0.35,0.35,0.35,0.35
17.922,0.35,0.35,0.35,0.35
17.924,0.35,0.35,0.35,0.35
17.926,0.35,0.35,0.35,0.35
17.928,0.35,0.35,0.35,0.35
17.93,0.35,0.35,0.35,0.35
17.932,0.35,0.35,0.35,0.35
17.934,0.35,0.35,0.35,0.35
17.936,0.35,0.35,0.35,0.35
17.938,0.35,0.35,0.35,0.35
17.94,0.35,0.35,0.35,0.35
17.942,0.35,0.35,0.35,0.35
17.944,0.35,0.35,0.35,0.35
17.946,0.35,0.35,0.35,0.35
17.948,0.35,0.35,0.35,0.35
17.95,0.35,0.35,0.35,0.35
17.952,0.35,0.35,0.35,0.35
17.954,0.35,0.35,0.35,0.35
17.956,0.35,0.35,0.35,0.35
17.958,0.35,0.35,0.35,0.35
17.96,0.35,0.35,0.35,0.35
17.962,0.35,0.35,0.35,0.35
17.964,0.35,0.35,0.35,0.35
17.966,0.35,0.35,0.35,0.35
17.968,0.35,0.35,0.35,0.35
17.97,0.35,0.35,0.35,0.35
17.972,0.35,0.35,0.35,0.35
17.974,0.35,0.35,0.35,0.35
17.976,0.35,0.35,0.35,0.35
17.978,0.35,0.35,0.35,0.35
17.98,0.35,0.35,0.35,0.35
17.982,0.35,0.35,0.35,0.35
17.984,0.35,0.35,0.35,0.35
17.986,0.35,0.35,0.35,0.35
17.988,0.35,0.35,0.35,0.35
17.99,0.35,0.35,0.35,0.35
17.992,0.35,0.35,0.35,0.35
17.994,0.35,0.35,0.35,0.35
17.996,0.35,0.35,0.35,0.35
17.998,0.35,0.35,0.35,0.35
18.0,0.35,0.35,0.35,0.35
18.002,0.35,0.35,0.35,0.35
18.004,0.35,0.35,0.35,0.35
18.006,0.35,0.35,0.35,0.35
18.008,0.35,0.35,0.35,0.35
18.01,0.35,0.35,0.35,0.35
18.012,0.35,0.35,0.35,0.35
18.014,0.35,0.35,0.35,0.35
18.016,0.35,0.35,0.35,0.35
18.018,0.35,0.35,0.35,0.35
18.02,0.35,0.35,0.35,0.35
18.022,0.35,0.35,0.35,0.35
18.024,0.35,0.35,0.35,0.35
18.026,0.35,0.35,0.35,0.35
18.028,0.35,0.35,0.35,0.35
18.03,0.35,0.35,0.35,0.35
18.032,0.35,0.35,0.35,0.35
18.034,0.35,0.35,0.35,0.35
18.036,0.35,0.35,0.35,0.35
18.038,0.35,0.35,0.35,0.35
18.04,0.35,0.35,0.35,0.35
18.042,0.35,0.35,0.35,0.35
18.044,0.35,0.35,0.35,0.35
18.046,0.35,0.35,0.35,0.35
18.048,0.35,0.35,0.35,0.35
18.05,0.35,0.35,0.35,0.35
18.052,0.35,0.35,0.35,0.35
18.054,0.35,0.35,0.35,0.35
18.056,0.35,0.35,0.35,0.35
18.058,0.35,0.35,0.35,0.35
18.06,0.35,0.35,0.35,0.35
18.062,0.35,0.35,0.35,0.35
18.064,0.35,0.35,0.35,0.35
18.066,0.35,0.35,0.35,0.35
18.068,0.35,0.35,0.35,0.35
18.07,0.35,0.35,0.35,0.35
18.072,0.35,0.35,0.35,0.35
18.074,0.35,0.35,0.35,0.35
18.076,0.35,0.35,0.35,0.35
18.078,0.35,0.35,0.35,0.35
18.08,0.35,0.35,0.35,0.35
18.082,0.35,0.35,0.35,0.35
18.084,0.35,0.35,0.35,0.35
18.086,0.35,0.35,0.35,0.35
18.088,0.35,0.35,0.35,0.35
18.09,0.35,0.35,0.35,0.35
18.092,0.35,0.35,0.35,0.35
18.094,0.35,0.35,0.35,0.35
18.096,0.35,0.35,0.35,0.35
18.098,0.35,0.35,0.35,0.35
18.1,0.35,0.35,0.35,0.35
18.102,0.35,0.35,0.35,0.35
18.104,0.35,0.35,0.35,0.35
18.106,0.35,0.35,0.35,0.35
18.108,0.35,0.35,0.35,0.35
18.11,0.35,0.35,0.35,0.35
18.112,0.35,0.35,0.35,0.35
18.114,0.35,0.35,0.35,0.35
18.116,0.35,0.35,0.35,0.35
18.118,0.35,0.35,0.35,0.35
18.12,0.35,0.35,0.35,0.35
18.122,0.35,0.35,0.35,0.35
18.124,0.35,0.35,0.35,0.35
18.126,0.35,0.35,0.35,0.35
18.128,0.35,0.35,0.35,0.35
18.13,0.35,0.35,0.35,0.35
18.132,0.35,0.35,0.35,0.35
18.134,0.35,0.35,0.35,0.35
18.136,0.35,0.35,0.35,0.35
18.138,0.35,0.35,0.35,0.35
18.14,0.35,0.35,0.35,0.35
18.142,0.35,0.35,0.35,0.35
18.144,0.35,0.35,0.35,0.35
18.146,0.35,0.35,0.35,0.35
18.148,0.35,0.35,0.35,0.35
18.15,0.35,0.35,0.35,0.35
18.152,0.35,0.35,0.35,0.35
18.154,0.35,0.35,0.35,0.35
18.156,0.35,0.35,0.35,0.35
18.158,0.35,0.35,0.35,0.35
18.16,0.35,0.35,0.35,0.35
18.162,0.35,0.35,0.35,0.35
18.164,0.35,0.35,0.35,0.35
18.166,0.35,0.35,0.35,0.35
18.168,0.35,0.35,0.35,0.35
18.17,0.35,0.35,0.35,0.35
18.172,0.35,0.35,0.35,0.35
18.174,0.35,0.35,0.35,0.35
18.176,0.35,0.35,0.35,0.35
18.178,0.35,0.35,0.35,0.35
18.18,0.35,0.35,0.35,0.35
18.182,0.35,0.35,0.35,0.35
18.184,0.35,0.35,0.35,0.35
18.186,0.35,0.35,0.35,0.35
18.188,0.35,0.35,0.35,0.35
18.19,0.35,0.35,0.35,0.35
18.192,0.35,0.35,0.35,0.35
18.194,0.35,0.35,0.35,0.35
18.196,0.35,0.35,0.35,0.35
18.198,0.35,0.35,0.35,0.35
18.2,0.35,0.35,0.35,0.35
18.202,0.35,0.35,0.35,0.35
18.204,0.35,0.35,0.35,0.35
18.206,0.35,0.35,0.35,0.35
18.208,0.35,0.35,0.35,0.35
18.21,0.35,0.35,0.35,0.35
18.212,0.35,0.35,0.35,0.35
18.214,0.35,0.35,0.35,0.35
18.216,0.35,0.35,0.35,0.35
18.218,0.35,0.35,0.35,0.35
18.22,0.35,0.35,0.35,0.35
18.222,0.35,0.35,0.35,0.35
18.224,0.35,0.35,0.35,0.35
18.226,0.35,0.35,0.35,0.35
18.228,0.35,0.35,0.35,0.35
18.23,0.35,0.35,0.35,0.35
18.232,0.35,0.35,0.35,0.35
18.234,0.35,0.35,0.35,0.35
18.236,0.35,0.35,0.35,0.35
18.238,0.35,0.35,0.35,0.35
18.24,0.35,0.35,0.35,0.35
18.242,0.35,0.35,0.35,0.35
18.244,0.35,0.35,0.35,0.35
18.246,0.35,0.35,0.35,0.35
18.248,0.35,0.35,0.35,0.35
18.25,0.35,0.35,0.35,0.35
18.252,0.35,0.35,0.35,0.35
18.254,0.35,0.35,0.35,0.35
18.256,0.35,0.35,0.35,0.35
18.258,0.35,0.35,0.35,0.35
18.26,0.35,0.35,0.35,0.35
18.262,0.35,0.35,0.35,0.35
18.264,0.35,0.35,0.35,0.35
18.266,0.35,0.35,0.35,0.35
18.268,0.35,0.35,0.35,0.35
18.27,0.35,0.35,0.35,0.35
18.272,0.35,0.35,0.35,0.35
18.274,0.35,0.35,0.35,0.35
18.276,0.35,0.35,0.35,0.35
18.278,0.35,0.35,0.35,0.35
18.28,0.35,0.35,0.35,0.35
18.282,0.35,0.35,0.35,0.35
18.284,0.35,0.35,0.35,0.35
18.286,0.35,0.35,0.35,0.35
18.288,0.35,0.35,0.35,0.35
18.29,0.35,0.35,0.35,0.35
18.292,0.35,0.35,0.35,0.35
18.294,0.35,0.35,0.35,0.35
18.296,0.35,0.35,0.35,0.35
18.298,0.35,0.35,0.35,0.35
18.3,0.35,0.35,0.35,0.35
18.302,0.35,0.35,0.35,0.35
18.304,0.35,0.35,0.35,0.35
18.306,0.35,0.35,0.35,0.35
18.308,0.35,0.35,0.35,0.35
18.31,0.35,0.35,0.35,0.35
18.312,0.35,0.35,0.35,0.35
18.314,0.35,0.35,0.35,0.35
18.316,0.35,0.35,0.35,0.35
18.318,0.35,0.35,0.35,0.35
18.32,0.35,0.35,0.35,0.35
18.322,0.35,0.35,0.35,0.35
18.324,0.35,0.35,0.35,0.35
18.326,0.35,0.35,0.35,0.35
18.328,0.35,0.35,0.35,0.35
18.33,0.35,0.35,0.35,0.35
18.332,0.35,0.35,0.35,0.35
18.334,0.35,0.35,0.35,0.35
18.336,0.35,0.35,0.35,0.35
18.338,0.35,0.35,0.35,0.35
18.34,0.35,0.35,0.35,0.35
18.342,0.35,0.35,0.35,0.35
18.344,0.35,0.35,0.35,0.35
18.346,0.35,0.35,0.35,0.35
18.348,0.35,0.35,0.35,0.35
18.35,0.35,0.35,0.35,0.35
18.352,0.35,0.35,0.35,0.35
18.354,0.35,0.35,0.35,0.35
18.356,0.35,0.35,0.35,0.35
18.358,0.35,0.35,0.35,0.35
18.36,0.35,0.35,0.35,0.35
18.362,0.35,0.35,0.35,0.35
18.364,0.35,0.35,0.35,0.35
18.366,0.35,0.35,0.35,0.35
18.368,0.35,0.35,0.35,0.35
18.37,0.35,0.35,0.35,0.35
18.372,0.35,0.35,0.35,0.35
18.374,0.35,0.35,0.35,0.35
18.376,0.35,0.35,0.35,0.35
18.378,0.35,0.35,0.35,0.35
18.38,0.35,0.35,0.35,0.35
18.382,0.35,0.35,0.35,0.35
18.384,0.35,0.35,0.35,0.35
18.386,0.35,0.35,0.35,0.35
18.388,0.35,0.35,0.35,0.35
18.39,0.35,0.35,0.35,0.35
18.392,0.35,0.35,0.35,0.35
18.394,0.35,0.35,0.35,0.35
18.396,0.35,0.35,0.35,0.35
18.398,0.35,0.35,0.35,0.35
18.4,0.35,0.35,0.35,0.35
18.402,0.35,0.35,0.35,0.35
18.404,0.35,0.35,0.35,0.35
18.406,0.35,0.35,0.35,0.35
18.408,0.35,0.35,0.35,0.35
18.41,0.35,0.35,0.35,0.35
18.412,0.35,0.35,0.35,0.35
18.414,0.35,0.35,0.35,0.35
18.416,0.35,0.35,0.35,0.35
18.418,0.35,0.35,0.35,0.35
18.42,0.35,0.35,0.35,0.35
18.422,0.35,0.35,0.35,0.35
18.424,0.35,0.35,0.35,0.35
18.426,0.35,0.35,0.35,0.35
18.428,0.35,0.35,0.35,0.35
18.43,0.35,0.35,0.35,0.35
18.432,0.35,0.35,0.35,0.35
18.434,0.35,0.35,0.35,0.35
18.436,0.35,0.35,0.35,0.35
18.438,0.35,0.35,0.35,0.35
18.44,0.35,0.35,0.35,0.35
18.442,0.35,0.35,0.35,0.35
18.444,0.35,0.35,0.35,0.35
18.446,0.35,0.35,0.35,0.35
18.448,0.35,0.35,0.35,0.35
18.45,0.35,0.35,0.35,0.35
18.452,0.35,0.35,0.35,0.35
18.454,0.35,0.35,0.35,0.35
18.456,0.35,0.35,0.35,0.35
18.458,0.35,0.35,0.35,0.35
18.46,0.35,0.35,0.35,0.35
18.462,0.35,0.35,0.35,0.35
18.464,0.35,0.35,0.35,0.35
18.466,0.35,0.35,0.35,0.35
18.468,0.35,0.35,0.35,0.35
18.47,0.35,0.35,0.35,0.35
18.472,0.35,0.35,0.35,0.35
18.474,0.35,0.35,0.35,0.35
18.476,0.35,0.35,0.35,0.35
18.478,0.35,0.35,0.35,0.35
18.48,0.35,0.35,0.35,0.35
18.482,0.35,0.35,0.35,0.35
18.484,0.35,0.35,0.35,0.35
18.486,0.35,0.35,0.35,0.35
18.488,0.35,0.35,0.35,0.35
18.49,0.35,0.35,0.35,0.35
18.492,0.35,0.35,0.35,0.35
18.494,0.35,0.35,0.35,0.35
18.496,0.35,0.35,0.35,0.35
18.498,0.35,0.35,0.35,0.35
18.5,0.35,0.35,0.35,0.35
18.502,0.35,0.35,0.35,0.35
18.504,0.35,0.35,0.35,0.35
18.506,0.35,0.35,0.35,0.35
18.508,0.35,0.35,0.35,0.35
18.51,0.35,0.35,0.35,0.35
18.512,0.35,0.35,0.35,0.35
18.514,0.35,0.35,0.35,0.35
18.516,0.35,0.35,0.35,0.35
18.518,0.35,0.35,0.35,0.35
18.52,0.35,0.35,0.35,0.35
18.522,0.35,0.35,0.35,0.35
18.524,0.35,0.35,0.35,0.35
18.526,0.35,0.35,0.35,0.35
18.528,0.35,0.35,0.35,0.35
18.53,0.35,0.35,0.35,0.35
18.532,0.35,0.35,0.35,0.35
18.534,0.35,0.35,0.35,0.35
18.536,0.35,0.35,0.35,0.35
18.538,0.35,0.35,0.35,0.35
18.54,0.35,0.35,0.35,0.35
18.542,0.35,0.35,0.35,0.35
18.544,0.35,0.35,0.35,0.35
18.546,0.35,0.35,0.35,0.35
18.548,0.35,0.35,0.35,0.35
18.55,0.35,0.35,0.35,0.35
18.552,0.35,0.35,0.35,0.35
18.554,0.35,0.35,0.35,0.35
18.556,0.35,0.35,0.35,0.35
18.558,0.35,0.35,0.35,0.35
18.56,0.35,0.35,0.35,0.35
18.562,0.35,0.35,0.35,0.35
18.564,0.35,0.35,0.35,0.35
18.566,0.35,0.35,0.35,0.35
18.568,0.35,0.35,0.35,0.35
18.57,0.35,0.35,0.35,0.35
18.572,0.35,0.35,0.35,0.35
18.574,0.35,0.35,0.35,0.35
18.576,0.35,0.35,0.35,0.35
18.578,0.35,0.35,0.35,0.35
18.58,0.35,0.35,0.35,0.35
18.582,0.35,0.35,0.35,0.35
18.584,0.35,0.35,0.35,0.35
18.586,0.35,0.35,0.35,0.35
18.588,0.35,0.35,0.35,0.35
18.59,0.35,0.35,0.35,0.35
18.592,0.35,0.35,0.35,0.35
18.594,0.35,0.35,0.35,0.35
18.596,0.35,0.35,0.35,0.35
18.598,0.35,0.35,0.35,0.35
18.6,0.35,0.35,0.35,0.35
18.602,0.35,0.35,0.35,0.35
18.604,0.35,0.35,0.35,0.35
18.606,0.35,0.35,0.35,0.35
18.608,0.35,0.35,0.35,0.35
18.61,0.35,0.35,0.35,0.35
18.612,0.35,0.35,0.35,0.35
18.614,0.35,0.35,0.35,0.35
18.616,0.35,0.35,0.35,0.35
18.618,0.35,0.35,0.35,0.35
18.62,0.35,0.35,0.35,0.35
18.622,0.35,0.35,0.35,0.35
18.624,0.35,0.35,0.35,0.35
18.626,0.35,0.35,0.35,0.35
18.628,0.35,0.35,0.35,0.35
18.63,0.35,0.35,0.35,0.35
18.632,0.35,0.35,0.35,0.35
18.634,0.35,0.35,0.35,0.35
18.636,0.35,0.35,0.35,0.35
18.638,0.35,0.35,0.35,0.35
18.64,0.35,0.35,0.35,0.35
18.642,0.35,0.35,0.35,0.35
18.644,0.35,0.35,0.35,0.35
18.646,0.35,0.35,0.35,0.35
18.648,0.35,0.35,0.35,0.35
18.65,0.35,0.35,0.35,0.35
18.652,0.35,0.35,0.35,0.35
18.654,0.35,0.35,0.35,0.35
18.656,0.35,0.35,0.35,0.35
18.658,0.35,0.35,0.35,0.35
18.66,0.35,0.35,0.35,0.35
18.662,0.35,0.35,0.35,0.35
18.664,0.35,0.35,0.35,0.35
18.666,0.35,0.35,0.35,0.35
18.668,0.35,0.35,0.35,0.35
18.67,0.35,0.35,0.35,0.35
18.672,0.35,0.35,0.35,0.35
18.674,0.35,0.35,0.35,0.35
18.676,0.35,0.35,0.35,0.35
18.678,0.35,0.35,0.35,0.35
18.68,0.35,0.35,0.35,0.35
18.682,0.35,0.35,0.35,0.35
18.684,0.35,0.35,0.35,0.35
18.686,0.35,0.35,0.35,0.35
18.688,0.35,0.35,0.35,0.35
18.69,0.35,0.35,0.35,0.35
18.692,0.35,0.35,0.35,0.35
18.694,0.35,0.35,0.35,0.35
18.696,0.35,0.35,0.35,0.35
18.698,0.35,0.35,0.35,0.35
18.7,0.35,0.35,0.35,0.35
18.702,0.35,0.35,0.35,0.35
18.704,0.35,0.35,0.35,0.35
18.706,0.35,0.35,0.35,0.35
18.708,0.35,0.35,0.35,0.35
18.71,0.35,0.35,0.35,0.35
18.712,0.35,0.35,0.35,0.35
18.714,0.35,0.35,0.35,0.35
18.716,0.35,0.35,0.35,0.35
18.718,0.35,0.35,0.35,0.35
18.72,0.35,0.35,0.35,0.35
18.722,0.35,0.35,0.35,0.35
18.724,0.35,0.35,0.35,0.35
18.726,0.35,0.35,0.35,0.35
18.728,0.35,0.35,0.35,0.35
18.73,0.35,0.35,0.35,0.35
18.732,0.35,0.35,0.35,0.35
18.734,0.35,0.35,0.35,0.35
18.736,0.35,0.35,0.35,0.35
18.738,0.35,0.35,0.35,0.35
18.74,0.35,0.35,0.35,0.35
18.742,0.35,0.35,0.35,0.35
18.744,0.35,0.35,0.35,0.35
18.746,0.35,0.35,0.35,0.35
18.748,0.35,0.35,0.35,0.35
18.75,0.35,0.35,0.35,0.35
18.752,0.35,0.35,0.35,0.35
18.754,0.35,0.35,0.35,0.35
18.756,0.35,0.35,0.35,0.35
18.758,0.35,0.35,0.35,0.35
18.76,0.35,0.35,0.35,0.35
18.762,0.35,0.35,0.35,0.35
18.764,0.35,0.35,0.35,0.35
18.766,0.35,0.35,0.35,0.35
18.768,0.35,0.35,0.35,0.35
18.77,0.35,0.35,0.35,0.35
18.772,0.35,0.35,0.35,0.35
18.774,0.35,0.35,0.35,0.35
18.776,0.35,0.35,0.35,0.35
18.778,0.35,0.35,0.35,0.35
18.78,0.35,0.35,0.35,0.35
18.782,0.35,0.35,0.35,0.35
18.784,0.35,0.35,0.35,0.35
18.786,0.35,0.35,0.35,0.35
18.788,0.35,0.35,0.35,0.35
18.79,0.35,0.35,0.35,0.35
18.792,0.35,0.35,0.35,0.35
18.794,0.35,0.35,0.35,0.35
18.796,0.35,0.35,0.35,0.35
18.798,0.35,0.35,0.35,0.35
18.8,0.35,0.35,0.35,0.35
18.802,0.35,0.35,0.35,0.35
18.804,0.35,0.35,0.35,0.35
18.806,0.35,0.35,0.35,0.35
18.808,0.35,0.35,0.35,0.35
18.81,0.35,0.35,0.35,0.35
18.812,0.35,0.35,0.35,0.35
18.814,0.35,0.35,0.35,0.35
18.816,0.35,0.35,0.35,0.35
18.818,0.35,0.35,0.35,0.35
18.82,0.35,0.35,0.35,0.35
18.822,0.35,0.35,0.35,0.35
18.824,0.35,0.35,0.35,0.35
18.826,0.35,0.35,0.35,0.35
18.828,0.35,0.35,0.35,0.35
18.83,0.35,0.35,0.35,0.35
18.832,0.35,0.35,0.35,0.35
18.834,0.35,0.35,0.35,0.35
18.836,0.35,0.35,0.35,0.35
18.838,0.35,0.35,0.35,0.35
18.84,0.35,0.35,0.35,0.35
18.842,0.35,0.35,0.35,0.35
18.844,0.35,0.35,0.35,0.35
18.846,0.35,0.35,0.35,0.35
18.848,0.35,0.35,0.35,0.35
18.85,0.35,0.35,0.35,0.35
18.852,0.35,0.35,0.35,0.35
18.854,0.35,0.35,0.35,0.35
18.856,0.35,0.35,0.35,0.35
18.858,0.35,0.35,0.35,0.35
18.86,0.35,0.35,0.35,0.35
18.862,0.35,0.35,0.35,0.35
18.864,0.35,0.35,0.35,0.35
18.866,0.35,0.35,0.35,0.35
18.868,0.35,0.35,0.35,0.35
18.87,0.35,0.35,0.35,0.35
18.872,0.35,0.35,0.35,0.35
18.874,0.35,0.35,0.35,0.35
18.876,0.35,0.35,0.35,0.35
18.878,0.35,0.35,0.35,0.35
18.88,0.35,0.35,0.35,0.35
18.882,0.35,0.35,0.35,0.35
18.884,0.35,0.35,0.35,0.35
18.886,0.35,0.35,0.35,0.35
18.888,0.35,0.35,0.35,0.35
18.89,0.35,0.35,0.35,0.35
18.892,0.35,0.35,0.35,0.35
18.894,0.35,0.35,0.35,0.35
18.896,0.35,0.35,0.35,0.35
18.898,0.35,0.35,0.35,0.35
18.9,0.35,0.35,0.35,0.35
18.902,0.35,0.35,0.35,0.35
18.904,0.35,0.35,0.35,0.35
18.906,0.35,0.35,0.35,0.35
18.908,0.35,0.35,0.35,0.35
18.91,0.35,0.35,0.35,0.35
18.912,0.35,0.35,0.35,0.35
18.914,0.35,0.35,0.35,0.35
18.916,0.35,0.35,0.35,0.35
18.918,0.35,0.35,0.35,0.35
18.92,0.35,0.35,0.35,0.35
18.922,0.35,0.35,0.35,0.35
18.924,0.35,0.35,0.35,0.35
18.926,0.35,0.35,0.35,0.35
18.928,0.35,0.35,0.35,0.35
18.93,0.35,0.35,0.35,0.35
18.932,0.35,0.35,0.35,0.35
18.934,0.35,0.35,0.35,0.35
18.936,0.35,0.35,0.35,0.35
18.938,0.35,0.35,0.35,0.35
18.94,0.35,0.35,0.35,0.35
18.942,0.35,0.35,0.35,0.35
18.944,0.35,0.35,0.35,0.35
18.946,0.35,0.35,0.35,0.35
18.948,0.35,0.35,0.35,0.35
18.95,0.35,0.35,0.35,0.35
18.952,0.35,0.35,0.35,0.35
18.954,0.35,0.35,0.35,0.35
18.956,0.35,0.35,0.35,0.35
18.958,0.35,0.35,0.35,0.35
18.96,0.35,0.35,0.35,0.35
18.962,0.35,0.35,0.35,0.35
18.964,0.35,0.35,0.35,0.35
18.966,0.35,0.35,0.35,0.35
18.968,0.35,0.35,0.35,0.35
18.97,0.35,0.35,0.35,0.35
18.972,0.35,0.35,0.35,0.35
18.974,0.35,0.35,0.35,0.35
18.976,0.35,0.35,0.35,0.35
18.978,0.35,0.35,0.35,0.35
18.98,0.35,0.35,0.35,0.35
18.982,0.35,0.35,0.35,0.35
18.984,0.35,0.35,0.35,0.35
18.986,0.35,0.35,0.35,0.35
18.988,0.35,0.35,0.35,0.35
18.99,0.35,0.35,0.35,0.35
18.992,0.35,0.35,0.35,0.35
18.994,0.35,0.35,0.35,0.35
18.996,0.35,0.35,0.35,0.35
18.998,0.35,0.35,0.35,0.35
19.0,0.35,0.35,0.35,0.35
19.002,0.35,0.35,0.35,0.35
19.004,0.35,0.35,0.35,0.35
19.006,0.35,0.35,0.35,0.35
19.008,0.35,0.35,0.35,0.35
19.01,0.35,0.35,0.35,0.35
19.012,0.35,0.35,0.35,0.35
19.014,0.35,0.35,0.35,0.35
19.016,0.35,0.35,0.35,0.35
19.018,0.35,0.35,0.35,0.35
19.02,0.35,0.35,0.35,0.35
19.022,0.35,0.35,0.35,0.35
19.024,0.35,0.35,0.35,0.35
19.026,0.35,0.35,0.35,0.35
19.028,0.35,0.35,0.35,0.35
19.03,0.35,0.35,0.35,0.35
19.032,0.35,0.35,0.35,0.35
19.034,0.35,0.35,0.35,0.35
19.036,0.35,0.35,0.35,0.35
19.038,0.35,0.35,0.35,0.35
19.04,0.35,0.35,0.35,0.35
19.042,0.35,0.35,0.35,0.35
19.044,0.35,0.35,0.35,0.35
19.046,0.35,0.35,0.35,0.35
19.048,0.35,0.35,0.35,0.35
19.05,0.35,0.35,0.35,0.35
19.052,0.35,0.35,0.35,0.35
19.054,0.35,0.35,0.35,0.35
19.056,0.35,0.35,0.35,0.35
19.058,0.35,0.35,0.35,0.35
19.06,0.35,0.35,0.35,0.35
19.062,0.35,0.35,0.35,0.35
19.064,0.35,0.35,0.35,0.35
19.066,0.35,0.35,0.35,0.35
19.068,0.35,0.35,0.35,0.35
19.07,0.35,0.35,0.35,0.35
19.072,0.35,0.35,0.35,0.35
19.074,0.35,0.35,0.35,0.35
19.076,0.35,0.35,0.35,0.35
19.078,0.35,0.35,0.35,0.35
19.08,0.35,0.35,0.35,0.35
19.082,0.35,0.35,0.35,0.35
19.084,0.35,0.35,0.35,0.35
19.086,0.35,0.35,0.35,0.35
19.088,0.35,0.35,0.35,0.35
19.09,0.35,0.35,0.35,0.35
19.092,0.35,0.35,0.35,0.35
19.094,0.35,0.35,0.35,0.35
19.096,0.35,0.35,0.35,0.35
19.098,0.35,0.35,0.35,0.35
19.1,0.35,0.35,0.35,0.35
19.102,0.35,0.35,0.35,0.35
19.104,0.35,0.35,0.35,0.35
19.106,0.35,0.35,0.35,0.35
19.108,0.35,0.35,0.35,0.35
19.11,0.35,0.35,0.35,0.35
19.112,0.35,0.35,0.35,0.35
19.114,0.35,0.35,0.35,0.35
19.116,0.35,0.35,0.35,0.35
19.118,0.35,0.35,0.35,0.35
19.12,0.35,0.35,0.35,0.35
19.122,0.35,0.35,0.35,0.35
19.124,0.35,0.35,0.35,0.35
19.126,0.35,0.35,0.35,0.35
19.128,0.35,0.35,0.35,0.35
19.13,0.35,0.35,0.35,0.35
19.132,0.35,0.35,0.35,0.35
19.134,0.35,0.35,0.35,0.35
19.136,0.35,0.35,0.35,0.35
19.138,0.35,0.35,0.35,0.35
19.14,0.35,0.35,0.35,0.35
19.142,0.35,0.35,0.35,0.35
19.144,0.35,0.35,0.35,0.35
19.146,0.35,0.35,0.35,0.35
19.148,0.35,0.35,0.35,0.35
19.15,0.35,0.35,0.35,0.35
19.152,0.35,0.35,0.35,0.35
19.154,0.35,0.35,0.35,0.35
19.156,0.35,0.35,0.35,0.35
19.158,0.35,0.35,0.35,0.35
19.16,0.35,0.35,0.35,0.35
19.162,0.35,0.35,0.35,0.35
19.164,0.35,0.35,0.35,0.35
19.166,0.35,0.35,0.35,0.35
19.168,0.35,0.35,0.35,0.35
19.17,0.35,0.35,0.35,0.35
19.172,0.35,0.35,0.35,0.35
19.174,0.35,0.35,0.35,0.35
19.176,0.35,0.35,0.35,0.35
19.178,0.35,0.35,0.35,0.35
19.18,0.35,0.35,0.35,0.35
19.182,0.35,0.35,0.35,0.35
19.184,0.35,0.35,0.35,0.35
19.186,0.35,0.35,0.35,0.35
19.188,0.35,0.35,0.35,0.35
19.19,0.35,0.35,0.35,0.35
19.192,0.35,0.35,0.35,0.35
19.194,0.35,0.35,0.35,0.35
19.196,0.35,0.35,0.35,0.35
19.198,0.35,0.35,0.35,0.35
19.2,0.35,0.35,0.35,0.35
19.202,0.35,0.35,0.35,0.35
19.204,0.35,0.35,0.35,0.35
19.206,0.35,0.35,0.35,0.35
19.208,0.35,0.35,0.35,0.35
19.21,0.35,0.35,0.35,0.35
19.212,0.35,0.35,0.35,0.35
19.214,0.35,0.35,0.35,0.35
19.216,0.35,0.35,0.35,0.35
19.218,0.35,0.35,0.35,0.35
19.22,0.35,0.35,0.35,0.35
19.222,0.35,0.35,0.35,0.35
19.224,0.35,0.35,0.35,0.35
19.226,0.35,0.35,0.35,0.35
19.228,0.35,0.35,0.35,0.35
19.23,0.35,0.35,0.35,0.35
19.232,0.35,0.35,0.35,0.35
19.234,0.35,0.35,0.35,0.35
19.236,0.35,0.35,0.35,0.35
19.238,0.35,0.35,0.35,0.35
19.24,0.35,0.35,0.35,0.35
19.242,0.35,0.35,0.35,0.35
19.244,0.35,0.35,0.35,0.35
19.246,0.35,0.35,0.35,0.35
19.248,0.35,0.35,0.35,0.35
19.25,0.35,0.35,0.35,0.35
19.252,0.35,0.35,0.35,0.35
19.254,0.35,0.35,0.35,0.35
19.256,0.35,0.35,0.35,0.35
19.258,0.35,0.35,0.35,0.35
19.26,0.35,0.35,0.35,0.35
19.262,0.35,0.35,0.35,0.35
19.264,0.35,0.35,0.35,0.35
19.266,0.35,0.35,0.35,0.35
19.268,0.35,0.35,0.35,0.35
19.27,0.35,0.35,0.35,0.35
19.272,0.35,0.35,0.35,0.35
19.274,0.35,0.35,0.35,0.35
19.276,0.35,0.35,0.35,0.35
19.278,0.35,0.35,0.35,0.35
19.28,0.35,0.35,0.35,0.35
19.282,0.35,0.35,0.35,0.35
19.284,0.35,0.35,0.35,0.35
19.286,0.35,0.35,0.35,0.35
19.288,0.35,0.35,0.35,0.35
19.29,0.35,0.35,0.35,0.35
19.292,0.35,0.35,0.35,0.35
19.294,0.35,0.35,0.35,0.35
19.296,0.35,0.35,0.35,0.35
19.298,0.35,0.35,0.35,0.35
19.3,0.35,0.35,0.35,0.35
19.302,0.35,0.35,0.35,0.35
19.304,0.35,0.35,0.35,0.35
19.306,0.35,0.35,0.35,0.35
19.308,0.35,0.35,0.35,0.35
19.31,0.35,0.35,0.35,0.35
19.312,0.35,0.35,0.35,0.35
19.314,0.35,0.35,0.35,0.35
19.316,0.35,0.35,0.35,0.35
19.318,0.35,0.35,0.35,0.35
19.32,0.35,0.35,0.35,0.35
19.322,0.35,0.35,0.35,0.35
19.324,0.35,0.35,0.35,0.35
19.326,0.35,0.35,0.35,0.35
19.328,0.35,0.35,0.35,0.35
19.33,0.35,0.35,0.35,0.35
19.332,0.35,0.35,0.35,0.35
19.334,0.35,0.35,0.35,0.35
19.336,0.35,0.35,0.35,0.35
19.338,0.35,0.35,0.35,0.35
19.34,0.35,0.35,0.35,0.35
19.342,0.35,0.35,0.35,0.35
19.344,0.35,0.35,0.35,0.35
19.346,0.35,0.35,0.35,0.35
19.348,0.35,0.35,0.35,0.35
19.35,0.35,0.35,0.35,0.35
19.352,0.35,0.35,0.35,0.35
19.354,0.35,0.35,0.35,0.35
19.356,0.35,0.35,0.35,0.35
19.358,0.35,0.35,0.35,0.35
19.36,0.35,0.35,0.35,0.35
19.362,0.35,0.35,0.35,0.35
19.364,0.35,0.35,0.35,0.35
19.366,0.35,0.35,0.35,0.35
19.368,0.35,0.35,0.35,0.35
19.37,0.35,0.35,0.35,0.35
19.372,0.35,0.35,0.35,0.35
19.374,0.35,0.35,0.35,0.35
19.376,0.35,0.35,0.35,0.35
19.378,0.35,0.35,0.35,0.35
19.38,0.35,0.35,0.35,0.35
19.382,0.35,0.35,0.35,0.35
19.384,0.35,0.35,0.35,0.35
19.386,0.35,0.35,0.35,0.35
19.388,0.35,0.35,0.35,0.35
19.39,0.35,0.35,0.35,0.35
19.392,0.35,0.35,0.35,0.35
19.394,0.35,0.35,0.35,0.35
19.396,0.35,0.35,0.35,0.35
19.398,0.35,0.35,0.35,0.35
19.4,0.35,0.35,0.35,0.35
19.402,0.35,0.35,0.35,0.35
19.404,0.35,0.35,0.35,0.35
19.406,0.35,0.35,0.35,0.35
19.408,0.35,0.35,0.35,0.35
19.41,0.35,0.35,0.35,0.35
19.412,0.35,0.35,0.35,0.35
19.414,0.35,0.35,0.35,0.35
19.416,0.35,0.35,0.35,0.35
19.418,0.35,0.35,0.35,0.35
19.42,0.35,0.35,0.35,0.35
19.422,0.35,0.35,0.35,0.35
19.424,0.35,0.35,0.35,0.35
19.426,0.35,0.35,0.35,0.35
19.428,0.35,0.35,0.35,0.35
19.43,0.35,0.35,0.35,0.35
19.432,0.35,0.35,0.35,0.35
19.434,0.35,0.35,0.35,0.35
19.436,0.35,0.35,0.35,0.35
19.438,0.35,0.35,0.35,0.35
19.44,0.35,0.35,0.35,0.35
19.442,0.35,0.35,0.35,0.35
19.444,0.35,0.35,0.35,0.35
19.446,0.35,0.35,0.35,0.35
19.448,0.35,0.35,0.35,0.35
19.45,0.35,0.35,0.35,0.35
19.452,0.35,0.35,0.35,0.35
19.454,0.35,0.35,0.35,0.35
19.456,0.35,0.35,0.35,0.35
19.458,0.35,0.35,0.35,0.35
19.46,0.35,0.35,0.35,0.35
19.462,0.35,0.35,0.35,0.35
19.464,0.35,0.35,0.35,0.35
19.466,0.35,0.35,0.35,0.35
19.468,0.35,0.35,0.35,0.35
19.47,0.35,0.35,0.35,0.35
19.472,0.35,0.35,0.35,0.35
19.474,0.35,0.35,0.35,0.35
19.476,0.35,0.35,0.35,0.35
19.478,0.35,0.35,0.35,0.35
19.48,0.35,0.35,0.35,0.35
19.482,0.35,0.35,0.35,0.35
19.484,0.35,0.35,0.35,0.35
19.486,0.35,0.35,0.35,0.35
19.488,0.35,0.35,0.35,0.35
19.49,0.35,0.35,0.35,0.35
19.492,0.35,0.35,0.35,0.35
19.494,0.35,0.35,0.35,0.35
19.496,0.35,0.35,0.35,0.35
19.498,0.35,0.35,0.35,0.35
19.5,0.35,0.35,0.35,0.35
19.502,0.35,0.35,0.35,0.35
19.504,0.35,0.35,0.35,0.35
19.506,0.35,0.35,0.35,0.35
19.508,0.35,0.35,0.35,0.35
19.51,0.35,0.35,0.35,0.35
19.512,0.35,0.35,0.35,0.35
19.514,0.35,0.35,0.35,0.35
19.516,0.35,0.35,0.35,0.35
19.518,0.35,0.35,0.35,0.35
19.52,0.35,0.35,0.35,0.35
19.522,0.35,0.35,0.35,0.35
19.524,0.35,0.35,0.35,0.35
19.526,0.35,0.35,0.35,0.35
19.528,0.35,0.35,0.35,0.35
19.53,0.35,0.35,0.35,0.35
19.532,0.35,0.35,0.35,0.35
19.534,0.35,0.35,0.35,0.35
19.536,0.35,0.35,0.35,0.35
19.538,0.35,0.35,0.35,0.35
19.54,0.35,0.35,0.35,0.35
19.542,0.35,0.35,0.35,0.35
19.544,0.35,0.35,0.35,0.35
19.546,0.35,0.35,0.35,0.35
19.548,0.35,0.35,0.35,0.35
19.55,0.35,0.35,0.35,0.35
19.552,0.35,0.35,0.35,0.35
19.554,0.35,0.35,0.35,0.35
19.556,0.35,0.35,0.35,0.35
19.558,0.35,0.35,0.35,0.35
19.56,0.35,0.35,0.35,0.35
19.562,0.35,0.35,0.35,0.35
19.564,0.35,0.35,0.35,0.35
19.566,0.35,0.35,0.35,0.35
19.568,0.35,0.35,0.35,0.35
19.57,0.35,0.35,0.35,0.35
19.572,0.35,0.35,0.35,0.35
19.574,0.35,0.35,0.35,0.35
19.576,0.35,0.35,0.35,0.35
19.578,0.35,0.35,0.35,0.35
19.58,0.35,0.35,0.35,0.35
19.582,0.35,0.35,0.35,0.35
19.584,0.35,0.35,0.35,0.35
19.586,0.35,0.35,0.35,0.35
19.588,0.35,0.35,0.35,0.35
19.59,0.35,0.35,0.35,0.35
19.592,0.35,0.35,0.35,0.35
19.594,0.35,0.35,0.35,0.35
19.596,0.35,0.35,0.35,0.35
19.598,0.35,0.35,0.35,0.35
19.6,0.35,0.35,0.35,0.35
19.602,0.35,0.35,0.35,0.35
19.604,0.35,0.35,0.35,0.35
19.606,0.35,0.35,0.35,0.35
19.608,0.35,0.35,0.35,0.35
19.61,0.35,0.35,0.35,0.35
19.612,0.35,0.35,0.35,0.35
19.614,0.35,0.35,0.35,0.35
19.616,0.35,0.35,0.35,0.35
19.618,0.35,0.35,0.35,0.35
19.62,0.35,0.35,0.35,0.35
19.622,0.35,0.35,0.35,0.35
19.624,0.35,0.35,0.35,0.35
19.626,0.35,0.35,0.35,0.35
19.628,0.35,0.35,0.35,0.35
19.63,0.35,0.35,0.35,0.35
19.632,0.35,0.35,0.35,0.35
19.634,0.35,0.35,0.35,0.35
19.636,0.35,0.35,0.35,0.35
19.638,0.35,0.35,0.35,0.35
19.64,0.35,0.35,0.35,0.35
19.642,0.35,0.35,0.35,0.35
19.644,0.35,0.35,0.35,0.35
19.646,0.35,0.35,0.35,0.35
19.648,0.35,0.35,0.35,0.35
19.65,0.35,0.35,0.35,0.35
19.652,0.35,0.35,0.35,0.35
19.654,0.35,0.35,0.35,0.35
19.656,0.35,0.35,0.35,0.35
19.658,0.35,0.35,0.35,0.35
19.66,0.35,0.35,0.35,0.35
19.662,0.35,0.35,0.35,0.35
19.664,0.35,0.35,0.35,0.35
19.666,0.35,0.35,0.35,0.35
19.668,0.35,0.35,0.35,0.35
19.67,0.35,0.35,0.35,0.35
19.672,0.35,0.35,0.35,0.35
19.674,0.35,0.35,0.35,0.35
19.676,0.35,0.35,0.35,0.35
19.678,0.35,0.35,0.35,0.35
19.68,0.35,0.35,0.35,0.35
19.682,0.35,0.35,0.35,0.35
19.684,0.35,0.35,0.35,0.35
19.686,0.35,0.35,0.35,0.35
19.688,0.35,0.35,0.35,0.35
19.69,0.35,0.35,0.35,0.35
19.692,0.35,0.35,0.35,0.35
19.694,0.35,0.35,0.35,0.35
19.696,0.35,0.35,0.35,0.35
19.698,0.35,0.35,0.35,0.35
19.7,0.35,0.35,0.35,0.35
19.702,0.35,0.35,0.35,0.35
19.704,0.35,0.35,0.35,0.35
19.706,0.35,0.35,0.35,0.35
19.708,0.35,0.35,0.35,0.35
19.71,0.35,0.35,0.35,0.35
19.712,0.35,0.35,0.35,0.35
19.714,0.35,0.35,0.35,0.35
19.716,0.35,0.35,0.35,0.35
19.718,0.35,0.35,0.35,0.35
19.72,0.35,0.35,0.35,0.35
19.722,0.35,0.35,0.35,0.35
19.724,0.35,0.35,0.35,0.35
19.726,0.35,0.35,0.35,0.35
19.728,0.35,0.35,0.35,0.35
19.73,0.35,0.35,0.35,0.35
19.732,0.35,0.35,0.35,0.35
19.734,0.35,0.35,0.35,0.35
19.736,0.35,0.35,0.35,0.35
19.738,0.35,0.35,0.35,0.35
19.74,0.35,0.35,0.35,0.35
19.742,0.35,0.35,0.35,0.35
19.744,0.35,0.35,0.35,0.35
19.746,0.35,0.35,0.35,0.35
19.748,0.35,0.35,0.35,0.35
19.75,0.35,0.35,0.35,0.35
19.752,0.35,0.35,0.35,0.35
19.754,0.35,0.35,0.35,0.35
19.756,0.35,0.35,0.35,0.35
19.758,0.35,0.35,0.35,0.35
19.76,0.35,0.35,0.35,0.35
19.762,0.35,0.35,0.35,0.35
19.764,0.35,0.35,0.35,0.35
19.766,0.35,0.35,0.35,0.35
19.768,0.35,0.35,0.35,0.35
19.77,0.35,0.35,0.35,0.35
19.772,0.35,0.35,0.35,0.35
19.774,0.35,0.35,0.35,0.35
19.776,0.35,0.35,0.35,0.35
19.778,0.35,0.35,0.35,0.35
19.78,0.35,0.35,0.35,0.35
19.782,0.35,0.35,0.35,0.35
19.784,0.35,0.35,0.35,0.35
19.786,0.35,0.35,0.35,0.35
19.788,0.35,0.35,0.35,0.35
19.79,0.35,0.35,0.35,0.35
19.792,0.35,0.35,0.35,0.35
19.794,0.35,0.35,0.35,0.35
19.796,0.35,0.35,0.35,0.35
19.798,0.35,0.35,0.35,0.35
19.8,0.35,0.35,0.35,0.35
19.802,0.35,0.35,0.35,0.35
19.804,0.35,0.35,0.35,0.35
19.806,0.35,0.35,0.35,0.35
19.808,0.35,0.35,0.35,0.35
19.81,0.35,0.35,0.35,0.35
19.812,0.35,0.35,0.35,0.35
19.814,0.35,0.35,0.35,0.35
19.816,0.35,0.35,0.35,0.35
19.818,0.35,0.35,0.35,0.35
19.82,0.35,0.35,0.35,0.35
19.822,0.35,0.35,0.35,0.35
19.824,0.35,0.35,0.35,0.35
19.826,0.35,0.35,0.35,0.35
19.828,0.35,0.35,0.35,0.35
19.83,0.35,0.35,0.35,0.35
19.832,0.35,0.35,0.35,0.35
19.834,0.35,0.35,0.35,0.35
19.836,0.35,0.35,0.35,0.35
19.838,0.35,0.35,0.35,0.35
19.84,0.35,0.35,0.35,0.35
19.842,0.35,0.35,0.35,0.35
19.844,0.35,0.35,0.35,0.35
19.846,0.35,0.35,0.35,0.35
19.848,0.35,0.35,0.35,0.35
19.85,0.35,0.35,0.35,0.35
19.852,0.35,0.35,0.35,0.35
19.854,0.35,0.35,0.35,0.35
19.856,0.35,0.35,0.35,0.35
19.858,0.35,0.35,0.35,0.35
19.86,0.35,0.35,0.35,0.35
19.862,0.35,0.35,0.35,0.35
19.864,0.35,0.35,0.35,0.35
19.866,0.35,0.35,0.35,0.35
19.868,0.35,0.35,0.35,0.35
19.87,0.35,0.35,0.35,0.35
19.872,0.35,0.35,0.35,0.35
19.874,0.35,0.35,0.35,0.35
19.876,0.35,0.35,0.35,0.35
19.878,0.35,0.35,0.35,0.35
19.88,0.35,0.35,0.35,0.35
19.882,0.35,0.35,0.35,0.35
19.884,0.35,0.35,0.35,0.35
19.886,0.35,0.35,0.35,0.35
19.888,0.35,0.35,0.35,0.35
19.89,0.35,0.35,0.35,0.35
19.892,0.35,0.35,0.35,0.35
19.894,0.35,0.35,0.35,0.35
19.896,0.35,0.35,0.35,0.35
19.898,0.35,0.35,0.35,0.35
19.9,0.35,0.35,0.35,0.35
19.902,0.35,0.35,0.35,0.35
19.904,0.35,0.35,0.35,0.35
19.906,0.35,0.35,0.35,0.35
19.908,0.35,0.35,0.35,0.35
19.91,0.35,0.35,0.35,0.35
19.912,0.35,0.35,0.35,0.35
19.914,0.35,0.35,0.35,0.35
19.916,0.35,0.35,0.35,0.35
19.918,0.35,0.35,0.35,0.35
19.92,0.35,0.35,0.35,0.35
19.922,0.35,0.35,0.35,0.35
19.924,0.35,0.35,0.35,0.35
19.926,0.35,0.35,0.35,0.35
19.928,0.35,0.35,0.35,0.35
19.93,0.35,0.35,0.35,0.35
19.932,0.35,0.35,0.35,0.35
19.934,0.35,0.35,0.35,0.35
19.936,0.35,0.35,0.35,0.35
19.938,0.35,0.35,0.35,0.35
19.94,0.35,0.35,0.35,0.35
19.942,0.35,0.35,0.35,0.35
19.944,0.35,0.35,0.35,0.35
19.946,0.35,0.35,0.35,0.35
19.948,0.35,0.35,0.35,0.35
19.95,0.35,0.35,0.35,0.35
19.952,0.35,0.35,0.35,0.35
19.954,0.35,0.35,0.35,0.35
19.956,0.35,0.35,0.35,0.35
19.958,0.35,0.35,0.35,0.35
19.96,0.35,0.35,0.35,0.35
19.962,0.35,0.35,0.35,0.35
19.964,0.35,0.35,0.35,0.35
19.966,0.35,0.35,0.35,0.35
19.968,0.35,0.35,0.35,0.35
19.97,0.35,0.35,0.35,0.35
19.972,0.35,0.35,0.35,0.35
19.974,0.35,0.35,0.35,0.35
19.976,0.35,0.35,0.35,0.35
19.978,0.35,0.35,0.35,0.35
19.98,0.35,0.35,0.35,0.35
19.982,0.35,0.35,0.35,0.35
19.984,0.35,0.35,0.35,0.35
19.986,0.35,0.35,0.35,0.35
19.988,0.35,0.35,0.35,0.35
19.99,0.35,0.35,0.35,0.35
19.992,0.35,0.35,0.35,0.35
19.994,0.35,0.35,0.35,0.35
19.996,0.35,0.35,0.35,0.35
19.998,0.35,0.35,0.35,0.35
